order_id,customer_id,product_id,quantity,order_amount,order_status,order_date
1,594,2,1,1999.00,COMPLETED,2026-07-08 14:54:00
2,146,14,1,1199.00,COMPLETED,2026-07-20 21:28:00
3,688,1,1,1499.00,COMPLETED,2026-06-28 14:43:00
4,674,6,1,3499.00,COMPLETED,2026-07-22 12:32:00
5,796,8,1,5999.00,COMPLETED,2026-07-25 14:00:00
6,503,6,2,6998.00,COMPLETED,2026-06-02 09:43:00
7,425,9,2,3598.00,REFUNDED,2026-05-31 12:43:00
8,178,7,1,4999.00,COMPLETED,2026-06-20 08:17:00
9,225,18,1,2599.00,COMPLETED,2026-07-15 16:32:00
10,424,2,1,1999.00,COMPLETED,2026-05-15 14:11:00
11,578,3,1,2999.00,COMPLETED,2026-07-13 18:43:00
12,518,17,1,2099.00,COMPLETED,2026-04-28 09:45:00
13,235,20,2,1998.00,COMPLETED,2026-06-12 21:11:00
14,711,15,1,1599.00,COMPLETED,2026-02-25 18:40:00
15,687,17,3,6297.00,COMPLETED,2026-05-19 08:57:00
16,926,20,3,2997.00,CANCELLED,2026-03-15 14:34:00
17,121,2,1,1999.00,COMPLETED,2026-07-15 20:34:00
18,501,17,1,2099.00,COMPLETED,2026-08-11 16:29:00
19,703,6,2,6998.00,COMPLETED,2026-07-19 10:34:00
20,864,7,1,4999.00,PENDING,2026-06-25 10:06:00
21,208,20,1,999.00,COMPLETED,2026-03-05 16:51:00
22,74,17,4,8396.00,COMPLETED,2026-04-08 17:08:00
23,96,16,2,3998.00,COMPLETED,2026-08-08 14:48:00
24,118,4,1,999.00,COMPLETED,2026-06-27 20:02:00
25,317,12,1,4499.00,COMPLETED,2026-08-08 12:29:00
26,701,11,1,899.00,COMPLETED,2026-05-14 12:31:00
27,27,16,1,1999.00,REFUNDED,2026-02-09 19:22:00
28,397,16,1,1999.00,CANCELLED,2026-01-19 18:09:00
29,244,12,2,8998.00,CANCELLED,2026-08-02 21:09:00
30,702,1,3,4497.00,COMPLETED,2026-01-03 18:37:00
31,39,18,3,7797.00,COMPLETED,2026-01-15 14:46:00
32,119,3,2,5998.00,COMPLETED,2026-05-31 08:46:00
33,141,7,1,4999.00,COMPLETED,2026-01-07 17:40:00
34,518,14,2,2398.00,COMPLETED,2026-04-27 16:06:00
35,649,13,1,5499.00,COMPLETED,2026-06-13 15:40:00
36,342,16,4,7996.00,COMPLETED,2026-02-15 09:41:00
37,502,4,2,1998.00,COMPLETED,2026-05-03 12:12:00
38,636,8,1,5999.00,COMPLETED,2026-02-11 14:20:00
39,374,15,1,1599.00,PENDING,2026-06-26 16:42:00
40,528,8,1,5999.00,COMPLETED,2026-07-31 12:36:00
41,894,2,1,1999.00,COMPLETED,2026-06-17 12:11:00
42,116,7,1,4999.00,PENDING,2026-01-30 12:11:00
43,644,19,2,2798.00,CANCELLED,2026-02-10 09:15:00
44,207,12,2,8998.00,COMPLETED,2026-08-31 09:51:00
45,381,18,1,2599.00,COMPLETED,2026-02-26 17:11:00
46,274,6,1,3499.00,COMPLETED,2026-01-07 17:18:00
47,774,7,2,9998.00,COMPLETED,2026-01-17 15:32:00
48,698,3,2,5998.00,COMPLETED,2026-03-14 16:09:00
49,280,9,2,3598.00,COMPLETED,2026-01-22 20:57:00
50,398,10,2,2598.00,COMPLETED,2026-04-14 09:01:00
51,412,1,3,4497.00,COMPLETED,2026-02-16 17:35:00
52,744,14,3,3597.00,COMPLETED,2026-02-18 11:22:00
53,871,3,1,2999.00,COMPLETED,2026-02-13 10:06:00
54,386,17,3,6297.00,COMPLETED,2026-06-29 13:04:00
55,380,20,1,999.00,COMPLETED,2026-05-09 18:50:00
56,897,20,2,1998.00,COMPLETED,2026-07-22 15:15:00
57,407,12,1,4499.00,COMPLETED,2026-05-07 18:10:00
58,886,2,1,1999.00,COMPLETED,2026-04-19 08:46:00
59,582,15,3,4797.00,COMPLETED,2026-02-14 11:52:00
60,517,10,1,1299.00,CANCELLED,2026-05-04 18:20:00
61,514,19,4,5596.00,COMPLETED,2026-01-11 15:22:00
62,144,3,1,2999.00,COMPLETED,2026-03-07 11:35:00
63,18,16,2,3998.00,COMPLETED,2026-02-16 08:32:00
64,443,9,1,1799.00,COMPLETED,2026-06-06 13:02:00
65,697,3,1,2999.00,CANCELLED,2026-01-31 14:53:00
66,585,13,1,5499.00,COMPLETED,2026-06-12 12:42:00
67,160,1,1,1499.00,COMPLETED,2026-01-16 13:15:00
68,341,12,2,8998.00,CANCELLED,2026-08-15 18:55:00
69,55,15,1,1599.00,COMPLETED,2026-05-20 09:01:00
70,544,19,1,1399.00,COMPLETED,2026-01-06 15:00:00
71,640,5,1,2499.00,CANCELLED,2026-08-05 17:50:00
72,489,10,1,1299.00,CANCELLED,2026-01-29 20:49:00
73,395,16,1,1999.00,COMPLETED,2026-07-11 13:58:00
74,32,5,1,2499.00,COMPLETED,2026-05-25 12:33:00
75,345,17,1,2099.00,COMPLETED,2026-07-13 11:27:00
76,910,1,3,4497.00,COMPLETED,2026-04-12 08:40:00
77,465,4,3,2997.00,COMPLETED,2026-08-28 20:47:00
78,967,15,1,1599.00,COMPLETED,2026-05-04 13:30:00
79,346,15,1,1599.00,REFUNDED,2026-06-29 20:25:00
80,744,3,3,8997.00,COMPLETED,2026-06-30 08:57:00
81,888,20,1,999.00,COMPLETED,2026-07-19 18:14:00
82,441,5,1,2499.00,COMPLETED,2026-01-22 17:54:00
83,932,8,2,11998.00,COMPLETED,2026-08-03 19:47:00
84,995,19,2,2798.00,COMPLETED,2026-04-24 14:56:00
85,489,12,3,13497.00,COMPLETED,2026-05-12 19:55:00
86,455,5,1,2499.00,COMPLETED,2026-02-02 17:35:00
87,35,12,1,4499.00,COMPLETED,2026-04-11 18:10:00
88,5,7,1,4999.00,COMPLETED,2026-03-07 14:10:00
89,502,7,1,4999.00,COMPLETED,2026-06-01 12:03:00
90,244,9,1,1799.00,COMPLETED,2026-02-03 14:11:00
91,742,19,1,1399.00,COMPLETED,2026-06-02 09:12:00
92,654,15,2,3198.00,REFUNDED,2026-06-22 09:18:00
93,487,9,1,1799.00,COMPLETED,2026-06-12 14:42:00
94,627,4,1,999.00,CANCELLED,2026-02-28 17:14:00
95,752,7,1,4999.00,CANCELLED,2026-05-24 12:45:00
96,445,6,2,6998.00,COMPLETED,2026-08-23 10:24:00
97,507,19,1,1399.00,COMPLETED,2026-08-22 18:28:00
98,971,2,1,1999.00,COMPLETED,2026-05-12 14:11:00
99,159,1,1,1499.00,COMPLETED,2026-02-07 18:43:00
100,272,15,1,1599.00,COMPLETED,2026-01-28 11:38:00
101,279,14,1,1199.00,COMPLETED,2026-02-16 08:59:00
102,425,2,1,1999.00,COMPLETED,2026-04-19 19:40:00
103,175,4,1,999.00,COMPLETED,2026-03-16 10:07:00
104,404,5,3,7497.00,COMPLETED,2026-06-27 10:06:00
105,787,4,3,2997.00,COMPLETED,2026-05-05 08:55:00
106,96,8,2,11998.00,COMPLETED,2026-07-07 18:49:00
107,508,7,2,9998.00,COMPLETED,2026-07-11 15:16:00
108,328,13,1,5499.00,COMPLETED,2026-03-13 17:31:00
109,486,4,1,999.00,COMPLETED,2026-03-03 15:21:00
110,187,4,2,1998.00,COMPLETED,2026-02-06 08:15:00
111,844,1,1,1499.00,REFUNDED,2026-04-23 18:04:00
112,374,9,1,1799.00,COMPLETED,2026-02-10 18:52:00
113,566,10,1,1299.00,COMPLETED,2026-02-17 09:30:00
114,349,17,1,2099.00,COMPLETED,2026-08-14 15:27:00
115,255,16,3,5997.00,COMPLETED,2026-01-05 21:06:00
116,576,10,4,5196.00,CANCELLED,2026-06-19 10:50:00
117,14,20,2,1998.00,COMPLETED,2026-08-21 20:10:00
118,287,16,1,1999.00,COMPLETED,2026-04-08 15:11:00
119,462,7,1,4999.00,CANCELLED,2026-01-12 08:31:00
120,132,6,1,3499.00,COMPLETED,2026-06-17 17:08:00
121,132,5,1,2499.00,COMPLETED,2026-03-27 15:54:00
122,198,10,2,2598.00,COMPLETED,2026-02-25 12:03:00
123,874,8,1,5999.00,COMPLETED,2026-01-30 10:56:00
124,84,8,1,5999.00,COMPLETED,2026-06-06 10:55:00
125,534,5,3,7497.00,PENDING,2026-04-17 11:41:00
126,905,7,3,14997.00,COMPLETED,2026-06-14 20:02:00
127,939,8,1,5999.00,COMPLETED,2026-03-01 14:44:00
128,150,17,1,2099.00,COMPLETED,2026-07-14 12:25:00
129,519,20,1,999.00,CANCELLED,2026-05-10 12:21:00
130,51,16,4,7996.00,COMPLETED,2026-04-18 14:54:00
131,434,11,1,899.00,COMPLETED,2026-01-16 10:38:00
132,991,19,2,2798.00,COMPLETED,2026-08-27 19:32:00
133,569,19,2,2798.00,COMPLETED,2026-01-21 15:28:00
134,488,10,1,1299.00,COMPLETED,2026-02-24 10:41:00
135,780,18,1,2599.00,COMPLETED,2026-02-10 13:03:00
136,110,12,1,4499.00,COMPLETED,2026-01-25 08:27:00
137,639,4,1,999.00,COMPLETED,2026-04-30 13:27:00
138,485,12,4,17996.00,COMPLETED,2026-06-01 14:17:00
139,522,3,1,2999.00,COMPLETED,2026-04-06 09:09:00
140,989,18,3,7797.00,COMPLETED,2026-07-18 09:19:00
141,458,12,1,4499.00,CANCELLED,2026-06-30 15:04:00
142,525,12,1,4499.00,COMPLETED,2026-08-26 20:13:00
143,655,17,4,8396.00,COMPLETED,2026-01-13 08:44:00
144,963,12,1,4499.00,COMPLETED,2026-06-19 21:34:00
145,877,20,1,999.00,COMPLETED,2026-08-30 11:10:00
146,21,6,1,3499.00,COMPLETED,2026-08-19 11:34:00
147,27,18,2,5198.00,COMPLETED,2026-03-30 10:02:00
148,419,11,1,899.00,COMPLETED,2026-03-24 08:04:00
149,182,16,1,1999.00,COMPLETED,2026-01-24 12:43:00
150,597,20,1,999.00,COMPLETED,2026-03-23 17:18:00
151,976,19,1,1399.00,COMPLETED,2026-04-08 15:21:00
152,860,11,1,899.00,COMPLETED,2026-02-04 17:47:00
153,425,11,1,899.00,COMPLETED,2026-03-31 13:20:00
154,689,2,1,1999.00,COMPLETED,2026-06-05 15:28:00
155,670,1,1,1499.00,COMPLETED,2026-03-23 19:01:00
156,723,16,1,1999.00,COMPLETED,2026-04-17 14:06:00
157,741,14,2,2398.00,COMPLETED,2026-01-06 16:33:00
158,111,16,1,1999.00,COMPLETED,2026-01-27 18:33:00
159,623,20,2,1998.00,COMPLETED,2026-07-26 15:56:00
160,870,5,1,2499.00,PENDING,2026-02-06 09:46:00
161,537,1,2,2998.00,COMPLETED,2026-08-05 18:37:00
162,985,13,1,5499.00,COMPLETED,2026-02-20 10:52:00
163,206,7,1,4999.00,COMPLETED,2026-06-20 17:03:00
164,748,10,1,1299.00,COMPLETED,2026-02-17 13:08:00
165,607,4,1,999.00,COMPLETED,2026-07-13 15:14:00
166,79,15,1,1599.00,COMPLETED,2026-01-31 21:39:00
167,328,17,1,2099.00,COMPLETED,2026-06-30 14:37:00
168,107,15,1,1599.00,COMPLETED,2026-06-12 16:51:00
169,215,1,1,1499.00,COMPLETED,2026-07-24 15:28:00
170,382,15,1,1599.00,COMPLETED,2026-05-29 19:00:00
171,68,17,1,2099.00,COMPLETED,2026-07-10 20:18:00
172,990,1,1,1499.00,COMPLETED,2026-01-14 08:03:00
173,388,16,1,1999.00,CANCELLED,2026-06-05 19:15:00
174,212,8,1,5999.00,COMPLETED,2026-01-05 13:29:00
175,187,19,1,1399.00,COMPLETED,2026-06-03 09:54:00
176,227,3,3,8997.00,CANCELLED,2026-04-09 18:04:00
177,658,3,2,5998.00,COMPLETED,2026-07-03 08:20:00
178,369,14,3,3597.00,COMPLETED,2026-08-26 16:22:00
179,149,4,1,999.00,COMPLETED,2026-06-03 09:45:00
180,137,6,1,3499.00,COMPLETED,2026-01-24 08:10:00
181,621,7,1,4999.00,CANCELLED,2026-03-14 11:06:00
182,369,20,1,999.00,COMPLETED,2026-07-25 12:56:00
183,881,5,1,2499.00,COMPLETED,2026-05-03 19:37:00
184,674,5,3,7497.00,COMPLETED,2026-05-06 14:29:00
185,59,20,1,999.00,COMPLETED,2026-05-03 10:56:00
186,274,7,2,9998.00,COMPLETED,2026-05-18 15:30:00
187,934,19,1,1399.00,COMPLETED,2026-05-17 19:15:00
188,76,10,2,2598.00,COMPLETED,2026-01-27 17:12:00
189,732,20,4,3996.00,COMPLETED,2026-03-01 15:02:00
190,546,12,1,4499.00,COMPLETED,2026-06-13 13:40:00
191,780,20,1,999.00,COMPLETED,2026-08-27 18:02:00
192,642,11,2,1798.00,COMPLETED,2026-05-18 09:46:00
193,544,5,4,9996.00,COMPLETED,2026-03-10 11:07:00
194,355,10,1,1299.00,COMPLETED,2026-05-03 15:52:00
195,20,6,1,3499.00,COMPLETED,2026-07-19 17:52:00
196,251,9,1,1799.00,COMPLETED,2026-05-11 09:32:00
197,162,18,1,2599.00,COMPLETED,2026-01-02 18:24:00
198,70,7,1,4999.00,COMPLETED,2026-02-25 09:19:00
199,119,20,1,999.00,COMPLETED,2026-04-16 16:01:00
200,353,17,1,2099.00,CANCELLED,2026-03-31 13:44:00
201,422,17,1,2099.00,COMPLETED,2026-07-17 20:34:00
202,724,8,1,5999.00,COMPLETED,2026-05-28 08:11:00
203,268,20,3,2997.00,COMPLETED,2026-07-09 19:28:00
204,696,3,4,11996.00,COMPLETED,2026-04-03 21:10:00
205,941,5,1,2499.00,COMPLETED,2026-03-03 14:55:00
206,280,8,1,5999.00,COMPLETED,2026-05-01 19:14:00
207,49,12,1,4499.00,CANCELLED,2026-08-07 08:26:00
208,737,7,1,4999.00,COMPLETED,2026-07-05 18:43:00
209,571,6,2,6998.00,COMPLETED,2026-02-11 15:20:00
210,719,14,1,1199.00,COMPLETED,2026-03-31 17:57:00
211,251,17,1,2099.00,COMPLETED,2026-03-30 09:45:00
212,187,15,4,6396.00,COMPLETED,2026-02-22 12:58:00
213,914,17,2,4198.00,COMPLETED,2026-02-21 19:41:00
214,455,1,1,1499.00,COMPLETED,2026-03-07 13:58:00
215,452,4,3,2997.00,CANCELLED,2026-01-05 10:45:00
216,80,16,3,5997.00,COMPLETED,2026-07-16 14:34:00
217,850,20,1,999.00,CANCELLED,2026-08-31 18:16:00
218,506,8,2,11998.00,CANCELLED,2026-04-22 10:16:00
219,628,5,2,4998.00,COMPLETED,2026-05-06 08:24:00
220,75,14,1,1199.00,COMPLETED,2026-07-30 14:26:00
221,747,4,1,999.00,COMPLETED,2026-06-03 17:33:00
222,525,20,1,999.00,COMPLETED,2026-03-20 15:25:00
223,115,17,2,4198.00,COMPLETED,2026-06-27 18:31:00
224,547,5,1,2499.00,COMPLETED,2026-08-09 21:54:00
225,699,15,2,3198.00,COMPLETED,2026-03-07 16:28:00
226,286,4,4,3996.00,COMPLETED,2026-02-02 16:59:00
227,44,16,1,1999.00,COMPLETED,2026-03-15 08:39:00
228,165,12,1,4499.00,COMPLETED,2026-02-11 19:12:00
229,568,9,2,3598.00,COMPLETED,2026-08-01 13:18:00
230,733,8,1,5999.00,COMPLETED,2026-04-18 15:25:00
231,446,10,4,5196.00,REFUNDED,2026-01-30 13:06:00
232,713,18,2,5198.00,REFUNDED,2026-08-02 14:22:00
233,136,1,1,1499.00,CANCELLED,2026-08-06 20:30:00
234,182,10,1,1299.00,COMPLETED,2026-01-02 13:49:00
235,928,18,4,10396.00,COMPLETED,2026-06-19 08:35:00
236,193,5,1,2499.00,COMPLETED,2026-07-27 08:51:00
237,506,12,3,13497.00,COMPLETED,2026-06-04 11:37:00
238,40,17,1,2099.00,COMPLETED,2026-07-22 10:40:00
239,438,15,1,1599.00,COMPLETED,2026-04-08 21:36:00
240,640,14,2,2398.00,COMPLETED,2026-07-16 15:00:00
241,70,2,1,1999.00,COMPLETED,2026-01-21 19:05:00
242,75,13,1,5499.00,COMPLETED,2026-07-03 08:19:00
243,57,1,1,1499.00,COMPLETED,2026-06-27 14:29:00
244,762,14,1,1199.00,COMPLETED,2026-06-20 09:09:00
245,725,15,2,3198.00,COMPLETED,2026-05-30 09:20:00
246,483,4,1,999.00,COMPLETED,2026-06-08 20:07:00
247,616,16,1,1999.00,COMPLETED,2026-02-28 09:11:00
248,90,8,1,5999.00,COMPLETED,2026-03-14 11:30:00
249,714,6,1,3499.00,COMPLETED,2026-03-21 15:24:00
250,700,14,1,1199.00,COMPLETED,2026-04-05 20:21:00
251,6,17,2,4198.00,COMPLETED,2026-05-23 09:22:00
252,470,1,2,2998.00,COMPLETED,2026-03-13 09:49:00
253,930,20,4,3996.00,COMPLETED,2026-03-01 21:25:00
254,302,12,1,4499.00,COMPLETED,2026-03-06 20:26:00
255,83,4,1,999.00,COMPLETED,2026-01-01 12:27:00
256,852,18,2,5198.00,COMPLETED,2026-04-23 10:35:00
257,701,10,1,1299.00,COMPLETED,2026-04-27 16:36:00
258,717,9,1,1799.00,COMPLETED,2026-08-04 18:52:00
259,952,20,1,999.00,COMPLETED,2026-05-18 10:54:00
260,456,5,1,2499.00,COMPLETED,2026-03-22 14:50:00
261,991,13,2,10998.00,CANCELLED,2026-07-13 14:21:00
262,11,5,2,4998.00,COMPLETED,2026-06-19 17:21:00
263,549,17,1,2099.00,COMPLETED,2026-03-01 09:29:00
264,233,19,1,1399.00,CANCELLED,2026-01-07 08:13:00
265,128,13,1,5499.00,COMPLETED,2026-07-08 10:02:00
266,329,14,1,1199.00,COMPLETED,2026-07-08 19:19:00
267,291,12,1,4499.00,COMPLETED,2026-04-12 14:01:00
268,203,4,1,999.00,COMPLETED,2026-05-08 18:29:00
269,359,7,2,9998.00,COMPLETED,2026-07-02 21:56:00
270,171,1,4,5996.00,COMPLETED,2026-04-20 13:14:00
271,328,18,2,5198.00,COMPLETED,2026-03-16 21:02:00
272,371,3,1,2999.00,COMPLETED,2026-03-11 12:58:00
273,508,10,2,2598.00,COMPLETED,2026-04-05 10:12:00
274,41,8,1,5999.00,COMPLETED,2026-06-05 14:52:00
275,888,3,2,5998.00,COMPLETED,2026-01-12 20:50:00
276,19,7,1,4999.00,REFUNDED,2026-01-26 21:16:00
277,818,18,1,2599.00,COMPLETED,2026-06-10 15:44:00
278,372,19,2,2798.00,COMPLETED,2026-03-20 14:21:00
279,795,18,1,2599.00,COMPLETED,2026-04-24 19:55:00
280,276,4,1,999.00,REFUNDED,2026-01-27 08:31:00
281,218,5,1,2499.00,COMPLETED,2026-02-26 10:56:00
282,194,11,2,1798.00,COMPLETED,2026-07-26 17:17:00
283,709,14,1,1199.00,CANCELLED,2026-08-19 12:31:00
284,986,13,2,10998.00,COMPLETED,2026-04-02 18:18:00
285,152,20,1,999.00,COMPLETED,2026-07-17 15:23:00
286,167,4,3,2997.00,COMPLETED,2026-07-02 13:34:00
287,12,15,2,3198.00,PENDING,2026-07-09 13:17:00
288,892,12,2,8998.00,COMPLETED,2026-01-21 19:11:00
289,962,7,2,9998.00,COMPLETED,2026-08-29 18:29:00
290,879,10,2,2598.00,COMPLETED,2026-05-19 11:51:00
291,171,17,3,6297.00,COMPLETED,2026-07-26 08:32:00
292,608,7,1,4999.00,COMPLETED,2026-05-19 21:58:00
293,407,18,2,5198.00,COMPLETED,2026-01-29 08:41:00
294,2,11,4,3596.00,COMPLETED,2026-02-03 13:32:00
295,496,13,1,5499.00,COMPLETED,2026-05-13 09:14:00
296,44,2,1,1999.00,COMPLETED,2026-03-26 15:04:00
297,425,9,3,5397.00,CANCELLED,2026-04-26 09:31:00
298,38,13,1,5499.00,COMPLETED,2026-05-23 16:58:00
299,606,15,1,1599.00,COMPLETED,2026-06-21 09:12:00
300,362,2,3,5997.00,COMPLETED,2026-05-08 13:23:00
301,845,16,1,1999.00,COMPLETED,2026-03-11 12:18:00
302,449,8,1,5999.00,COMPLETED,2026-08-26 10:40:00
303,931,15,1,1599.00,CANCELLED,2026-04-28 20:57:00
304,76,13,1,5499.00,COMPLETED,2026-08-28 14:08:00
305,291,15,1,1599.00,COMPLETED,2026-03-09 11:06:00
306,775,7,1,4999.00,COMPLETED,2026-02-17 18:18:00
307,907,2,1,1999.00,COMPLETED,2026-02-28 20:35:00
308,135,20,2,1998.00,COMPLETED,2026-06-15 19:09:00
309,923,8,4,23996.00,COMPLETED,2026-08-03 17:43:00
310,801,8,1,5999.00,PENDING,2026-03-16 18:30:00
311,489,17,1,2099.00,COMPLETED,2026-07-17 13:05:00
312,687,13,1,5499.00,COMPLETED,2026-03-24 13:12:00
313,682,6,1,3499.00,COMPLETED,2026-04-22 15:19:00
314,101,2,2,3998.00,COMPLETED,2026-01-18 12:43:00
315,638,9,1,1799.00,COMPLETED,2026-05-20 20:34:00
316,720,11,1,899.00,COMPLETED,2026-08-20 13:16:00
317,638,14,2,2398.00,COMPLETED,2026-06-14 13:19:00
318,843,4,1,999.00,COMPLETED,2026-06-07 17:17:00
319,411,17,2,4198.00,REFUNDED,2026-05-24 10:59:00
320,946,13,1,5499.00,COMPLETED,2026-08-22 12:21:00
321,351,16,1,1999.00,COMPLETED,2026-04-03 20:20:00
322,241,10,2,2598.00,COMPLETED,2026-07-12 10:53:00
323,62,17,1,2099.00,COMPLETED,2026-06-18 20:52:00
324,651,18,1,2599.00,COMPLETED,2026-08-22 10:55:00
325,341,7,1,4999.00,PENDING,2026-06-09 17:35:00
326,666,16,1,1999.00,COMPLETED,2026-06-06 09:06:00
327,584,9,1,1799.00,COMPLETED,2026-01-09 19:34:00
328,888,14,1,1199.00,PENDING,2026-01-08 14:37:00
329,651,1,1,1499.00,COMPLETED,2026-06-11 17:19:00
330,449,16,1,1999.00,CANCELLED,2026-08-29 16:19:00
331,221,3,4,11996.00,COMPLETED,2026-06-02 08:41:00
332,726,14,2,2398.00,COMPLETED,2026-02-10 18:04:00
333,255,4,1,999.00,COMPLETED,2026-04-20 11:29:00
334,813,3,3,8997.00,COMPLETED,2026-01-11 20:04:00
335,995,2,1,1999.00,COMPLETED,2026-03-19 19:18:00
336,722,2,1,1999.00,COMPLETED,2026-08-01 19:35:00
337,477,11,1,899.00,COMPLETED,2026-06-13 20:00:00
338,575,4,2,1998.00,COMPLETED,2026-03-22 17:45:00
339,744,12,1,4499.00,COMPLETED,2026-05-13 13:30:00
340,599,14,1,1199.00,COMPLETED,2026-06-20 17:35:00
341,528,6,3,10497.00,COMPLETED,2026-03-03 20:19:00
342,123,11,1,899.00,COMPLETED,2026-02-21 08:51:00
343,583,5,1,2499.00,CANCELLED,2026-05-28 20:16:00
344,16,2,1,1999.00,REFUNDED,2026-06-05 17:09:00
345,50,6,1,3499.00,COMPLETED,2026-03-08 19:05:00
346,521,20,1,999.00,COMPLETED,2026-05-29 18:14:00
347,340,9,1,1799.00,COMPLETED,2026-07-25 14:54:00
348,988,4,1,999.00,COMPLETED,2026-06-14 12:22:00
349,247,4,2,1998.00,CANCELLED,2026-01-03 12:12:00
350,3,19,1,1399.00,COMPLETED,2026-07-10 20:25:00
351,845,5,3,7497.00,COMPLETED,2026-06-29 18:22:00
352,166,16,1,1999.00,REFUNDED,2026-08-07 17:07:00
353,38,1,1,1499.00,PENDING,2026-06-02 09:49:00
354,2,7,1,4999.00,COMPLETED,2026-08-02 21:36:00
355,956,16,1,1999.00,COMPLETED,2026-01-17 10:49:00
356,683,5,1,2499.00,COMPLETED,2026-05-08 15:49:00
357,352,17,1,2099.00,CANCELLED,2026-03-16 12:37:00
358,562,2,1,1999.00,COMPLETED,2026-03-26 11:58:00
359,65,20,1,999.00,COMPLETED,2026-07-02 18:01:00
360,557,6,1,3499.00,COMPLETED,2026-03-22 12:52:00
361,375,19,1,1399.00,REFUNDED,2026-03-24 09:25:00
362,718,4,2,1998.00,COMPLETED,2026-07-29 12:10:00
363,672,15,1,1599.00,CANCELLED,2026-07-12 10:22:00
364,999,2,1,1999.00,COMPLETED,2026-05-15 11:30:00
365,673,18,2,5198.00,CANCELLED,2026-01-05 20:24:00
366,636,12,2,8998.00,COMPLETED,2026-05-25 10:32:00
367,923,8,3,17997.00,COMPLETED,2026-04-15 19:27:00
368,160,3,1,2999.00,COMPLETED,2026-01-10 20:47:00
369,633,12,1,4499.00,PENDING,2026-05-26 20:41:00
370,972,5,2,4998.00,COMPLETED,2026-01-23 20:11:00
371,58,7,2,9998.00,COMPLETED,2026-07-16 18:59:00
372,182,16,2,3998.00,COMPLETED,2026-06-08 08:52:00
373,88,8,1,5999.00,COMPLETED,2026-03-28 15:55:00
374,438,10,1,1299.00,COMPLETED,2026-06-24 11:34:00
375,988,9,1,1799.00,COMPLETED,2026-08-20 10:54:00
376,476,3,2,5998.00,COMPLETED,2026-05-02 12:37:00
377,371,9,1,1799.00,COMPLETED,2026-05-23 21:47:00
378,39,10,3,3897.00,COMPLETED,2026-06-20 20:09:00
379,335,7,2,9998.00,COMPLETED,2026-01-02 18:20:00
380,430,1,1,1499.00,COMPLETED,2026-03-19 13:36:00
381,133,16,3,5997.00,COMPLETED,2026-03-03 11:37:00
382,779,4,2,1998.00,COMPLETED,2026-06-26 12:23:00
383,635,2,2,3998.00,COMPLETED,2026-07-15 17:20:00
384,276,8,2,11998.00,REFUNDED,2026-04-01 19:10:00
385,554,3,3,8997.00,COMPLETED,2026-01-09 08:09:00
386,313,7,1,4999.00,COMPLETED,2026-02-10 20:36:00
387,849,12,2,8998.00,COMPLETED,2026-07-18 08:22:00
388,488,11,1,899.00,COMPLETED,2026-06-23 15:28:00
389,70,2,1,1999.00,COMPLETED,2026-02-02 21:07:00
390,388,20,1,999.00,COMPLETED,2026-07-10 20:13:00
391,877,17,1,2099.00,COMPLETED,2026-01-27 18:45:00
392,721,18,3,7797.00,COMPLETED,2026-01-29 15:23:00
393,843,6,1,3499.00,COMPLETED,2026-01-31 17:59:00
394,897,17,1,2099.00,COMPLETED,2026-02-15 08:09:00
395,713,8,1,5999.00,PENDING,2026-03-18 16:48:00
396,71,4,1,999.00,COMPLETED,2026-04-21 13:14:00
397,444,9,2,3598.00,COMPLETED,2026-01-23 16:35:00
398,298,5,1,2499.00,COMPLETED,2026-05-19 10:13:00
399,12,16,1,1999.00,CANCELLED,2026-01-25 11:30:00
400,685,17,1,2099.00,PENDING,2026-08-16 10:43:00
401,81,12,1,4499.00,COMPLETED,2026-01-12 09:42:00
402,262,16,1,1999.00,COMPLETED,2026-06-22 12:45:00
403,319,12,1,4499.00,COMPLETED,2026-05-03 08:50:00
404,507,8,1,5999.00,COMPLETED,2026-03-18 16:24:00
405,874,6,2,6998.00,COMPLETED,2026-08-25 19:33:00
406,664,14,2,2398.00,COMPLETED,2026-01-20 21:36:00
407,97,6,3,10497.00,PENDING,2026-01-16 15:43:00
408,874,9,2,3598.00,COMPLETED,2026-08-27 20:19:00
409,177,16,3,5997.00,COMPLETED,2026-06-10 20:22:00
410,451,8,1,5999.00,COMPLETED,2026-08-04 21:40:00
411,345,10,1,1299.00,COMPLETED,2026-07-24 18:42:00
412,88,11,2,1798.00,COMPLETED,2026-04-27 17:48:00
413,205,3,3,8997.00,COMPLETED,2026-03-09 13:05:00
414,395,17,3,6297.00,COMPLETED,2026-08-04 08:16:00
415,814,10,1,1299.00,COMPLETED,2026-04-23 18:45:00
416,249,12,2,8998.00,COMPLETED,2026-05-30 21:12:00
417,783,1,1,1499.00,REFUNDED,2026-03-19 14:20:00
418,244,1,1,1499.00,COMPLETED,2026-05-12 16:38:00
419,915,3,2,5998.00,COMPLETED,2026-07-11 17:01:00
420,822,2,1,1999.00,CANCELLED,2026-08-27 10:45:00
421,907,20,3,2997.00,REFUNDED,2026-04-07 18:08:00
422,49,15,1,1599.00,COMPLETED,2026-05-01 19:20:00
423,232,2,2,3998.00,COMPLETED,2026-01-17 13:08:00
424,948,12,1,4499.00,COMPLETED,2026-03-08 21:12:00
425,634,11,3,2697.00,REFUNDED,2026-01-22 15:01:00
426,643,13,1,5499.00,REFUNDED,2026-06-13 15:11:00
427,195,12,1,4499.00,COMPLETED,2026-07-08 18:02:00
428,945,20,1,999.00,COMPLETED,2026-02-20 11:19:00
429,36,9,1,1799.00,CANCELLED,2026-02-07 21:53:00
430,117,4,2,1998.00,COMPLETED,2026-05-03 18:29:00
431,572,19,1,1399.00,COMPLETED,2026-07-05 09:14:00
432,778,5,1,2499.00,COMPLETED,2026-06-08 08:58:00
433,23,16,2,3998.00,PENDING,2026-02-04 20:07:00
434,744,10,1,1299.00,REFUNDED,2026-04-05 09:34:00
435,777,17,2,4198.00,REFUNDED,2026-07-09 10:31:00
436,206,6,1,3499.00,COMPLETED,2026-03-23 10:30:00
437,901,16,2,3998.00,COMPLETED,2026-02-10 11:50:00
438,393,1,1,1499.00,CANCELLED,2026-05-20 19:32:00
439,757,15,1,1599.00,COMPLETED,2026-05-05 10:07:00
440,294,7,1,4999.00,CANCELLED,2026-08-16 09:04:00
441,301,8,2,11998.00,COMPLETED,2026-08-31 21:42:00
442,846,13,3,16497.00,COMPLETED,2026-03-08 12:49:00
443,105,1,3,4497.00,COMPLETED,2026-04-11 14:35:00
444,323,14,2,2398.00,COMPLETED,2026-08-06 11:28:00
445,943,9,1,1799.00,COMPLETED,2026-06-18 11:59:00
446,283,7,1,4999.00,COMPLETED,2026-04-21 13:27:00
447,659,14,1,1199.00,COMPLETED,2026-05-29 16:07:00
448,19,9,1,1799.00,REFUNDED,2026-08-24 08:00:00
449,131,11,3,2697.00,COMPLETED,2026-08-24 08:44:00
450,605,4,1,999.00,COMPLETED,2026-05-02 15:46:00
451,399,8,2,11998.00,COMPLETED,2026-08-29 12:00:00
452,133,13,2,10998.00,COMPLETED,2026-03-19 13:14:00
453,551,13,2,10998.00,CANCELLED,2026-05-09 21:50:00
454,165,13,3,16497.00,COMPLETED,2026-07-19 12:52:00
455,168,16,2,3998.00,COMPLETED,2026-01-10 09:58:00
456,674,20,1,999.00,COMPLETED,2026-07-06 13:12:00
457,882,2,1,1999.00,CANCELLED,2026-06-09 21:16:00
458,124,1,4,5996.00,PENDING,2026-05-25 18:03:00
459,91,20,1,999.00,COMPLETED,2026-05-29 14:11:00
460,221,10,1,1299.00,COMPLETED,2026-04-26 10:34:00
461,149,1,1,1499.00,COMPLETED,2026-04-04 10:59:00
462,182,10,2,2598.00,COMPLETED,2026-06-17 12:54:00
463,608,12,4,17996.00,CANCELLED,2026-05-11 20:48:00
464,519,2,2,3998.00,COMPLETED,2026-03-26 18:03:00
465,596,1,3,4497.00,COMPLETED,2026-04-01 19:38:00
466,818,19,1,1399.00,COMPLETED,2026-04-27 13:19:00
467,69,16,1,1999.00,COMPLETED,2026-04-09 12:29:00
468,962,2,2,3998.00,COMPLETED,2026-01-24 09:48:00
469,885,13,1,5499.00,COMPLETED,2026-05-16 16:07:00
470,887,8,1,5999.00,COMPLETED,2026-02-28 14:09:00
471,13,5,1,2499.00,COMPLETED,2026-06-14 18:12:00
472,408,9,1,1799.00,COMPLETED,2026-02-25 10:41:00
473,195,1,1,1499.00,COMPLETED,2026-06-02 14:47:00
474,639,4,1,999.00,COMPLETED,2026-08-08 19:58:00
475,726,11,1,899.00,COMPLETED,2026-08-25 08:07:00
476,664,10,1,1299.00,COMPLETED,2026-08-09 10:41:00
477,469,8,3,17997.00,COMPLETED,2026-07-24 17:34:00
478,979,12,2,8998.00,COMPLETED,2026-04-02 14:39:00
479,446,19,1,1399.00,COMPLETED,2026-01-08 13:31:00
480,842,18,1,2599.00,COMPLETED,2026-02-24 21:11:00
481,30,14,1,1199.00,COMPLETED,2026-07-02 16:15:00
482,281,7,1,4999.00,COMPLETED,2026-06-05 09:06:00
483,865,12,2,8998.00,COMPLETED,2026-01-13 13:49:00
484,991,2,1,1999.00,COMPLETED,2026-04-04 08:27:00
485,86,5,1,2499.00,COMPLETED,2026-08-05 11:01:00
486,995,9,4,7196.00,COMPLETED,2026-04-17 12:04:00
487,295,17,1,2099.00,COMPLETED,2026-04-04 13:02:00
488,787,14,1,1199.00,COMPLETED,2026-04-17 17:39:00
489,236,10,1,1299.00,REFUNDED,2026-03-05 20:53:00
490,987,18,1,2599.00,COMPLETED,2026-04-17 19:36:00
491,146,4,2,1998.00,COMPLETED,2026-04-05 09:20:00
492,531,9,1,1799.00,PENDING,2026-02-24 18:03:00
493,866,7,2,9998.00,COMPLETED,2026-02-09 12:03:00
494,801,14,3,3597.00,COMPLETED,2026-06-10 14:05:00
495,742,16,3,5997.00,COMPLETED,2026-04-27 19:22:00
496,1,16,1,1999.00,COMPLETED,2026-01-15 13:53:00
497,155,14,3,3597.00,COMPLETED,2026-06-20 11:49:00
498,722,16,1,1999.00,CANCELLED,2026-06-28 11:21:00
499,255,3,1,2999.00,COMPLETED,2026-03-01 15:46:00
500,429,4,1,999.00,PENDING,2026-08-07 09:18:00
501,587,5,1,2499.00,COMPLETED,2026-06-30 12:50:00
502,515,15,1,1599.00,COMPLETED,2026-05-27 10:41:00
503,454,19,1,1399.00,PENDING,2026-05-14 10:09:00
504,706,6,1,3499.00,CANCELLED,2026-02-09 11:35:00
505,435,7,1,4999.00,COMPLETED,2026-02-17 09:43:00
506,42,15,1,1599.00,COMPLETED,2026-04-02 14:27:00
507,569,17,1,2099.00,COMPLETED,2026-07-07 12:49:00
508,807,5,1,2499.00,PENDING,2026-05-20 18:41:00
509,280,10,1,1299.00,PENDING,2026-01-02 13:45:00
510,963,17,1,2099.00,COMPLETED,2026-05-04 13:21:00
511,163,8,3,17997.00,CANCELLED,2026-08-14 20:57:00
512,571,16,1,1999.00,COMPLETED,2026-04-18 13:08:00
513,774,4,1,999.00,COMPLETED,2026-03-21 20:27:00
514,494,11,1,899.00,REFUNDED,2026-06-28 13:25:00
515,302,10,1,1299.00,COMPLETED,2026-05-13 19:55:00
516,7,4,3,2997.00,CANCELLED,2026-06-11 15:53:00
517,93,7,1,4999.00,COMPLETED,2026-04-04 20:12:00
518,540,11,1,899.00,CANCELLED,2026-04-07 14:33:00
519,494,14,1,1199.00,COMPLETED,2026-07-02 17:10:00
520,828,7,1,4999.00,PENDING,2026-05-08 20:37:00
521,309,4,3,2997.00,COMPLETED,2026-04-30 13:56:00
522,571,8,1,5999.00,CANCELLED,2026-07-05 09:33:00
523,936,6,1,3499.00,COMPLETED,2026-05-09 16:19:00
524,741,12,1,4499.00,COMPLETED,2026-08-21 20:58:00
525,291,10,2,2598.00,COMPLETED,2026-02-26 17:58:00
526,306,11,1,899.00,CANCELLED,2026-03-31 12:31:00
527,619,1,1,1499.00,COMPLETED,2026-01-15 18:01:00
528,59,3,1,2999.00,COMPLETED,2026-08-09 15:39:00
529,366,20,1,999.00,COMPLETED,2026-08-05 08:00:00
530,658,10,1,1299.00,COMPLETED,2026-05-08 10:19:00
531,81,16,1,1999.00,COMPLETED,2026-03-15 17:28:00
532,849,15,1,1599.00,COMPLETED,2026-07-11 12:39:00
533,471,4,1,999.00,COMPLETED,2026-07-22 19:30:00
534,982,17,1,2099.00,COMPLETED,2026-08-10 19:08:00
535,450,19,1,1399.00,COMPLETED,2026-05-25 12:59:00
536,385,3,3,8997.00,COMPLETED,2026-02-20 19:11:00
537,114,18,1,2599.00,COMPLETED,2026-07-05 11:31:00
538,509,8,3,17997.00,COMPLETED,2026-08-19 18:07:00
539,305,1,4,5996.00,PENDING,2026-08-03 19:47:00
540,61,20,1,999.00,CANCELLED,2026-05-16 11:56:00
541,890,18,1,2599.00,CANCELLED,2026-04-28 11:47:00
542,498,6,1,3499.00,COMPLETED,2026-02-24 11:58:00
543,746,6,1,3499.00,COMPLETED,2026-01-30 10:47:00
544,617,8,1,5999.00,COMPLETED,2026-04-11 20:25:00
545,510,1,1,1499.00,COMPLETED,2026-05-05 17:04:00
546,142,2,3,5997.00,COMPLETED,2026-01-21 18:12:00
547,824,8,1,5999.00,COMPLETED,2026-04-19 11:26:00
548,252,14,2,2398.00,COMPLETED,2026-06-19 19:27:00
549,991,8,1,5999.00,COMPLETED,2026-06-02 12:44:00
550,653,10,4,5196.00,COMPLETED,2026-06-10 08:18:00
551,46,12,1,4499.00,COMPLETED,2026-05-17 12:46:00
552,929,17,2,4198.00,COMPLETED,2026-07-05 21:00:00
553,368,18,1,2599.00,PENDING,2026-01-16 20:27:00
554,237,1,4,5996.00,COMPLETED,2026-07-13 09:57:00
555,329,4,1,999.00,COMPLETED,2026-03-02 09:39:00
556,431,14,1,1199.00,COMPLETED,2026-06-16 19:45:00
557,974,3,3,8997.00,CANCELLED,2026-01-03 09:47:00
558,664,9,2,3598.00,COMPLETED,2026-06-10 17:16:00
559,911,18,1,2599.00,COMPLETED,2026-05-20 15:29:00
560,912,9,3,5397.00,COMPLETED,2026-04-06 11:42:00
561,345,11,1,899.00,CANCELLED,2026-07-03 09:51:00
562,429,1,1,1499.00,PENDING,2026-08-29 08:48:00
563,414,16,2,3998.00,COMPLETED,2026-03-19 13:22:00
564,200,3,1,2999.00,COMPLETED,2026-04-19 15:06:00
565,104,10,1,1299.00,CANCELLED,2026-07-27 19:43:00
566,852,8,2,11998.00,COMPLETED,2026-01-02 18:20:00
567,297,14,1,1199.00,COMPLETED,2026-07-24 16:29:00
568,436,7,1,4999.00,COMPLETED,2026-04-28 10:04:00
569,94,13,3,16497.00,COMPLETED,2026-04-10 15:47:00
570,218,19,2,2798.00,PENDING,2026-01-16 10:07:00
571,975,6,1,3499.00,COMPLETED,2026-05-04 13:40:00
572,609,13,1,5499.00,PENDING,2026-04-02 18:55:00
573,45,2,1,1999.00,COMPLETED,2026-02-17 09:12:00
574,536,19,1,1399.00,COMPLETED,2026-04-16 14:51:00
575,573,19,2,2798.00,COMPLETED,2026-03-24 21:45:00
576,247,16,1,1999.00,COMPLETED,2026-03-05 13:09:00
577,209,4,1,999.00,COMPLETED,2026-05-26 14:44:00
578,11,16,2,3998.00,COMPLETED,2026-05-27 21:49:00
579,494,3,1,2999.00,COMPLETED,2026-02-15 15:54:00
580,959,13,3,16497.00,COMPLETED,2026-01-15 14:23:00
581,69,18,4,10396.00,COMPLETED,2026-07-03 19:29:00
582,338,4,2,1998.00,COMPLETED,2026-08-29 15:43:00
583,736,17,1,2099.00,CANCELLED,2026-01-09 08:11:00
584,818,14,1,1199.00,COMPLETED,2026-02-01 08:44:00
585,809,14,1,1199.00,COMPLETED,2026-06-30 15:07:00
586,746,16,1,1999.00,COMPLETED,2026-07-01 19:31:00
587,455,16,2,3998.00,COMPLETED,2026-01-08 19:18:00
588,424,19,1,1399.00,COMPLETED,2026-03-05 08:41:00
589,509,14,1,1199.00,COMPLETED,2026-03-24 13:36:00
590,862,4,2,1998.00,COMPLETED,2026-05-14 19:25:00
591,336,1,1,1499.00,COMPLETED,2026-02-04 15:04:00
592,679,3,1,2999.00,COMPLETED,2026-02-17 18:39:00
593,618,4,1,999.00,REFUNDED,2026-01-04 16:40:00
594,925,12,1,4499.00,COMPLETED,2026-06-09 18:00:00
595,810,18,1,2599.00,COMPLETED,2026-07-06 15:47:00
596,619,17,1,2099.00,COMPLETED,2026-08-14 09:27:00
597,221,6,1,3499.00,CANCELLED,2026-02-17 11:38:00
598,648,2,1,1999.00,COMPLETED,2026-08-08 14:18:00
599,101,2,1,1999.00,COMPLETED,2026-01-04 16:21:00
600,147,10,1,1299.00,COMPLETED,2026-03-01 15:16:00
601,829,3,2,5998.00,COMPLETED,2026-08-26 09:34:00
602,247,17,1,2099.00,COMPLETED,2026-05-25 12:42:00
603,53,18,2,5198.00,COMPLETED,2026-01-28 21:18:00
604,498,18,1,2599.00,COMPLETED,2026-08-24 13:57:00
605,737,10,1,1299.00,COMPLETED,2026-05-09 08:35:00
606,344,3,1,2999.00,COMPLETED,2026-05-12 09:20:00
607,395,9,1,1799.00,COMPLETED,2026-05-05 15:33:00
608,581,19,1,1399.00,REFUNDED,2026-08-08 08:29:00
609,226,4,3,2997.00,COMPLETED,2026-05-18 11:55:00
610,637,19,2,2798.00,COMPLETED,2026-05-08 15:16:00
611,742,2,1,1999.00,COMPLETED,2026-04-12 15:48:00
612,997,7,1,4999.00,COMPLETED,2026-01-10 15:31:00
613,291,17,1,2099.00,CANCELLED,2026-05-17 20:35:00
614,266,19,1,1399.00,COMPLETED,2026-02-16 09:30:00
615,176,14,1,1199.00,COMPLETED,2026-05-29 19:04:00
616,867,17,4,8396.00,COMPLETED,2026-01-07 20:39:00
617,21,3,3,8997.00,COMPLETED,2026-06-10 16:13:00
618,207,17,1,2099.00,COMPLETED,2026-07-25 10:13:00
619,644,11,2,1798.00,COMPLETED,2026-04-18 19:57:00
620,539,3,1,2999.00,COMPLETED,2026-03-31 18:26:00
621,566,20,3,2997.00,CANCELLED,2026-08-05 12:47:00
622,609,17,2,4198.00,COMPLETED,2026-02-28 18:31:00
623,770,12,2,8998.00,COMPLETED,2026-04-20 09:32:00
624,391,8,1,5999.00,COMPLETED,2026-03-24 15:47:00
625,358,2,1,1999.00,COMPLETED,2026-02-04 13:58:00
626,275,15,1,1599.00,COMPLETED,2026-04-05 09:50:00
627,764,13,3,16497.00,CANCELLED,2026-08-05 15:09:00
628,148,14,2,2398.00,COMPLETED,2026-07-11 12:38:00
629,299,10,1,1299.00,COMPLETED,2026-05-28 14:52:00
630,28,19,2,2798.00,REFUNDED,2026-07-12 16:48:00
631,567,13,2,10998.00,COMPLETED,2026-06-11 21:51:00
632,95,6,1,3499.00,COMPLETED,2026-06-30 20:09:00
633,54,18,1,2599.00,COMPLETED,2026-01-07 12:15:00
634,791,5,1,2499.00,REFUNDED,2026-04-03 12:49:00
635,501,14,4,4796.00,COMPLETED,2026-02-17 15:32:00
636,313,7,1,4999.00,COMPLETED,2026-03-08 10:08:00
637,416,14,1,1199.00,COMPLETED,2026-05-28 10:18:00
638,79,8,1,5999.00,COMPLETED,2026-05-15 09:55:00
639,548,19,2,2798.00,COMPLETED,2026-01-28 17:49:00
640,915,12,1,4499.00,COMPLETED,2026-02-27 08:37:00
641,718,11,1,899.00,PENDING,2026-02-02 11:18:00
642,762,15,1,1599.00,COMPLETED,2026-08-19 12:37:00
643,658,17,1,2099.00,COMPLETED,2026-07-13 09:55:00
644,154,9,2,3598.00,COMPLETED,2026-05-22 19:06:00
645,79,1,1,1499.00,COMPLETED,2026-05-24 12:30:00
646,196,9,4,7196.00,COMPLETED,2026-03-09 20:34:00
647,622,18,2,5198.00,COMPLETED,2026-08-02 17:14:00
648,838,2,1,1999.00,PENDING,2026-04-01 08:54:00
649,422,20,1,999.00,COMPLETED,2026-01-10 18:42:00
650,29,15,2,3198.00,COMPLETED,2026-08-02 16:51:00
651,145,11,2,1798.00,COMPLETED,2026-04-09 14:35:00
652,801,8,1,5999.00,COMPLETED,2026-02-13 09:59:00
653,761,20,1,999.00,COMPLETED,2026-05-11 20:34:00
654,858,10,1,1299.00,COMPLETED,2026-02-09 20:54:00
655,873,14,2,2398.00,COMPLETED,2026-04-02 17:09:00
656,20,3,1,2999.00,CANCELLED,2026-06-14 12:27:00
657,474,8,1,5999.00,COMPLETED,2026-08-10 17:48:00
658,318,7,1,4999.00,PENDING,2026-03-01 08:29:00
659,669,8,1,5999.00,COMPLETED,2026-08-07 17:40:00
660,852,18,1,2599.00,COMPLETED,2026-02-17 08:34:00
661,615,11,2,1798.00,COMPLETED,2026-05-07 18:48:00
662,560,3,3,8997.00,COMPLETED,2026-06-06 12:51:00
663,762,11,1,899.00,COMPLETED,2026-06-18 13:23:00
664,881,4,2,1998.00,COMPLETED,2026-03-01 08:00:00
665,866,4,1,999.00,COMPLETED,2026-04-05 17:33:00
666,743,18,1,2599.00,COMPLETED,2026-06-09 08:31:00
667,344,4,1,999.00,COMPLETED,2026-01-11 11:39:00
668,266,14,1,1199.00,COMPLETED,2026-06-02 11:08:00
669,670,2,1,1999.00,PENDING,2026-08-12 15:05:00
670,375,13,2,10998.00,COMPLETED,2026-03-27 08:22:00
671,682,4,1,999.00,COMPLETED,2026-03-10 13:05:00
672,794,13,1,5499.00,REFUNDED,2026-03-17 11:37:00
673,305,13,1,5499.00,COMPLETED,2026-06-15 16:04:00
674,108,1,1,1499.00,COMPLETED,2026-04-14 09:19:00
675,263,8,2,11998.00,COMPLETED,2026-01-14 20:21:00
676,806,8,1,5999.00,PENDING,2026-04-10 13:15:00
677,392,20,2,1998.00,COMPLETED,2026-07-23 14:59:00
678,288,17,1,2099.00,COMPLETED,2026-01-04 13:21:00
679,762,20,2,1998.00,COMPLETED,2026-07-19 16:32:00
680,148,1,1,1499.00,COMPLETED,2026-03-17 10:48:00
681,950,20,1,999.00,COMPLETED,2026-01-22 21:18:00
682,773,12,2,8998.00,COMPLETED,2026-01-27 21:27:00
683,850,10,1,1299.00,COMPLETED,2026-04-26 11:40:00
684,929,6,2,6998.00,COMPLETED,2026-07-30 20:25:00
685,495,12,2,8998.00,COMPLETED,2026-01-16 18:37:00
686,27,12,2,8998.00,COMPLETED,2026-08-23 14:19:00
687,741,14,1,1199.00,PENDING,2026-07-31 08:06:00
688,925,10,1,1299.00,COMPLETED,2026-03-05 15:21:00
689,903,3,1,2999.00,COMPLETED,2026-04-20 20:17:00
690,8,20,1,999.00,COMPLETED,2026-02-24 08:38:00
691,282,8,1,5999.00,REFUNDED,2026-05-05 11:53:00
692,306,6,4,13996.00,COMPLETED,2026-06-26 13:22:00
693,179,6,2,6998.00,COMPLETED,2026-07-03 17:08:00
694,394,13,1,5499.00,COMPLETED,2026-02-07 18:39:00
695,627,17,2,4198.00,COMPLETED,2026-07-27 18:15:00
696,402,18,1,2599.00,COMPLETED,2026-01-08 11:53:00
697,307,11,1,899.00,COMPLETED,2026-08-22 11:54:00
698,990,4,1,999.00,COMPLETED,2026-02-23 14:55:00
699,328,15,1,1599.00,COMPLETED,2026-07-08 21:44:00
700,582,18,1,2599.00,COMPLETED,2026-08-14 20:45:00
701,140,17,1,2099.00,COMPLETED,2026-07-24 21:42:00
702,711,13,1,5499.00,COMPLETED,2026-04-25 09:28:00
703,692,13,2,10998.00,COMPLETED,2026-02-06 15:48:00
704,374,15,1,1599.00,REFUNDED,2026-08-22 11:22:00
705,392,18,1,2599.00,COMPLETED,2026-02-23 08:00:00
706,496,6,3,10497.00,COMPLETED,2026-04-20 19:24:00
707,130,15,1,1599.00,COMPLETED,2026-06-09 08:37:00
708,671,12,1,4499.00,COMPLETED,2026-08-29 10:46:00
709,443,10,3,3897.00,COMPLETED,2026-06-09 14:47:00
710,15,16,1,1999.00,COMPLETED,2026-01-05 19:45:00
711,530,15,1,1599.00,COMPLETED,2026-07-06 13:55:00
712,592,9,2,3598.00,COMPLETED,2026-01-26 17:39:00
713,619,1,2,2998.00,COMPLETED,2026-04-11 17:23:00
714,565,10,2,2598.00,COMPLETED,2026-01-16 21:21:00
715,230,19,3,4197.00,COMPLETED,2026-08-02 17:31:00
716,679,4,1,999.00,COMPLETED,2026-08-11 15:27:00
717,562,1,2,2998.00,COMPLETED,2026-03-07 18:13:00
718,530,17,1,2099.00,CANCELLED,2026-07-30 14:28:00
719,342,11,1,899.00,COMPLETED,2026-08-14 20:20:00
720,637,19,3,4197.00,CANCELLED,2026-08-02 13:36:00
721,117,6,1,3499.00,COMPLETED,2026-05-16 16:22:00
722,173,1,1,1499.00,CANCELLED,2026-05-26 19:55:00
723,498,2,2,3998.00,COMPLETED,2026-01-12 15:23:00
724,820,5,2,4998.00,COMPLETED,2026-06-19 20:25:00
725,119,17,3,6297.00,COMPLETED,2026-04-06 14:12:00
726,437,17,1,2099.00,COMPLETED,2026-01-08 10:51:00
727,946,6,1,3499.00,COMPLETED,2026-05-18 08:59:00
728,624,13,1,5499.00,COMPLETED,2026-08-27 10:44:00
729,760,15,1,1599.00,COMPLETED,2026-07-28 13:57:00
730,652,1,3,4497.00,COMPLETED,2026-01-22 11:05:00
731,778,4,1,999.00,COMPLETED,2026-03-28 12:22:00
732,260,6,2,6998.00,COMPLETED,2026-06-16 15:29:00
733,400,20,1,999.00,COMPLETED,2026-02-16 13:51:00
734,109,7,2,9998.00,REFUNDED,2026-01-11 13:28:00
735,952,16,1,1999.00,REFUNDED,2026-04-24 10:24:00
736,723,13,1,5499.00,COMPLETED,2026-07-21 17:28:00
737,795,19,1,1399.00,COMPLETED,2026-03-29 10:40:00
738,158,4,4,3996.00,COMPLETED,2026-06-19 10:36:00
739,26,16,2,3998.00,COMPLETED,2026-06-26 14:26:00
740,704,14,1,1199.00,COMPLETED,2026-03-26 09:34:00
741,213,13,2,10998.00,COMPLETED,2026-07-09 16:35:00
742,549,8,2,11998.00,COMPLETED,2026-03-16 16:19:00
743,746,1,1,1499.00,CANCELLED,2026-04-19 09:37:00
744,538,20,1,999.00,COMPLETED,2026-03-04 20:51:00
745,278,20,1,999.00,COMPLETED,2026-02-11 18:45:00
746,97,13,1,5499.00,COMPLETED,2026-01-11 19:13:00
747,82,8,1,5999.00,COMPLETED,2026-02-27 11:51:00
748,78,16,1,1999.00,COMPLETED,2026-07-10 17:27:00
749,469,5,2,4998.00,COMPLETED,2026-04-26 20:49:00
750,737,18,1,2599.00,COMPLETED,2026-07-16 20:41:00
751,951,18,2,5198.00,COMPLETED,2026-02-19 10:22:00
752,160,6,1,3499.00,COMPLETED,2026-07-26 09:21:00
753,118,5,2,4998.00,COMPLETED,2026-06-30 12:11:00
754,253,9,2,3598.00,COMPLETED,2026-05-25 12:53:00
755,560,7,1,4999.00,COMPLETED,2026-02-24 15:21:00
756,970,6,1,3499.00,COMPLETED,2026-07-05 09:01:00
757,745,14,1,1199.00,COMPLETED,2026-06-19 12:04:00
758,401,11,1,899.00,COMPLETED,2026-06-03 09:49:00
759,671,18,1,2599.00,COMPLETED,2026-01-19 19:23:00
760,997,3,2,5998.00,PENDING,2026-05-13 20:09:00
761,244,8,2,11998.00,COMPLETED,2026-05-03 17:44:00
762,295,18,1,2599.00,COMPLETED,2026-07-12 09:38:00
763,639,10,1,1299.00,COMPLETED,2026-05-22 13:46:00
764,298,11,1,899.00,COMPLETED,2026-05-21 16:31:00
765,212,12,1,4499.00,COMPLETED,2026-02-24 11:36:00
766,571,18,1,2599.00,COMPLETED,2026-03-25 11:16:00
767,732,2,1,1999.00,REFUNDED,2026-08-31 13:44:00
768,897,4,2,1998.00,COMPLETED,2026-06-01 10:55:00
769,696,5,2,4998.00,COMPLETED,2026-08-08 08:17:00
770,71,18,1,2599.00,COMPLETED,2026-02-13 09:16:00
771,698,3,1,2999.00,COMPLETED,2026-03-04 20:06:00
772,373,16,1,1999.00,COMPLETED,2026-03-19 15:10:00
773,555,4,2,1998.00,COMPLETED,2026-08-20 16:50:00
774,215,9,1,1799.00,PENDING,2026-02-17 14:11:00
775,219,7,2,9998.00,COMPLETED,2026-04-08 08:50:00
776,919,20,1,999.00,REFUNDED,2026-03-30 20:34:00
777,344,9,1,1799.00,COMPLETED,2026-04-28 10:27:00
778,45,11,1,899.00,COMPLETED,2026-08-19 08:39:00
779,118,9,1,1799.00,COMPLETED,2026-07-30 20:42:00
780,127,12,1,4499.00,REFUNDED,2026-04-12 12:56:00
781,937,12,3,13497.00,CANCELLED,2026-04-15 11:02:00
782,62,13,1,5499.00,COMPLETED,2026-01-11 13:35:00
783,546,1,1,1499.00,COMPLETED,2026-04-05 09:31:00
784,522,14,4,4796.00,PENDING,2026-03-01 17:33:00
785,79,5,1,2499.00,REFUNDED,2026-01-29 21:24:00
786,54,18,3,7797.00,COMPLETED,2026-04-14 15:09:00
787,959,9,1,1799.00,COMPLETED,2026-06-29 12:18:00
788,676,1,1,1499.00,PENDING,2026-05-25 11:18:00
789,806,5,1,2499.00,COMPLETED,2026-04-13 10:18:00
790,509,5,1,2499.00,COMPLETED,2026-02-27 09:53:00
791,889,4,1,999.00,COMPLETED,2026-03-06 11:57:00
792,378,4,1,999.00,COMPLETED,2026-01-09 20:06:00
793,878,19,1,1399.00,COMPLETED,2026-03-04 11:32:00
794,357,6,1,3499.00,COMPLETED,2026-04-13 16:45:00
795,847,18,2,5198.00,COMPLETED,2026-01-10 13:01:00
796,811,8,1,5999.00,REFUNDED,2026-08-17 18:07:00
797,506,4,1,999.00,COMPLETED,2026-06-17 20:57:00
798,756,4,1,999.00,COMPLETED,2026-04-05 12:08:00
799,189,10,1,1299.00,COMPLETED,2026-06-09 15:57:00
800,140,9,1,1799.00,COMPLETED,2026-05-11 11:37:00
801,58,8,1,5999.00,COMPLETED,2026-01-02 11:26:00
802,331,6,1,3499.00,COMPLETED,2026-06-06 11:12:00
803,23,3,2,5998.00,COMPLETED,2026-05-24 21:25:00
804,187,2,4,7996.00,COMPLETED,2026-03-12 13:07:00
805,891,7,1,4999.00,COMPLETED,2026-07-28 17:44:00
806,132,3,1,2999.00,REFUNDED,2026-05-15 21:07:00
807,806,3,1,2999.00,COMPLETED,2026-03-14 19:41:00
808,869,5,1,2499.00,COMPLETED,2026-08-03 17:01:00
809,362,20,2,1998.00,COMPLETED,2026-01-08 12:27:00
810,581,12,1,4499.00,CANCELLED,2026-03-05 16:45:00
811,582,13,1,5499.00,REFUNDED,2026-02-25 16:49:00
812,301,1,1,1499.00,COMPLETED,2026-08-12 09:36:00
813,67,5,2,4998.00,CANCELLED,2026-07-28 16:40:00
814,388,11,1,899.00,COMPLETED,2026-06-01 19:41:00
815,442,2,1,1999.00,COMPLETED,2026-04-12 15:22:00
816,998,5,2,4998.00,COMPLETED,2026-04-24 14:32:00
817,857,13,1,5499.00,COMPLETED,2026-06-13 08:31:00
818,661,16,1,1999.00,CANCELLED,2026-08-04 11:33:00
819,745,5,1,2499.00,COMPLETED,2026-03-14 19:35:00
820,409,8,2,11998.00,COMPLETED,2026-02-05 08:13:00
821,734,9,3,5397.00,COMPLETED,2026-02-28 12:55:00
822,247,19,1,1399.00,COMPLETED,2026-04-12 12:20:00
823,816,3,2,5998.00,COMPLETED,2026-08-28 09:31:00
824,890,20,1,999.00,COMPLETED,2026-07-31 12:28:00
825,855,1,1,1499.00,PENDING,2026-01-21 21:39:00
826,400,1,3,4497.00,COMPLETED,2026-05-21 14:49:00
827,198,11,1,899.00,COMPLETED,2026-06-12 12:29:00
828,945,12,2,8998.00,COMPLETED,2026-07-12 15:42:00
829,329,11,2,1798.00,COMPLETED,2026-04-29 14:46:00
830,288,13,2,10998.00,COMPLETED,2026-05-25 12:48:00
831,111,14,1,1199.00,COMPLETED,2026-01-08 20:08:00
832,574,4,2,1998.00,COMPLETED,2026-05-13 20:50:00
833,210,1,1,1499.00,COMPLETED,2026-06-01 12:46:00
834,243,19,2,2798.00,CANCELLED,2026-02-01 17:04:00
835,4,11,1,899.00,COMPLETED,2026-07-08 14:19:00
836,955,9,1,1799.00,COMPLETED,2026-03-07 16:19:00
837,477,16,2,3998.00,COMPLETED,2026-01-09 09:08:00
838,844,16,3,5997.00,COMPLETED,2026-07-23 21:20:00
839,728,1,2,2998.00,COMPLETED,2026-06-07 13:56:00
840,377,9,1,1799.00,COMPLETED,2026-04-02 19:08:00
841,191,18,1,2599.00,COMPLETED,2026-05-14 14:40:00
842,241,19,1,1399.00,COMPLETED,2026-07-16 13:22:00
843,707,5,1,2499.00,COMPLETED,2026-02-10 12:26:00
844,899,1,1,1499.00,CANCELLED,2026-07-09 12:49:00
845,575,8,1,5999.00,COMPLETED,2026-01-13 14:26:00
846,453,15,1,1599.00,COMPLETED,2026-03-22 13:03:00
847,849,12,1,4499.00,COMPLETED,2026-01-11 20:33:00
848,356,18,2,5198.00,COMPLETED,2026-05-18 21:00:00
849,223,20,1,999.00,COMPLETED,2026-05-24 16:33:00
850,370,3,1,2999.00,REFUNDED,2026-03-20 21:26:00
851,490,19,1,1399.00,COMPLETED,2026-06-06 11:19:00
852,25,11,1,899.00,COMPLETED,2026-03-24 10:27:00
853,389,8,1,5999.00,COMPLETED,2026-08-19 12:47:00
854,275,13,4,21996.00,COMPLETED,2026-04-28 11:22:00
855,364,19,1,1399.00,COMPLETED,2026-04-17 19:18:00
856,915,17,1,2099.00,COMPLETED,2026-03-31 09:33:00
857,439,19,1,1399.00,REFUNDED,2026-04-06 12:24:00
858,145,13,1,5499.00,COMPLETED,2026-05-08 09:37:00
859,108,16,1,1999.00,COMPLETED,2026-01-30 20:51:00
860,984,14,1,1199.00,COMPLETED,2026-02-10 16:59:00
861,646,14,1,1199.00,COMPLETED,2026-06-28 17:31:00
862,104,20,1,999.00,COMPLETED,2026-03-11 14:16:00
863,206,3,2,5998.00,COMPLETED,2026-01-27 18:20:00
864,966,6,4,13996.00,COMPLETED,2026-05-03 19:46:00
865,199,11,1,899.00,COMPLETED,2026-06-20 18:31:00
866,395,2,2,3998.00,COMPLETED,2026-07-19 15:46:00
867,246,8,3,17997.00,REFUNDED,2026-07-27 15:42:00
868,887,19,3,4197.00,REFUNDED,2026-06-29 14:20:00
869,629,19,1,1399.00,COMPLETED,2026-01-04 20:16:00
870,162,18,1,2599.00,COMPLETED,2026-02-18 20:17:00
871,91,7,2,9998.00,COMPLETED,2026-08-07 09:41:00
872,508,15,1,1599.00,COMPLETED,2026-06-15 15:59:00
873,295,17,2,4198.00,PENDING,2026-05-22 13:11:00
874,350,6,1,3499.00,COMPLETED,2026-01-07 20:41:00
875,632,11,2,1798.00,CANCELLED,2026-06-17 18:41:00
876,317,7,1,4999.00,COMPLETED,2026-05-11 12:21:00
877,2,18,1,2599.00,COMPLETED,2026-03-25 09:05:00
878,327,11,2,1798.00,COMPLETED,2026-02-21 13:25:00
879,158,13,1,5499.00,COMPLETED,2026-01-08 19:50:00
880,560,13,2,10998.00,COMPLETED,2026-06-06 08:22:00
881,337,3,1,2999.00,COMPLETED,2026-01-09 15:36:00
882,688,8,3,17997.00,COMPLETED,2026-01-10 18:01:00
883,445,16,1,1999.00,COMPLETED,2026-02-28 10:48:00
884,894,17,1,2099.00,COMPLETED,2026-01-18 09:16:00
885,493,3,1,2999.00,COMPLETED,2026-06-16 13:55:00
886,88,11,1,899.00,COMPLETED,2026-01-06 20:07:00
887,730,12,1,4499.00,COMPLETED,2026-05-22 12:02:00
888,478,18,1,2599.00,COMPLETED,2026-05-15 14:22:00
889,663,12,3,13497.00,COMPLETED,2026-02-21 13:12:00
890,234,9,1,1799.00,COMPLETED,2026-01-29 21:06:00
891,427,7,1,4999.00,COMPLETED,2026-04-04 21:28:00
892,510,6,1,3499.00,COMPLETED,2026-01-28 10:17:00
893,612,4,1,999.00,COMPLETED,2026-05-10 11:02:00
894,901,19,1,1399.00,COMPLETED,2026-02-19 09:08:00
895,279,11,4,3596.00,COMPLETED,2026-05-23 13:25:00
896,181,18,2,5198.00,COMPLETED,2026-02-14 21:59:00
897,931,12,1,4499.00,COMPLETED,2026-07-02 15:55:00
898,113,20,1,999.00,COMPLETED,2026-01-07 20:57:00
899,527,3,2,5998.00,COMPLETED,2026-02-27 18:18:00
900,375,3,1,2999.00,COMPLETED,2026-03-25 20:25:00
901,333,9,3,5397.00,REFUNDED,2026-07-09 08:08:00
902,796,2,1,1999.00,REFUNDED,2026-05-09 10:10:00
903,371,18,1,2599.00,COMPLETED,2026-05-05 16:22:00
904,794,8,1,5999.00,COMPLETED,2026-07-05 17:11:00
905,629,20,1,999.00,COMPLETED,2026-07-10 19:10:00
906,703,11,1,899.00,COMPLETED,2026-06-13 21:54:00
907,791,1,1,1499.00,COMPLETED,2026-02-02 12:39:00
908,176,6,1,3499.00,COMPLETED,2026-07-12 16:05:00
909,911,16,2,3998.00,COMPLETED,2026-03-05 16:52:00
910,339,13,1,5499.00,PENDING,2026-03-18 09:51:00
911,638,19,1,1399.00,COMPLETED,2026-02-06 19:53:00
912,521,6,2,6998.00,CANCELLED,2026-05-17 09:48:00
913,268,16,1,1999.00,COMPLETED,2026-07-12 08:23:00
914,997,10,1,1299.00,COMPLETED,2026-01-27 09:01:00
915,742,2,1,1999.00,COMPLETED,2026-06-13 18:07:00
916,710,13,1,5499.00,COMPLETED,2026-06-07 15:57:00
917,801,7,1,4999.00,PENDING,2026-06-30 10:34:00
918,847,8,1,5999.00,PENDING,2026-08-19 12:53:00
919,940,16,1,1999.00,COMPLETED,2026-08-01 16:13:00
920,733,3,2,5998.00,COMPLETED,2026-01-26 13:11:00
921,435,12,2,8998.00,COMPLETED,2026-04-28 17:08:00
922,858,16,3,5997.00,COMPLETED,2026-01-24 17:23:00
923,720,11,1,899.00,COMPLETED,2026-05-16 18:01:00
924,816,10,1,1299.00,COMPLETED,2026-01-07 08:59:00
925,350,17,1,2099.00,COMPLETED,2026-08-10 18:44:00
926,426,3,1,2999.00,COMPLETED,2026-08-02 08:27:00
927,716,10,1,1299.00,CANCELLED,2026-05-24 13:30:00
928,204,1,1,1499.00,COMPLETED,2026-03-13 13:00:00
929,172,9,1,1799.00,COMPLETED,2026-03-10 21:29:00
930,534,15,1,1599.00,COMPLETED,2026-08-30 09:39:00
931,675,8,1,5999.00,COMPLETED,2026-06-12 15:22:00
932,867,9,1,1799.00,COMPLETED,2026-01-31 17:47:00
933,850,14,1,1199.00,COMPLETED,2026-05-27 18:15:00
934,352,9,2,3598.00,COMPLETED,2026-08-21 16:34:00
935,721,6,1,3499.00,REFUNDED,2026-05-03 15:58:00
936,576,3,2,5998.00,COMPLETED,2026-03-29 12:55:00
937,92,10,1,1299.00,COMPLETED,2026-04-03 10:42:00
938,678,10,1,1299.00,PENDING,2026-04-18 16:11:00
939,593,9,1,1799.00,COMPLETED,2026-03-10 18:28:00
940,865,5,4,9996.00,COMPLETED,2026-07-28 12:23:00
941,367,8,1,5999.00,COMPLETED,2026-05-21 21:21:00
942,18,15,1,1599.00,CANCELLED,2026-03-07 20:42:00
943,136,2,2,3998.00,COMPLETED,2026-02-16 18:08:00
944,274,1,2,2998.00,COMPLETED,2026-04-20 13:48:00
945,523,6,1,3499.00,COMPLETED,2026-01-28 16:00:00
946,371,15,1,1599.00,COMPLETED,2026-08-16 11:32:00
947,745,10,1,1299.00,COMPLETED,2026-07-13 11:55:00
948,173,12,1,4499.00,REFUNDED,2026-03-07 15:58:00
949,353,8,1,5999.00,CANCELLED,2026-07-31 10:42:00
950,909,5,2,4998.00,COMPLETED,2026-01-02 12:07:00
951,198,6,1,3499.00,COMPLETED,2026-04-26 11:37:00
952,237,1,1,1499.00,COMPLETED,2026-01-07 09:49:00
953,838,6,1,3499.00,COMPLETED,2026-01-14 16:14:00
954,160,18,1,2599.00,COMPLETED,2026-03-30 20:16:00
955,622,16,2,3998.00,COMPLETED,2026-02-13 10:14:00
956,188,9,1,1799.00,COMPLETED,2026-05-26 09:08:00
957,544,12,1,4499.00,COMPLETED,2026-03-26 14:18:00
958,738,6,3,10497.00,COMPLETED,2026-06-30 17:54:00
959,663,15,1,1599.00,COMPLETED,2026-04-13 13:08:00
960,639,4,3,2997.00,COMPLETED,2026-04-15 19:12:00
961,312,5,2,4998.00,COMPLETED,2026-01-07 15:29:00
962,706,3,2,5998.00,REFUNDED,2026-06-25 14:47:00
963,490,6,1,3499.00,COMPLETED,2026-06-30 14:17:00
964,390,3,2,5998.00,PENDING,2026-04-20 17:55:00
965,93,10,1,1299.00,COMPLETED,2026-05-07 18:57:00
966,933,14,4,4796.00,COMPLETED,2026-03-22 19:20:00
967,765,7,1,4999.00,CANCELLED,2026-03-06 12:05:00
968,354,15,3,4797.00,COMPLETED,2026-02-20 16:10:00
969,664,16,1,1999.00,COMPLETED,2026-08-29 14:37:00
970,608,18,2,5198.00,PENDING,2026-05-04 10:27:00
971,734,11,1,899.00,COMPLETED,2026-06-03 08:01:00
972,408,6,2,6998.00,COMPLETED,2026-03-07 13:15:00
973,685,18,1,2599.00,PENDING,2026-07-01 09:27:00
974,554,9,3,5397.00,COMPLETED,2026-02-24 21:55:00
975,691,6,2,6998.00,COMPLETED,2026-07-25 16:01:00
976,522,11,1,899.00,COMPLETED,2026-05-07 20:10:00
977,803,12,1,4499.00,COMPLETED,2026-07-31 08:56:00
978,254,13,1,5499.00,COMPLETED,2026-01-11 14:04:00
979,296,5,1,2499.00,COMPLETED,2026-05-25 13:25:00
980,618,10,1,1299.00,COMPLETED,2026-03-09 18:58:00
981,252,6,2,6998.00,COMPLETED,2026-02-17 11:09:00
982,535,1,1,1499.00,COMPLETED,2026-01-13 15:40:00
983,282,12,1,4499.00,COMPLETED,2026-08-30 21:58:00
984,314,3,3,8997.00,COMPLETED,2026-06-12 18:57:00
985,131,17,1,2099.00,COMPLETED,2026-06-15 14:01:00
986,145,7,2,9998.00,COMPLETED,2026-05-10 21:42:00
987,388,2,4,7996.00,COMPLETED,2026-08-03 11:14:00
988,144,4,1,999.00,COMPLETED,2026-03-03 11:55:00
989,905,8,1,5999.00,COMPLETED,2026-05-22 17:28:00
990,555,18,3,7797.00,COMPLETED,2026-08-03 08:57:00
991,414,13,1,5499.00,COMPLETED,2026-04-20 16:24:00
992,147,1,3,4497.00,COMPLETED,2026-06-05 15:39:00
993,884,9,2,3598.00,COMPLETED,2026-04-18 15:59:00
994,864,5,1,2499.00,PENDING,2026-06-28 15:26:00
995,782,15,1,1599.00,COMPLETED,2026-05-15 21:49:00
996,797,9,3,5397.00,COMPLETED,2026-02-02 12:35:00
997,255,16,2,3998.00,COMPLETED,2026-06-12 16:28:00
998,368,11,1,899.00,COMPLETED,2026-06-11 12:51:00
999,271,16,1,1999.00,COMPLETED,2026-01-30 17:30:00
1000,715,18,1,2599.00,COMPLETED,2026-08-20 10:49:00
1001,205,1,1,1499.00,PENDING,2026-04-01 18:25:00
1002,861,15,1,1599.00,REFUNDED,2026-03-25 15:28:00
1003,858,19,1,1399.00,COMPLETED,2026-08-30 10:33:00
1004,351,15,1,1599.00,COMPLETED,2026-06-21 08:29:00
1005,561,18,2,5198.00,COMPLETED,2026-06-04 12:28:00
1006,13,9,1,1799.00,COMPLETED,2026-07-15 08:04:00
1007,768,5,4,9996.00,CANCELLED,2026-08-25 19:15:00
1008,914,9,2,3598.00,COMPLETED,2026-04-02 16:10:00
1009,467,3,1,2999.00,COMPLETED,2026-02-26 21:16:00
1010,257,2,3,5997.00,COMPLETED,2026-03-12 18:51:00
1011,63,8,2,11998.00,COMPLETED,2026-08-11 18:18:00
1012,219,7,1,4999.00,REFUNDED,2026-04-16 20:46:00
1013,853,10,1,1299.00,COMPLETED,2026-03-14 20:08:00
1014,417,10,1,1299.00,COMPLETED,2026-03-05 19:19:00
1015,640,12,1,4499.00,CANCELLED,2026-03-18 13:11:00
1016,509,8,1,5999.00,COMPLETED,2026-05-30 09:52:00
1017,369,15,1,1599.00,REFUNDED,2026-05-01 16:14:00
1018,219,10,1,1299.00,CANCELLED,2026-02-15 17:33:00
1019,404,11,2,1798.00,COMPLETED,2026-05-26 20:06:00
1020,649,13,1,5499.00,COMPLETED,2026-06-22 17:12:00
1021,763,17,1,2099.00,COMPLETED,2026-02-17 14:36:00
1022,468,8,1,5999.00,COMPLETED,2026-01-19 16:55:00
1023,659,20,1,999.00,COMPLETED,2026-02-08 13:33:00
1024,39,20,3,2997.00,COMPLETED,2026-04-20 21:30:00
1025,706,12,1,4499.00,COMPLETED,2026-07-26 10:59:00
1026,964,19,1,1399.00,COMPLETED,2026-08-27 16:02:00
1027,190,19,1,1399.00,COMPLETED,2026-06-01 18:44:00
1028,460,9,3,5397.00,COMPLETED,2026-03-10 21:42:00
1029,276,2,3,5997.00,COMPLETED,2026-05-14 08:39:00
1030,496,4,2,1998.00,COMPLETED,2026-02-07 20:02:00
1031,612,7,2,9998.00,COMPLETED,2026-03-11 08:23:00
1032,554,16,1,1999.00,CANCELLED,2026-07-23 13:25:00
1033,407,18,1,2599.00,COMPLETED,2026-02-26 09:26:00
1034,631,2,1,1999.00,COMPLETED,2026-07-24 15:54:00
1035,619,16,1,1999.00,COMPLETED,2026-07-20 10:23:00
1036,101,10,1,1299.00,REFUNDED,2026-07-18 13:08:00
1037,995,13,1,5499.00,COMPLETED,2026-07-21 15:49:00
1038,401,8,2,11998.00,COMPLETED,2026-04-24 08:20:00
1039,799,1,1,1499.00,COMPLETED,2026-06-25 19:40:00
1040,640,18,1,2599.00,REFUNDED,2026-08-05 16:49:00
1041,859,4,1,999.00,COMPLETED,2026-01-28 10:44:00
1042,1,3,2,5998.00,COMPLETED,2026-06-24 19:07:00
1043,231,1,1,1499.00,COMPLETED,2026-02-03 21:48:00
1044,171,12,1,4499.00,CANCELLED,2026-04-10 08:10:00
1045,800,16,3,5997.00,COMPLETED,2026-07-25 08:12:00
1046,283,14,1,1199.00,COMPLETED,2026-08-26 16:12:00
1047,238,5,3,7497.00,COMPLETED,2026-07-15 10:10:00
1048,905,8,1,5999.00,COMPLETED,2026-08-28 16:18:00
1049,703,10,1,1299.00,PENDING,2026-02-26 10:00:00
1050,457,4,1,999.00,COMPLETED,2026-06-17 14:59:00
1051,935,6,1,3499.00,COMPLETED,2026-08-06 13:16:00
1052,204,9,1,1799.00,COMPLETED,2026-01-29 13:03:00
1053,911,14,2,2398.00,COMPLETED,2026-05-11 12:10:00
1054,610,18,1,2599.00,COMPLETED,2026-02-13 18:00:00
1055,496,4,1,999.00,COMPLETED,2026-07-10 14:43:00
1056,315,12,3,13497.00,COMPLETED,2026-04-20 08:33:00
1057,248,15,1,1599.00,COMPLETED,2026-04-15 09:54:00
1058,451,2,1,1999.00,COMPLETED,2026-03-01 08:08:00
1059,301,6,1,3499.00,COMPLETED,2026-07-17 12:45:00
1060,50,1,3,4497.00,PENDING,2026-03-21 09:08:00
1061,323,4,2,1998.00,COMPLETED,2026-04-19 17:30:00
1062,566,20,1,999.00,COMPLETED,2026-07-22 21:30:00
1063,474,10,2,2598.00,COMPLETED,2026-03-04 12:22:00
1064,695,3,2,5998.00,COMPLETED,2026-01-07 13:48:00
1065,899,7,1,4999.00,COMPLETED,2026-03-08 14:44:00
1066,580,14,3,3597.00,COMPLETED,2026-06-12 14:31:00
1067,421,10,1,1299.00,COMPLETED,2026-03-08 08:39:00
1068,461,10,2,2598.00,COMPLETED,2026-07-28 12:47:00
1069,58,1,2,2998.00,COMPLETED,2026-06-08 11:28:00
1070,555,8,1,5999.00,COMPLETED,2026-03-28 18:00:00
1071,144,3,1,2999.00,COMPLETED,2026-08-25 09:02:00
1072,821,6,1,3499.00,COMPLETED,2026-04-27 10:10:00
1073,611,17,1,2099.00,CANCELLED,2026-04-05 16:19:00
1074,389,17,1,2099.00,PENDING,2026-02-27 11:18:00
1075,683,20,1,999.00,COMPLETED,2026-07-26 19:44:00
1076,362,11,1,899.00,CANCELLED,2026-03-28 14:51:00
1077,619,20,1,999.00,CANCELLED,2026-02-15 17:47:00
1078,63,9,1,1799.00,COMPLETED,2026-02-18 11:14:00
1079,956,4,1,999.00,COMPLETED,2026-04-03 13:11:00
1080,789,1,2,2998.00,COMPLETED,2026-04-28 14:41:00
1081,76,8,3,17997.00,COMPLETED,2026-05-24 20:08:00
1082,218,5,2,4998.00,COMPLETED,2026-03-07 08:20:00
1083,754,7,2,9998.00,COMPLETED,2026-08-31 18:05:00
1084,203,4,2,1998.00,COMPLETED,2026-08-25 21:15:00
1085,574,10,1,1299.00,COMPLETED,2026-07-13 13:07:00
1086,578,9,2,3598.00,COMPLETED,2026-07-28 15:39:00
1087,770,13,2,10998.00,COMPLETED,2026-03-18 17:45:00
1088,265,17,2,4198.00,COMPLETED,2026-03-04 12:18:00
1089,413,18,1,2599.00,COMPLETED,2026-03-22 10:08:00
1090,415,10,1,1299.00,COMPLETED,2026-06-09 20:54:00
1091,895,7,2,9998.00,PENDING,2026-05-23 13:15:00
1092,193,10,2,2598.00,COMPLETED,2026-08-19 09:30:00
1093,940,17,1,2099.00,COMPLETED,2026-02-21 10:02:00
1094,558,1,3,4497.00,COMPLETED,2026-04-19 19:32:00
1095,979,14,2,2398.00,COMPLETED,2026-07-13 16:00:00
1096,38,10,1,1299.00,COMPLETED,2026-08-26 14:58:00
1097,88,11,2,1798.00,COMPLETED,2026-02-22 20:22:00
1098,615,8,2,11998.00,COMPLETED,2026-01-03 13:00:00
1099,38,9,1,1799.00,COMPLETED,2026-08-03 15:37:00
1100,922,5,4,9996.00,COMPLETED,2026-04-21 11:29:00
1101,74,1,2,2998.00,CANCELLED,2026-01-02 16:45:00
1102,464,17,1,2099.00,PENDING,2026-04-18 18:03:00
1103,16,18,1,2599.00,COMPLETED,2026-06-20 19:36:00
1104,165,3,1,2999.00,COMPLETED,2026-05-05 11:09:00
1105,879,4,1,999.00,COMPLETED,2026-02-03 15:56:00
1106,464,8,1,5999.00,COMPLETED,2026-06-03 19:14:00
1107,544,11,1,899.00,COMPLETED,2026-05-30 16:17:00
1108,417,19,1,1399.00,COMPLETED,2026-07-28 15:10:00
1109,661,2,2,3998.00,COMPLETED,2026-02-13 08:17:00
1110,911,17,3,6297.00,COMPLETED,2026-07-11 14:13:00
1111,919,18,1,2599.00,COMPLETED,2026-01-06 08:21:00
1112,844,19,1,1399.00,COMPLETED,2026-03-14 14:43:00
1113,755,10,2,2598.00,COMPLETED,2026-05-06 17:44:00
1114,850,3,1,2999.00,COMPLETED,2026-07-03 11:33:00
1115,515,15,3,4797.00,COMPLETED,2026-03-25 09:19:00
1116,220,18,1,2599.00,COMPLETED,2026-02-26 21:34:00
1117,668,20,2,1998.00,COMPLETED,2026-06-09 13:11:00
1118,734,12,1,4499.00,COMPLETED,2026-02-06 15:05:00
1119,885,8,2,11998.00,COMPLETED,2026-07-30 09:48:00
1120,991,12,2,8998.00,COMPLETED,2026-08-20 21:13:00
1121,66,2,1,1999.00,COMPLETED,2026-06-10 08:43:00
1122,799,17,1,2099.00,COMPLETED,2026-04-15 08:53:00
1123,846,6,1,3499.00,COMPLETED,2026-04-12 08:27:00
1124,207,9,1,1799.00,COMPLETED,2026-04-04 08:37:00
1125,177,4,1,999.00,CANCELLED,2026-02-10 20:42:00
1126,226,7,1,4999.00,COMPLETED,2026-03-19 10:23:00
1127,515,8,3,17997.00,COMPLETED,2026-08-15 19:11:00
1128,995,11,1,899.00,CANCELLED,2026-01-23 14:06:00
1129,79,15,2,3198.00,CANCELLED,2026-02-23 13:05:00
1130,318,7,1,4999.00,COMPLETED,2026-01-19 21:20:00
1131,814,16,1,1999.00,COMPLETED,2026-03-23 17:03:00
1132,771,1,3,4497.00,COMPLETED,2026-01-04 21:26:00
1133,12,12,1,4499.00,COMPLETED,2026-08-17 10:51:00
1134,586,6,2,6998.00,COMPLETED,2026-08-06 14:26:00
1135,203,12,3,13497.00,COMPLETED,2026-01-16 14:44:00
1136,425,18,1,2599.00,COMPLETED,2026-04-24 21:27:00
1137,552,11,2,1798.00,CANCELLED,2026-08-03 09:57:00
1138,789,11,1,899.00,COMPLETED,2026-03-16 17:35:00
1139,240,5,4,9996.00,COMPLETED,2026-02-14 09:11:00
1140,507,10,1,1299.00,COMPLETED,2026-03-21 19:43:00
1141,908,7,3,14997.00,COMPLETED,2026-05-21 16:03:00
1142,465,6,1,3499.00,COMPLETED,2026-05-01 15:27:00
1143,480,5,3,7497.00,COMPLETED,2026-04-18 11:02:00
1144,419,11,4,3596.00,COMPLETED,2026-02-05 15:42:00
1145,286,13,2,10998.00,COMPLETED,2026-08-30 09:49:00
1146,611,1,2,2998.00,COMPLETED,2026-02-28 19:31:00
1147,454,17,1,2099.00,CANCELLED,2026-04-08 10:29:00
1148,474,16,1,1999.00,COMPLETED,2026-05-18 15:36:00
1149,670,1,1,1499.00,COMPLETED,2026-05-07 16:57:00
1150,128,16,3,5997.00,COMPLETED,2026-08-20 08:51:00
1151,967,11,1,899.00,COMPLETED,2026-06-16 12:38:00
1152,8,10,1,1299.00,COMPLETED,2026-07-11 12:05:00
1153,454,6,1,3499.00,COMPLETED,2026-05-22 18:57:00
1154,236,11,1,899.00,COMPLETED,2026-08-12 11:09:00
1155,414,15,1,1599.00,COMPLETED,2026-04-15 15:16:00
1156,881,13,1,5499.00,PENDING,2026-06-29 19:35:00
1157,101,12,1,4499.00,COMPLETED,2026-08-02 09:11:00
1158,11,3,2,5998.00,PENDING,2026-07-01 14:04:00
1159,461,4,2,1998.00,COMPLETED,2026-08-16 10:26:00
1160,912,14,2,2398.00,COMPLETED,2026-03-26 14:30:00
1161,730,15,1,1599.00,CANCELLED,2026-02-18 17:13:00
1162,480,15,2,3198.00,COMPLETED,2026-04-10 10:26:00
1163,905,5,2,4998.00,PENDING,2026-05-12 15:24:00
1164,364,4,1,999.00,COMPLETED,2026-01-28 08:20:00
1165,114,20,1,999.00,CANCELLED,2026-04-29 10:55:00
1166,140,1,1,1499.00,REFUNDED,2026-02-22 14:02:00
1167,428,13,2,10998.00,COMPLETED,2026-01-01 17:19:00
1168,136,12,1,4499.00,REFUNDED,2026-04-07 17:00:00
1169,612,9,1,1799.00,COMPLETED,2026-07-11 14:02:00
1170,270,5,1,2499.00,COMPLETED,2026-04-06 13:22:00
1171,896,8,1,5999.00,COMPLETED,2026-02-25 16:12:00
1172,17,6,1,3499.00,COMPLETED,2026-01-24 08:42:00
1173,159,10,3,3897.00,CANCELLED,2026-03-04 10:24:00
1174,897,7,1,4999.00,REFUNDED,2026-03-13 10:31:00
1175,343,4,1,999.00,COMPLETED,2026-04-13 09:03:00
1176,363,20,1,999.00,COMPLETED,2026-04-22 12:51:00
1177,953,2,1,1999.00,COMPLETED,2026-05-25 15:51:00
1178,925,15,1,1599.00,COMPLETED,2026-05-21 09:46:00
1179,453,3,1,2999.00,COMPLETED,2026-05-09 13:08:00
1180,702,19,1,1399.00,COMPLETED,2026-07-03 14:57:00
1181,228,17,1,2099.00,COMPLETED,2026-02-28 20:42:00
1182,949,2,1,1999.00,COMPLETED,2026-08-11 19:33:00
1183,536,5,1,2499.00,COMPLETED,2026-02-13 20:51:00
1184,223,20,1,999.00,CANCELLED,2026-01-08 17:19:00
1185,289,6,2,6998.00,COMPLETED,2026-03-06 14:01:00
1186,136,9,3,5397.00,COMPLETED,2026-06-20 20:00:00
1187,182,16,2,3998.00,COMPLETED,2026-06-01 20:08:00
1188,195,13,2,10998.00,COMPLETED,2026-05-22 20:20:00
1189,380,1,1,1499.00,COMPLETED,2026-05-05 15:13:00
1190,432,7,3,14997.00,REFUNDED,2026-03-18 14:30:00
1191,65,10,1,1299.00,COMPLETED,2026-07-03 19:31:00
1192,248,6,1,3499.00,CANCELLED,2026-04-01 09:32:00
1193,401,9,1,1799.00,COMPLETED,2026-01-07 20:11:00
1194,951,15,1,1599.00,PENDING,2026-06-10 17:39:00
1195,792,11,2,1798.00,COMPLETED,2026-08-05 17:12:00
1196,919,7,3,14997.00,COMPLETED,2026-01-19 16:30:00
1197,209,11,2,1798.00,COMPLETED,2026-01-25 17:56:00
1198,40,19,1,1399.00,COMPLETED,2026-06-04 18:57:00
1199,465,10,1,1299.00,COMPLETED,2026-03-01 12:18:00
1200,645,9,3,5397.00,COMPLETED,2026-08-10 20:13:00
1201,391,5,1,2499.00,COMPLETED,2026-04-24 16:17:00
1202,694,5,2,4998.00,COMPLETED,2026-01-28 12:12:00
1203,413,1,1,1499.00,COMPLETED,2026-08-20 18:55:00
1204,118,11,3,2697.00,COMPLETED,2026-02-01 11:37:00
1205,300,1,1,1499.00,COMPLETED,2026-02-01 14:29:00
1206,474,13,2,10998.00,COMPLETED,2026-06-19 12:49:00
1207,523,8,1,5999.00,COMPLETED,2026-01-05 14:48:00
1208,177,17,1,2099.00,COMPLETED,2026-01-12 19:50:00
1209,367,16,2,3998.00,COMPLETED,2026-02-22 21:44:00
1210,582,16,2,3998.00,COMPLETED,2026-01-07 08:32:00
1211,194,12,3,13497.00,COMPLETED,2026-06-29 12:56:00
1212,78,4,1,999.00,COMPLETED,2026-01-10 16:05:00
1213,556,5,1,2499.00,COMPLETED,2026-03-15 14:32:00
1214,370,3,2,5998.00,COMPLETED,2026-02-07 21:49:00
1215,588,1,1,1499.00,COMPLETED,2026-08-25 18:22:00
1216,716,3,1,2999.00,PENDING,2026-03-24 19:17:00
1217,743,2,1,1999.00,COMPLETED,2026-01-07 15:17:00
1218,284,6,1,3499.00,CANCELLED,2026-02-20 12:59:00
1219,460,7,2,9998.00,COMPLETED,2026-03-27 17:41:00
1220,443,8,2,11998.00,COMPLETED,2026-03-05 10:06:00
1221,35,9,1,1799.00,COMPLETED,2026-02-10 18:47:00
1222,751,13,1,5499.00,COMPLETED,2026-06-25 13:44:00
1223,11,11,3,2697.00,COMPLETED,2026-06-06 12:34:00
1224,627,13,1,5499.00,COMPLETED,2026-07-13 21:13:00
1225,470,9,1,1799.00,COMPLETED,2026-08-25 13:59:00
1226,698,9,1,1799.00,REFUNDED,2026-04-05 09:48:00
1227,357,2,1,1999.00,COMPLETED,2026-03-18 10:20:00
1228,881,8,1,5999.00,COMPLETED,2026-03-31 19:39:00
1229,162,2,2,3998.00,COMPLETED,2026-07-10 21:01:00
1230,692,12,2,8998.00,COMPLETED,2026-06-09 09:02:00
1231,423,11,1,899.00,COMPLETED,2026-04-09 19:34:00
1232,685,6,4,13996.00,COMPLETED,2026-02-12 18:58:00
1233,70,12,1,4499.00,COMPLETED,2026-05-20 19:46:00
1234,287,6,1,3499.00,COMPLETED,2026-05-03 15:00:00
1235,768,18,1,2599.00,COMPLETED,2026-01-16 09:39:00
1236,863,19,3,4197.00,COMPLETED,2026-07-15 20:34:00
1237,343,1,3,4497.00,CANCELLED,2026-02-23 17:16:00
1238,824,10,2,2598.00,COMPLETED,2026-04-25 18:20:00
1239,898,19,3,4197.00,COMPLETED,2026-04-04 20:40:00
1240,652,10,1,1299.00,COMPLETED,2026-03-18 21:36:00
1241,30,7,1,4999.00,COMPLETED,2026-08-10 09:17:00
1242,731,9,1,1799.00,COMPLETED,2026-06-05 20:52:00
1243,17,6,2,6998.00,COMPLETED,2026-08-26 12:12:00
1244,584,18,3,7797.00,COMPLETED,2026-02-09 11:15:00
1245,72,12,2,8998.00,PENDING,2026-02-23 15:08:00
1246,78,3,2,5998.00,COMPLETED,2026-06-15 15:44:00
1247,655,9,1,1799.00,COMPLETED,2026-04-01 09:29:00
1248,208,4,1,999.00,COMPLETED,2026-03-26 08:01:00
1249,599,9,1,1799.00,COMPLETED,2026-03-25 19:22:00
1250,207,19,1,1399.00,REFUNDED,2026-04-10 21:19:00
1251,644,5,2,4998.00,COMPLETED,2026-03-26 13:33:00
1252,740,17,1,2099.00,COMPLETED,2026-07-01 14:14:00
1253,318,20,1,999.00,COMPLETED,2026-07-12 20:55:00
1254,280,4,3,2997.00,COMPLETED,2026-04-26 21:59:00
1255,216,15,2,3198.00,COMPLETED,2026-03-27 15:17:00
1256,195,4,1,999.00,COMPLETED,2026-03-09 08:53:00
1257,100,19,2,2798.00,PENDING,2026-04-28 16:31:00
1258,898,1,1,1499.00,PENDING,2026-03-21 15:53:00
1259,175,20,1,999.00,COMPLETED,2026-03-03 19:02:00
1260,605,18,1,2599.00,COMPLETED,2026-05-10 15:42:00
1261,310,20,1,999.00,CANCELLED,2026-05-01 09:13:00
1262,100,19,1,1399.00,COMPLETED,2026-04-25 12:04:00
1263,590,18,1,2599.00,COMPLETED,2026-02-19 15:35:00
1264,638,6,1,3499.00,COMPLETED,2026-02-17 10:44:00
1265,498,11,1,899.00,COMPLETED,2026-01-24 11:18:00
1266,711,6,1,3499.00,COMPLETED,2026-03-13 08:40:00
1267,398,8,4,23996.00,COMPLETED,2026-04-14 20:48:00
1268,399,20,1,999.00,PENDING,2026-08-02 12:17:00
1269,230,5,1,2499.00,COMPLETED,2026-01-18 12:59:00
1270,56,17,1,2099.00,COMPLETED,2026-05-27 21:42:00
1271,245,9,3,5397.00,COMPLETED,2026-07-03 19:32:00
1272,805,9,1,1799.00,COMPLETED,2026-08-20 10:37:00
1273,801,10,2,2598.00,COMPLETED,2026-05-10 17:06:00
1274,521,14,2,2398.00,COMPLETED,2026-01-08 20:09:00
1275,853,2,1,1999.00,COMPLETED,2026-06-07 09:24:00
1276,942,11,2,1798.00,COMPLETED,2026-01-04 16:15:00
1277,288,19,2,2798.00,COMPLETED,2026-01-09 21:48:00
1278,265,15,4,6396.00,COMPLETED,2026-08-27 14:27:00
1279,293,15,2,3198.00,COMPLETED,2026-05-23 08:16:00
1280,742,9,1,1799.00,COMPLETED,2026-02-08 19:26:00
1281,428,20,2,1998.00,COMPLETED,2026-05-23 09:00:00
1282,423,12,1,4499.00,COMPLETED,2026-07-08 18:58:00
1283,766,10,2,2598.00,COMPLETED,2026-07-28 10:56:00
1284,373,14,1,1199.00,COMPLETED,2026-07-02 21:20:00
1285,963,4,1,999.00,PENDING,2026-05-06 16:28:00
1286,419,11,3,2697.00,COMPLETED,2026-04-30 16:53:00
1287,642,9,2,3598.00,COMPLETED,2026-08-05 21:03:00
1288,465,20,1,999.00,COMPLETED,2026-06-05 17:22:00
1289,995,8,1,5999.00,COMPLETED,2026-06-19 10:11:00
1290,184,14,1,1199.00,COMPLETED,2026-02-21 15:26:00
1291,974,5,1,2499.00,COMPLETED,2026-02-26 18:19:00
1292,241,15,1,1599.00,PENDING,2026-05-13 10:08:00
1293,529,17,3,6297.00,COMPLETED,2026-08-01 10:47:00
1294,212,8,1,5999.00,REFUNDED,2026-06-17 12:02:00
1295,859,19,1,1399.00,COMPLETED,2026-03-23 18:07:00
1296,715,7,1,4999.00,REFUNDED,2026-04-25 21:58:00
1297,181,16,1,1999.00,COMPLETED,2026-07-15 18:54:00
1298,761,10,1,1299.00,COMPLETED,2026-03-03 08:11:00
1299,487,15,1,1599.00,REFUNDED,2026-05-14 09:55:00
1300,981,11,1,899.00,COMPLETED,2026-05-18 14:43:00
1301,260,9,2,3598.00,COMPLETED,2026-05-29 09:46:00
1302,650,18,1,2599.00,CANCELLED,2026-03-06 14:17:00
1303,973,18,1,2599.00,CANCELLED,2026-04-30 10:22:00
1304,882,8,3,17997.00,COMPLETED,2026-01-29 10:24:00
1305,394,3,1,2999.00,PENDING,2026-06-16 20:21:00
1306,401,10,1,1299.00,COMPLETED,2026-03-19 09:46:00
1307,819,1,1,1499.00,COMPLETED,2026-07-14 11:33:00
1308,430,1,2,2998.00,COMPLETED,2026-01-19 21:31:00
1309,937,16,1,1999.00,REFUNDED,2026-06-24 20:58:00
1310,196,11,1,899.00,COMPLETED,2026-06-18 13:57:00
1311,575,6,2,6998.00,COMPLETED,2026-05-05 10:02:00
1312,731,5,1,2499.00,COMPLETED,2026-05-25 19:41:00
1313,487,3,1,2999.00,COMPLETED,2026-06-11 14:08:00
1314,499,12,1,4499.00,PENDING,2026-07-15 21:17:00
1315,370,19,1,1399.00,COMPLETED,2026-08-20 18:32:00
1316,70,6,1,3499.00,COMPLETED,2026-06-14 13:43:00
1317,280,20,1,999.00,COMPLETED,2026-01-11 15:10:00
1318,30,15,2,3198.00,COMPLETED,2026-05-20 10:28:00
1319,880,11,1,899.00,PENDING,2026-07-30 10:05:00
1320,210,11,2,1798.00,COMPLETED,2026-04-16 16:55:00
1321,974,11,2,1798.00,REFUNDED,2026-07-22 21:56:00
1322,250,5,3,7497.00,REFUNDED,2026-04-26 20:35:00
1323,505,14,1,1199.00,COMPLETED,2026-04-30 20:14:00
1324,216,7,2,9998.00,COMPLETED,2026-03-01 19:57:00
1325,189,20,1,999.00,COMPLETED,2026-02-11 19:09:00
1326,890,1,1,1499.00,COMPLETED,2026-01-13 16:28:00
1327,179,17,1,2099.00,REFUNDED,2026-01-06 11:35:00
1328,333,18,2,5198.00,CANCELLED,2026-08-03 17:12:00
1329,894,9,2,3598.00,COMPLETED,2026-02-19 09:37:00
1330,700,1,2,2998.00,COMPLETED,2026-04-13 14:06:00
1331,789,9,1,1799.00,CANCELLED,2026-07-20 20:32:00
1332,575,19,1,1399.00,COMPLETED,2026-04-17 21:02:00
1333,41,5,1,2499.00,REFUNDED,2026-02-10 08:48:00
1334,189,8,3,17997.00,COMPLETED,2026-04-28 17:27:00
1335,672,5,1,2499.00,COMPLETED,2026-01-16 20:52:00
1336,213,18,1,2599.00,COMPLETED,2026-04-14 11:41:00
1337,552,15,1,1599.00,COMPLETED,2026-06-24 21:21:00
1338,323,3,2,5998.00,COMPLETED,2026-07-20 15:19:00
1339,984,8,1,5999.00,COMPLETED,2026-03-13 16:58:00
1340,282,18,1,2599.00,COMPLETED,2026-08-06 19:06:00
1341,518,4,2,1998.00,COMPLETED,2026-08-06 10:15:00
1342,472,7,1,4999.00,COMPLETED,2026-06-08 08:02:00
1343,39,13,1,5499.00,COMPLETED,2026-07-24 19:20:00
1344,760,9,1,1799.00,REFUNDED,2026-08-22 21:03:00
1345,173,14,1,1199.00,COMPLETED,2026-04-01 19:45:00
1346,23,10,1,1299.00,COMPLETED,2026-02-01 15:38:00
1347,641,6,3,10497.00,REFUNDED,2026-05-17 17:07:00
1348,164,12,2,8998.00,COMPLETED,2026-06-18 17:44:00
1349,128,3,1,2999.00,COMPLETED,2026-08-17 17:41:00
1350,542,19,1,1399.00,COMPLETED,2026-08-20 12:15:00
1351,844,3,1,2999.00,REFUNDED,2026-07-14 08:20:00
1352,254,9,2,3598.00,COMPLETED,2026-07-05 14:44:00
1353,111,14,3,3597.00,COMPLETED,2026-01-24 12:12:00
1354,539,7,2,9998.00,COMPLETED,2026-02-26 16:50:00
1355,998,20,1,999.00,COMPLETED,2026-05-17 13:50:00
1356,466,6,1,3499.00,CANCELLED,2026-01-06 15:00:00
1357,220,9,3,5397.00,CANCELLED,2026-08-18 18:53:00
1358,600,5,1,2499.00,COMPLETED,2026-01-25 17:41:00
1359,320,20,2,1998.00,COMPLETED,2026-06-15 09:13:00
1360,905,5,2,4998.00,COMPLETED,2026-05-01 13:20:00
1361,181,8,1,5999.00,COMPLETED,2026-07-03 16:28:00
1362,203,13,1,5499.00,COMPLETED,2026-07-09 16:53:00
1363,287,16,1,1999.00,COMPLETED,2026-01-31 19:38:00
1364,250,19,1,1399.00,COMPLETED,2026-03-16 14:39:00
1365,997,6,1,3499.00,COMPLETED,2026-02-23 18:04:00
1366,906,11,1,899.00,COMPLETED,2026-08-04 15:36:00
1367,590,6,3,10497.00,COMPLETED,2026-08-27 16:00:00
1368,235,18,1,2599.00,COMPLETED,2026-08-07 11:46:00
1369,451,15,1,1599.00,COMPLETED,2026-01-25 15:31:00
1370,857,13,1,5499.00,COMPLETED,2026-08-29 15:56:00
1371,158,14,3,3597.00,COMPLETED,2026-02-01 13:43:00
1372,449,18,3,7797.00,COMPLETED,2026-08-05 09:10:00
1373,105,17,1,2099.00,PENDING,2026-02-16 12:16:00
1374,16,8,2,11998.00,COMPLETED,2026-07-01 10:20:00
1375,60,18,4,10396.00,COMPLETED,2026-06-08 18:06:00
1376,754,17,1,2099.00,COMPLETED,2026-03-26 16:40:00
1377,133,18,1,2599.00,COMPLETED,2026-01-02 10:10:00
1378,10,12,1,4499.00,COMPLETED,2026-01-30 21:18:00
1379,905,20,1,999.00,COMPLETED,2026-08-02 12:01:00
1380,281,1,1,1499.00,COMPLETED,2026-06-13 17:14:00
1381,870,18,1,2599.00,CANCELLED,2026-05-14 20:42:00
1382,752,20,2,1998.00,COMPLETED,2026-07-20 17:19:00
1383,543,4,2,1998.00,COMPLETED,2026-05-29 09:18:00
1384,203,5,1,2499.00,COMPLETED,2026-08-26 16:30:00
1385,59,6,1,3499.00,COMPLETED,2026-08-13 19:57:00
1386,868,3,1,2999.00,COMPLETED,2026-07-20 17:53:00
1387,400,11,1,899.00,COMPLETED,2026-03-22 08:09:00
1388,37,15,1,1599.00,COMPLETED,2026-04-14 12:15:00
1389,863,13,2,10998.00,COMPLETED,2026-07-11 09:38:00
1390,336,13,1,5499.00,COMPLETED,2026-04-14 10:54:00
1391,792,18,2,5198.00,COMPLETED,2026-06-19 09:57:00
1392,984,7,1,4999.00,COMPLETED,2026-07-12 09:20:00
1393,129,17,1,2099.00,COMPLETED,2026-07-16 19:41:00
1394,690,11,1,899.00,COMPLETED,2026-08-27 10:21:00
1395,567,5,2,4998.00,COMPLETED,2026-01-04 13:48:00
1396,42,16,1,1999.00,PENDING,2026-08-13 10:00:00
1397,96,4,2,1998.00,COMPLETED,2026-05-12 20:30:00
1398,553,17,1,2099.00,COMPLETED,2026-07-28 08:53:00
1399,155,4,1,999.00,COMPLETED,2026-07-12 12:16:00
1400,704,16,1,1999.00,CANCELLED,2026-05-24 18:00:00
1401,616,13,1,5499.00,COMPLETED,2026-05-08 13:16:00
1402,928,15,2,3198.00,COMPLETED,2026-07-24 16:54:00
1403,188,2,1,1999.00,COMPLETED,2026-01-18 10:23:00
1404,155,1,1,1499.00,COMPLETED,2026-05-14 12:41:00
1405,409,16,2,3998.00,COMPLETED,2026-02-18 21:29:00
1406,388,17,1,2099.00,REFUNDED,2026-03-15 18:52:00
1407,381,5,3,7497.00,COMPLETED,2026-05-25 16:58:00
1408,788,12,1,4499.00,COMPLETED,2026-04-20 14:42:00
1409,865,6,1,3499.00,REFUNDED,2026-06-16 16:52:00
1410,294,11,2,1798.00,COMPLETED,2026-07-25 17:40:00
1411,672,8,1,5999.00,COMPLETED,2026-05-13 17:34:00
1412,645,11,3,2697.00,COMPLETED,2026-06-15 10:07:00
1413,609,3,1,2999.00,COMPLETED,2026-03-09 15:28:00
1414,502,1,1,1499.00,COMPLETED,2026-01-30 18:30:00
1415,748,17,1,2099.00,PENDING,2026-08-04 11:59:00
1416,175,10,2,2598.00,COMPLETED,2026-08-01 11:28:00
1417,153,4,1,999.00,COMPLETED,2026-04-06 20:34:00
1418,944,5,2,4998.00,COMPLETED,2026-05-09 13:21:00
1419,381,15,1,1599.00,PENDING,2026-04-30 17:31:00
1420,758,13,1,5499.00,COMPLETED,2026-02-11 13:07:00
1421,406,20,2,1998.00,COMPLETED,2026-04-22 13:34:00
1422,759,2,1,1999.00,COMPLETED,2026-04-04 17:49:00
1423,940,3,1,2999.00,COMPLETED,2026-06-24 21:47:00
1424,66,3,2,5998.00,COMPLETED,2026-02-05 10:21:00
1425,902,14,3,3597.00,COMPLETED,2026-04-07 19:02:00
1426,735,18,1,2599.00,REFUNDED,2026-04-07 17:19:00
1427,100,2,1,1999.00,COMPLETED,2026-07-09 13:14:00
1428,389,7,1,4999.00,COMPLETED,2026-04-08 16:36:00
1429,376,2,1,1999.00,COMPLETED,2026-07-13 13:46:00
1430,443,16,2,3998.00,COMPLETED,2026-03-06 18:26:00
1431,364,15,1,1599.00,COMPLETED,2026-05-17 09:49:00
1432,451,8,1,5999.00,COMPLETED,2026-01-24 15:24:00
1433,777,18,2,5198.00,COMPLETED,2026-05-17 12:24:00
1434,223,10,1,1299.00,COMPLETED,2026-06-15 19:34:00
1435,953,1,1,1499.00,COMPLETED,2026-06-06 19:54:00
1436,554,3,1,2999.00,PENDING,2026-02-05 08:08:00
1437,214,20,1,999.00,COMPLETED,2026-02-21 09:23:00
1438,216,17,1,2099.00,COMPLETED,2026-03-23 09:39:00
1439,747,8,1,5999.00,CANCELLED,2026-02-16 12:33:00
1440,123,12,1,4499.00,PENDING,2026-06-01 17:59:00
1441,87,12,1,4499.00,COMPLETED,2026-03-25 17:21:00
1442,882,11,1,899.00,COMPLETED,2026-01-06 15:37:00
1443,747,8,1,5999.00,REFUNDED,2026-03-04 17:17:00
1444,215,18,4,10396.00,COMPLETED,2026-05-20 14:45:00
1445,667,7,1,4999.00,REFUNDED,2026-04-20 10:59:00
1446,584,8,1,5999.00,COMPLETED,2026-07-07 15:00:00
1447,454,13,3,16497.00,COMPLETED,2026-08-25 19:47:00
1448,84,14,1,1199.00,COMPLETED,2026-04-28 19:57:00
1449,135,7,1,4999.00,COMPLETED,2026-01-06 14:38:00
1450,402,8,2,11998.00,COMPLETED,2026-07-01 20:15:00
1451,949,13,1,5499.00,COMPLETED,2026-05-12 16:03:00
1452,453,4,1,999.00,COMPLETED,2026-05-08 18:05:00
1453,586,12,2,8998.00,COMPLETED,2026-08-12 09:42:00
1454,519,12,3,13497.00,COMPLETED,2026-07-11 17:06:00
1455,329,19,2,2798.00,COMPLETED,2026-07-20 11:13:00
1456,605,7,1,4999.00,COMPLETED,2026-02-20 08:51:00
1457,119,12,1,4499.00,COMPLETED,2026-02-17 10:15:00
1458,291,12,1,4499.00,COMPLETED,2026-05-31 12:29:00
1459,345,13,2,10998.00,COMPLETED,2026-02-19 15:42:00
1460,56,19,2,2798.00,COMPLETED,2026-05-04 18:54:00
1461,86,3,1,2999.00,COMPLETED,2026-05-22 08:10:00
1462,232,14,1,1199.00,CANCELLED,2026-02-08 20:56:00
1463,388,11,1,899.00,COMPLETED,2026-06-07 09:47:00
1464,28,14,1,1199.00,COMPLETED,2026-07-13 09:02:00
1465,357,19,1,1399.00,COMPLETED,2026-05-26 21:17:00
1466,585,8,3,17997.00,COMPLETED,2026-06-04 11:18:00
1467,422,16,1,1999.00,COMPLETED,2026-05-23 15:59:00
1468,167,12,1,4499.00,COMPLETED,2026-03-20 14:52:00
1469,549,14,1,1199.00,COMPLETED,2026-07-15 14:36:00
1470,221,3,1,2999.00,COMPLETED,2026-02-13 19:03:00
1471,197,16,4,7996.00,PENDING,2026-05-11 18:17:00
1472,226,20,1,999.00,COMPLETED,2026-01-15 16:20:00
1473,219,14,3,3597.00,COMPLETED,2026-02-26 21:57:00
1474,840,4,2,1998.00,COMPLETED,2026-05-11 14:45:00
1475,854,18,1,2599.00,COMPLETED,2026-05-17 14:40:00
1476,864,20,1,999.00,COMPLETED,2026-07-24 21:39:00
1477,929,20,3,2997.00,COMPLETED,2026-06-23 11:43:00
1478,944,10,1,1299.00,COMPLETED,2026-01-09 13:12:00
1479,647,19,1,1399.00,COMPLETED,2026-04-14 17:19:00
1480,292,1,1,1499.00,COMPLETED,2026-05-02 14:25:00
1481,647,13,1,5499.00,COMPLETED,2026-06-16 18:18:00
1482,428,8,1,5999.00,COMPLETED,2026-02-01 11:53:00
1483,640,17,1,2099.00,CANCELLED,2026-01-25 16:46:00
1484,117,20,1,999.00,COMPLETED,2026-06-16 10:00:00
1485,469,7,1,4999.00,COMPLETED,2026-02-17 15:43:00
1486,124,15,1,1599.00,COMPLETED,2026-07-18 11:54:00
1487,391,13,1,5499.00,COMPLETED,2026-01-05 16:35:00
1488,42,11,1,899.00,COMPLETED,2026-04-25 09:18:00
1489,229,11,2,1798.00,COMPLETED,2026-05-21 12:38:00
1490,312,19,2,2798.00,COMPLETED,2026-04-25 19:22:00
1491,622,19,1,1399.00,COMPLETED,2026-04-05 14:56:00
1492,407,11,2,1798.00,COMPLETED,2026-07-15 21:58:00
1493,207,12,1,4499.00,COMPLETED,2026-01-04 14:46:00
1494,580,5,1,2499.00,COMPLETED,2026-05-30 14:25:00
1495,628,18,1,2599.00,COMPLETED,2026-03-21 11:36:00
1496,814,12,2,8998.00,COMPLETED,2026-07-02 14:14:00
1497,658,5,1,2499.00,PENDING,2026-01-13 20:51:00
1498,885,4,2,1998.00,COMPLETED,2026-06-05 17:34:00
1499,943,15,1,1599.00,COMPLETED,2026-03-05 11:47:00
1500,821,13,1,5499.00,COMPLETED,2026-07-12 14:49:00
1501,941,20,1,999.00,COMPLETED,2026-04-09 20:33:00
1502,341,13,4,21996.00,COMPLETED,2026-01-23 16:13:00
1503,93,15,1,1599.00,COMPLETED,2026-07-27 17:50:00
1504,623,20,1,999.00,COMPLETED,2026-05-24 16:31:00
1505,81,17,1,2099.00,COMPLETED,2026-04-14 09:58:00
1506,113,14,1,1199.00,COMPLETED,2026-08-12 19:24:00
1507,455,2,4,7996.00,COMPLETED,2026-01-22 19:37:00
1508,819,2,1,1999.00,COMPLETED,2026-02-15 19:34:00
1509,793,6,1,3499.00,COMPLETED,2026-03-22 13:36:00
1510,703,12,1,4499.00,PENDING,2026-08-20 16:42:00
1511,147,3,1,2999.00,COMPLETED,2026-03-01 19:21:00
1512,50,1,3,4497.00,COMPLETED,2026-02-25 14:26:00
1513,479,17,2,4198.00,COMPLETED,2026-03-15 15:24:00
1514,371,17,1,2099.00,COMPLETED,2026-01-02 13:41:00
1515,130,1,1,1499.00,COMPLETED,2026-03-07 13:52:00
1516,3,2,2,3998.00,COMPLETED,2026-04-05 11:22:00
1517,141,6,2,6998.00,COMPLETED,2026-02-02 10:44:00
1518,526,13,1,5499.00,COMPLETED,2026-06-16 08:08:00
1519,960,7,1,4999.00,COMPLETED,2026-02-03 12:07:00
1520,941,14,1,1199.00,COMPLETED,2026-05-19 15:19:00
1521,169,4,1,999.00,COMPLETED,2026-05-26 16:22:00
1522,541,5,1,2499.00,COMPLETED,2026-04-11 10:38:00
1523,149,8,1,5999.00,CANCELLED,2026-08-20 18:17:00
1524,906,9,3,5397.00,PENDING,2026-05-10 18:00:00
1525,187,14,2,2398.00,COMPLETED,2026-01-13 15:27:00
1526,199,16,1,1999.00,CANCELLED,2026-04-26 14:14:00
1527,643,4,1,999.00,COMPLETED,2026-07-19 10:32:00
1528,208,18,1,2599.00,COMPLETED,2026-08-29 15:09:00
1529,502,7,2,9998.00,COMPLETED,2026-04-27 13:18:00
1530,793,8,4,23996.00,COMPLETED,2026-03-26 19:25:00
1531,834,10,1,1299.00,COMPLETED,2026-01-19 13:53:00
1532,414,20,2,1998.00,COMPLETED,2026-01-14 15:05:00
1533,92,2,1,1999.00,REFUNDED,2026-04-12 11:54:00
1534,551,5,1,2499.00,COMPLETED,2026-01-13 15:43:00
1535,425,18,2,5198.00,COMPLETED,2026-07-09 17:13:00
1536,190,15,1,1599.00,COMPLETED,2026-01-10 13:01:00
1537,305,19,1,1399.00,COMPLETED,2026-07-04 12:40:00
1538,636,7,1,4999.00,CANCELLED,2026-01-25 21:58:00
1539,740,17,1,2099.00,COMPLETED,2026-06-11 14:57:00
1540,865,12,3,13497.00,COMPLETED,2026-08-13 09:16:00
1541,263,12,3,13497.00,COMPLETED,2026-03-15 21:05:00
1542,121,2,1,1999.00,COMPLETED,2026-04-07 13:40:00
1543,351,15,1,1599.00,COMPLETED,2026-02-14 19:42:00
1544,844,9,2,3598.00,COMPLETED,2026-03-04 12:47:00
1545,918,17,3,6297.00,CANCELLED,2026-06-12 16:19:00
1546,604,19,1,1399.00,COMPLETED,2026-02-07 11:12:00
1547,227,20,2,1998.00,COMPLETED,2026-06-30 16:29:00
1548,689,6,1,3499.00,COMPLETED,2026-05-17 08:17:00
1549,435,13,1,5499.00,COMPLETED,2026-03-04 15:36:00
1550,993,1,1,1499.00,COMPLETED,2026-03-25 19:27:00
1551,225,1,2,2998.00,COMPLETED,2026-04-11 14:47:00
1552,486,14,3,3597.00,COMPLETED,2026-06-24 21:08:00
1553,655,17,1,2099.00,COMPLETED,2026-06-25 16:24:00
1554,707,11,1,899.00,COMPLETED,2026-02-20 12:21:00
1555,619,16,1,1999.00,COMPLETED,2026-01-03 17:12:00
1556,293,3,1,2999.00,CANCELLED,2026-06-07 19:32:00
1557,366,7,1,4999.00,COMPLETED,2026-04-10 16:17:00
1558,976,9,3,5397.00,COMPLETED,2026-07-16 17:32:00
1559,160,11,4,3596.00,COMPLETED,2026-06-01 21:13:00
1560,190,3,4,11996.00,COMPLETED,2026-04-09 18:53:00
1561,468,9,1,1799.00,PENDING,2026-06-18 19:43:00
1562,68,12,2,8998.00,COMPLETED,2026-07-12 10:38:00
1563,941,1,1,1499.00,COMPLETED,2026-07-24 21:51:00
1564,476,15,2,3198.00,PENDING,2026-06-06 14:32:00
1565,890,3,1,2999.00,COMPLETED,2026-06-05 11:52:00
1566,540,7,1,4999.00,COMPLETED,2026-05-12 15:44:00
1567,108,4,1,999.00,REFUNDED,2026-01-14 21:25:00
1568,35,13,2,10998.00,COMPLETED,2026-06-24 13:42:00
1569,124,19,3,4197.00,COMPLETED,2026-08-12 13:12:00
1570,333,13,1,5499.00,COMPLETED,2026-01-26 12:58:00
1571,146,13,1,5499.00,COMPLETED,2026-01-04 20:09:00
1572,191,10,3,3897.00,COMPLETED,2026-03-28 08:14:00
1573,397,20,1,999.00,COMPLETED,2026-02-26 11:48:00
1574,902,3,2,5998.00,COMPLETED,2026-05-21 13:38:00
1575,108,13,3,16497.00,COMPLETED,2026-04-06 08:02:00
1576,934,17,1,2099.00,COMPLETED,2026-03-20 14:42:00
1577,512,10,1,1299.00,CANCELLED,2026-01-14 16:16:00
1578,1,14,2,2398.00,CANCELLED,2026-05-29 16:31:00
1579,678,3,1,2999.00,COMPLETED,2026-03-22 08:01:00
1580,675,5,3,7497.00,COMPLETED,2026-03-08 14:45:00
1581,498,20,1,999.00,COMPLETED,2026-01-26 11:58:00
1582,499,5,1,2499.00,COMPLETED,2026-07-17 12:34:00
1583,301,11,2,1798.00,COMPLETED,2026-02-04 09:23:00
1584,336,13,3,16497.00,REFUNDED,2026-03-26 18:30:00
1585,764,20,1,999.00,COMPLETED,2026-02-05 10:17:00
1586,336,4,1,999.00,COMPLETED,2026-08-30 18:48:00
1587,849,16,1,1999.00,COMPLETED,2026-01-25 16:42:00
1588,332,6,3,10497.00,COMPLETED,2026-06-02 14:15:00
1589,979,7,2,9998.00,COMPLETED,2026-06-28 10:32:00
1590,440,7,1,4999.00,COMPLETED,2026-03-15 09:17:00
1591,716,13,1,5499.00,COMPLETED,2026-07-12 08:42:00
1592,949,17,1,2099.00,COMPLETED,2026-07-10 13:42:00
1593,509,15,4,6396.00,COMPLETED,2026-04-11 20:15:00
1594,941,9,1,1799.00,COMPLETED,2026-07-18 19:15:00
1595,565,8,2,11998.00,COMPLETED,2026-06-08 08:19:00
1596,965,4,2,1998.00,COMPLETED,2026-05-02 20:18:00
1597,737,11,1,899.00,COMPLETED,2026-08-15 10:16:00
1598,698,5,1,2499.00,COMPLETED,2026-03-20 11:07:00
1599,507,13,2,10998.00,COMPLETED,2026-07-17 12:51:00
1600,422,14,3,3597.00,COMPLETED,2026-03-09 11:42:00
1601,459,18,1,2599.00,COMPLETED,2026-01-07 18:12:00
1602,937,6,3,10497.00,COMPLETED,2026-01-01 10:41:00
1603,208,4,1,999.00,COMPLETED,2026-08-01 20:57:00
1604,380,8,2,11998.00,COMPLETED,2026-08-25 10:03:00
1605,791,11,2,1798.00,COMPLETED,2026-04-18 14:27:00
1606,895,12,1,4499.00,COMPLETED,2026-08-14 12:23:00
1607,316,10,1,1299.00,COMPLETED,2026-05-15 08:59:00
1608,972,19,1,1399.00,COMPLETED,2026-03-12 19:54:00
1609,441,4,1,999.00,COMPLETED,2026-01-16 08:39:00
1610,132,20,3,2997.00,PENDING,2026-07-22 13:36:00
1611,697,17,2,4198.00,COMPLETED,2026-04-02 09:10:00
1612,670,5,1,2499.00,COMPLETED,2026-01-29 08:48:00
1613,519,16,2,3998.00,CANCELLED,2026-08-05 16:14:00
1614,813,15,1,1599.00,COMPLETED,2026-07-27 19:43:00
1615,944,12,1,4499.00,REFUNDED,2026-02-02 12:31:00
1616,581,8,2,11998.00,COMPLETED,2026-08-29 08:21:00
1617,942,10,1,1299.00,COMPLETED,2026-02-24 18:28:00
1618,342,16,1,1999.00,CANCELLED,2026-01-20 18:04:00
1619,81,12,4,17996.00,COMPLETED,2026-05-18 17:14:00
1620,790,19,2,2798.00,COMPLETED,2026-02-15 19:32:00
1621,154,17,1,2099.00,COMPLETED,2026-06-16 20:11:00
1622,552,10,1,1299.00,COMPLETED,2026-01-07 13:20:00
1623,673,5,1,2499.00,COMPLETED,2026-03-30 18:34:00
1624,868,12,1,4499.00,COMPLETED,2026-08-10 20:29:00
1625,68,10,2,2598.00,COMPLETED,2026-08-11 08:46:00
1626,976,19,1,1399.00,COMPLETED,2026-08-13 20:28:00
1627,38,17,1,2099.00,COMPLETED,2026-08-15 15:49:00
1628,897,7,1,4999.00,COMPLETED,2026-01-09 15:44:00
1629,873,9,2,3598.00,COMPLETED,2026-08-20 18:17:00
1630,763,6,1,3499.00,COMPLETED,2026-05-27 11:19:00
1631,451,9,1,1799.00,COMPLETED,2026-05-03 17:57:00
1632,507,17,2,4198.00,REFUNDED,2026-04-25 19:22:00
1633,581,2,1,1999.00,COMPLETED,2026-04-22 13:03:00
1634,869,8,3,17997.00,COMPLETED,2026-02-14 17:21:00
1635,497,6,1,3499.00,COMPLETED,2026-07-01 08:57:00
1636,734,17,1,2099.00,COMPLETED,2026-02-27 16:55:00
1637,198,8,4,23996.00,COMPLETED,2026-03-17 16:26:00
1638,151,1,2,2998.00,COMPLETED,2026-06-06 13:39:00
1639,639,9,2,3598.00,COMPLETED,2026-04-12 20:27:00
1640,145,17,1,2099.00,COMPLETED,2026-01-09 21:36:00
1641,422,9,1,1799.00,PENDING,2026-03-23 19:26:00
1642,148,18,1,2599.00,COMPLETED,2026-03-04 15:45:00
1643,188,11,2,1798.00,COMPLETED,2026-06-28 13:57:00
1644,78,9,3,5397.00,COMPLETED,2026-08-18 10:16:00
1645,960,17,1,2099.00,COMPLETED,2026-06-01 21:00:00
1646,200,11,1,899.00,COMPLETED,2026-05-18 13:29:00
1647,856,2,1,1999.00,COMPLETED,2026-06-05 20:53:00
1648,791,12,3,13497.00,COMPLETED,2026-02-20 18:15:00
1649,407,13,2,10998.00,COMPLETED,2026-01-16 14:17:00
1650,677,18,1,2599.00,COMPLETED,2026-01-21 09:08:00
1651,769,17,1,2099.00,COMPLETED,2026-06-04 15:44:00
1652,398,7,1,4999.00,COMPLETED,2026-03-16 11:23:00
1653,687,2,1,1999.00,COMPLETED,2026-02-16 20:05:00
1654,697,16,1,1999.00,COMPLETED,2026-02-28 12:44:00
1655,496,19,1,1399.00,COMPLETED,2026-02-11 11:23:00
1656,463,18,1,2599.00,REFUNDED,2026-02-06 17:17:00
1657,250,5,1,2499.00,COMPLETED,2026-05-27 18:48:00
1658,146,4,1,999.00,COMPLETED,2026-06-11 10:00:00
1659,403,2,2,3998.00,COMPLETED,2026-08-10 12:45:00
1660,704,5,2,4998.00,COMPLETED,2026-04-23 08:53:00
1661,572,18,1,2599.00,COMPLETED,2026-01-08 16:34:00
1662,497,11,1,899.00,COMPLETED,2026-03-29 20:02:00
1663,501,11,3,2697.00,COMPLETED,2026-03-28 09:49:00
1664,4,11,1,899.00,COMPLETED,2026-07-03 11:10:00
1665,52,7,1,4999.00,COMPLETED,2026-03-10 15:57:00
1666,334,3,1,2999.00,COMPLETED,2026-05-31 13:10:00
1667,887,19,1,1399.00,COMPLETED,2026-08-18 15:24:00
1668,239,18,1,2599.00,COMPLETED,2026-07-20 15:13:00
1669,114,6,3,10497.00,PENDING,2026-08-31 11:46:00
1670,726,16,1,1999.00,COMPLETED,2026-04-29 13:52:00
1671,148,5,3,7497.00,COMPLETED,2026-02-23 19:31:00
1672,22,6,2,6998.00,COMPLETED,2026-03-02 15:31:00
1673,503,11,1,899.00,COMPLETED,2026-04-23 14:41:00
1674,240,14,1,1199.00,COMPLETED,2026-08-05 17:38:00
1675,821,1,3,4497.00,COMPLETED,2026-03-03 08:12:00
1676,871,7,2,9998.00,COMPLETED,2026-04-10 19:59:00
1677,359,20,2,1998.00,PENDING,2026-02-23 13:24:00
1678,363,1,1,1499.00,CANCELLED,2026-03-02 11:12:00
1679,425,15,2,3198.00,COMPLETED,2026-07-10 20:02:00
1680,660,17,2,4198.00,COMPLETED,2026-08-26 10:28:00
1681,807,5,2,4998.00,COMPLETED,2026-04-18 12:44:00
1682,571,7,1,4999.00,PENDING,2026-05-17 11:08:00
1683,38,12,1,4499.00,CANCELLED,2026-03-14 18:01:00
1684,342,9,1,1799.00,COMPLETED,2026-06-28 14:56:00
1685,164,3,4,11996.00,COMPLETED,2026-02-22 12:25:00
1686,1000,15,3,4797.00,CANCELLED,2026-06-08 08:03:00
1687,585,17,2,4198.00,COMPLETED,2026-01-11 10:09:00
1688,247,12,1,4499.00,COMPLETED,2026-03-20 10:46:00
1689,241,18,2,5198.00,COMPLETED,2026-06-22 13:14:00
1690,503,6,1,3499.00,COMPLETED,2026-02-23 21:37:00
1691,960,11,1,899.00,COMPLETED,2026-05-07 15:07:00
1692,781,10,3,3897.00,REFUNDED,2026-05-28 17:30:00
1693,892,19,1,1399.00,COMPLETED,2026-06-13 17:25:00
1694,721,12,1,4499.00,COMPLETED,2026-02-21 10:01:00
1695,829,20,1,999.00,COMPLETED,2026-05-08 15:39:00
1696,322,17,1,2099.00,COMPLETED,2026-03-25 12:38:00
1697,616,16,1,1999.00,COMPLETED,2026-07-09 21:24:00
1698,963,14,1,1199.00,COMPLETED,2026-08-16 10:27:00
1699,650,5,1,2499.00,COMPLETED,2026-04-27 09:32:00
1700,387,12,1,4499.00,PENDING,2026-05-19 10:57:00
1701,881,2,1,1999.00,CANCELLED,2026-03-02 17:18:00
1702,387,6,1,3499.00,CANCELLED,2026-03-21 20:04:00
1703,652,16,2,3998.00,COMPLETED,2026-08-25 21:00:00
1704,203,5,1,2499.00,CANCELLED,2026-08-02 08:56:00
1705,475,10,1,1299.00,COMPLETED,2026-05-28 17:00:00
1706,310,16,2,3998.00,COMPLETED,2026-03-10 11:08:00
1707,762,12,1,4499.00,COMPLETED,2026-04-25 12:36:00
1708,133,16,1,1999.00,COMPLETED,2026-05-24 17:25:00
1709,178,9,1,1799.00,COMPLETED,2026-06-12 13:05:00
1710,4,12,3,13497.00,COMPLETED,2026-05-06 18:33:00
1711,347,19,2,2798.00,REFUNDED,2026-06-06 16:13:00
1712,253,20,4,3996.00,COMPLETED,2026-04-09 18:57:00
1713,99,11,1,899.00,COMPLETED,2026-06-06 18:48:00
1714,885,3,2,5998.00,PENDING,2026-05-06 19:24:00
1715,799,4,2,1998.00,PENDING,2026-07-09 14:12:00
1716,433,6,1,3499.00,COMPLETED,2026-06-01 16:46:00
1717,299,3,1,2999.00,CANCELLED,2026-05-04 21:12:00
1718,754,3,2,5998.00,COMPLETED,2026-08-30 11:49:00
1719,470,7,1,4999.00,REFUNDED,2026-02-22 10:06:00
1720,507,11,3,2697.00,COMPLETED,2026-05-19 15:29:00
1721,178,5,1,2499.00,COMPLETED,2026-06-23 11:07:00
1722,646,12,4,17996.00,COMPLETED,2026-03-31 19:47:00
1723,92,13,1,5499.00,COMPLETED,2026-06-19 16:20:00
1724,188,2,1,1999.00,COMPLETED,2026-07-14 13:35:00
1725,950,18,1,2599.00,COMPLETED,2026-05-09 20:30:00
1726,268,14,1,1199.00,COMPLETED,2026-08-13 19:32:00
1727,191,18,1,2599.00,REFUNDED,2026-02-01 13:35:00
1728,745,17,1,2099.00,COMPLETED,2026-08-28 15:14:00
1729,262,17,1,2099.00,COMPLETED,2026-05-21 08:16:00
1730,633,14,1,1199.00,CANCELLED,2026-03-24 18:16:00
1731,118,1,1,1499.00,COMPLETED,2026-01-06 14:00:00
1732,328,5,1,2499.00,COMPLETED,2026-05-20 20:50:00
1733,240,7,1,4999.00,COMPLETED,2026-03-06 16:31:00
1734,729,7,1,4999.00,COMPLETED,2026-02-04 21:40:00
1735,389,19,2,2798.00,COMPLETED,2026-02-21 11:56:00
1736,992,1,1,1499.00,COMPLETED,2026-04-06 15:45:00
1737,988,14,1,1199.00,COMPLETED,2026-07-08 20:54:00
1738,232,18,2,5198.00,CANCELLED,2026-08-21 19:34:00
1739,658,10,1,1299.00,COMPLETED,2026-01-19 13:18:00
1740,576,6,2,6998.00,COMPLETED,2026-01-20 15:45:00
1741,108,15,2,3198.00,COMPLETED,2026-07-28 17:26:00
1742,492,3,2,5998.00,COMPLETED,2026-08-27 15:33:00
1743,681,16,2,3998.00,COMPLETED,2026-03-14 09:16:00
1744,401,6,1,3499.00,COMPLETED,2026-04-16 21:07:00
1745,352,17,2,4198.00,COMPLETED,2026-04-12 20:05:00
1746,372,20,2,1998.00,COMPLETED,2026-06-23 08:49:00
1747,123,11,3,2697.00,COMPLETED,2026-06-30 09:37:00
1748,346,14,1,1199.00,COMPLETED,2026-07-04 14:42:00
1749,533,18,1,2599.00,COMPLETED,2026-08-18 18:33:00
1750,194,8,1,5999.00,CANCELLED,2026-04-16 10:13:00
1751,440,6,1,3499.00,COMPLETED,2026-04-09 12:36:00
1752,81,20,2,1998.00,COMPLETED,2026-04-16 14:39:00
1753,26,15,2,3198.00,COMPLETED,2026-01-03 14:06:00
1754,668,10,1,1299.00,COMPLETED,2026-06-05 10:24:00
1755,358,11,1,899.00,COMPLETED,2026-08-14 09:05:00
1756,798,7,1,4999.00,COMPLETED,2026-02-13 10:06:00
1757,792,2,1,1999.00,COMPLETED,2026-02-10 14:39:00
1758,989,1,1,1499.00,COMPLETED,2026-01-29 16:06:00
1759,937,9,3,5397.00,COMPLETED,2026-02-02 11:12:00
1760,900,8,3,17997.00,COMPLETED,2026-03-01 19:58:00
1761,856,9,2,3598.00,REFUNDED,2026-06-16 11:58:00
1762,131,9,2,3598.00,PENDING,2026-01-04 18:49:00
1763,515,14,1,1199.00,COMPLETED,2026-07-04 21:17:00
1764,171,1,1,1499.00,COMPLETED,2026-03-28 11:00:00
1765,211,12,2,8998.00,COMPLETED,2026-03-25 08:07:00
1766,454,6,3,10497.00,COMPLETED,2026-08-30 10:58:00
1767,103,19,1,1399.00,COMPLETED,2026-05-15 12:00:00
1768,334,9,1,1799.00,REFUNDED,2026-07-12 10:13:00
1769,595,4,2,1998.00,COMPLETED,2026-05-31 12:22:00
1770,181,12,2,8998.00,COMPLETED,2026-05-28 20:44:00
1771,287,19,1,1399.00,COMPLETED,2026-03-09 11:31:00
1772,444,18,1,2599.00,CANCELLED,2026-04-11 09:29:00
1773,678,7,1,4999.00,COMPLETED,2026-02-04 15:25:00
1774,120,14,1,1199.00,COMPLETED,2026-02-03 12:20:00
1775,607,4,3,2997.00,COMPLETED,2026-04-11 08:30:00
1776,409,20,1,999.00,COMPLETED,2026-02-25 18:18:00
1777,251,13,1,5499.00,COMPLETED,2026-07-07 15:19:00
1778,1000,15,1,1599.00,CANCELLED,2026-03-27 12:50:00
1779,36,20,1,999.00,COMPLETED,2026-06-20 08:12:00
1780,430,3,1,2999.00,COMPLETED,2026-08-04 18:53:00
1781,7,18,4,10396.00,COMPLETED,2026-03-20 08:45:00
1782,942,20,1,999.00,COMPLETED,2026-07-02 10:59:00
1783,810,16,1,1999.00,COMPLETED,2026-02-11 09:01:00
1784,133,9,1,1799.00,COMPLETED,2026-05-30 21:21:00
1785,824,12,2,8998.00,COMPLETED,2026-01-10 11:32:00
1786,98,18,2,5198.00,COMPLETED,2026-07-14 10:54:00
1787,198,14,1,1199.00,COMPLETED,2026-08-08 17:06:00
1788,385,17,1,2099.00,COMPLETED,2026-04-20 11:08:00
1789,284,20,4,3996.00,COMPLETED,2026-08-17 21:43:00
1790,83,11,2,1798.00,COMPLETED,2026-03-02 21:51:00
1791,59,1,1,1499.00,COMPLETED,2026-05-23 08:49:00
1792,827,4,3,2997.00,COMPLETED,2026-07-16 10:16:00
1793,64,17,2,4198.00,COMPLETED,2026-05-07 14:29:00
1794,809,7,2,9998.00,COMPLETED,2026-04-19 21:06:00
1795,916,17,2,4198.00,COMPLETED,2026-03-05 19:04:00
1796,147,11,1,899.00,CANCELLED,2026-08-05 14:18:00
1797,115,12,2,8998.00,COMPLETED,2026-04-03 13:12:00
1798,906,6,1,3499.00,COMPLETED,2026-01-07 12:07:00
1799,135,3,1,2999.00,COMPLETED,2026-01-10 16:00:00
1800,303,2,1,1999.00,COMPLETED,2026-04-30 13:02:00
1801,634,1,1,1499.00,COMPLETED,2026-08-01 10:42:00
1802,769,6,1,3499.00,REFUNDED,2026-06-22 11:45:00
1803,543,5,1,2499.00,COMPLETED,2026-06-20 12:11:00
1804,924,17,4,8396.00,COMPLETED,2026-06-30 19:25:00
1805,336,17,1,2099.00,COMPLETED,2026-06-17 21:52:00
1806,488,20,1,999.00,COMPLETED,2026-08-29 16:34:00
1807,823,12,1,4499.00,COMPLETED,2026-04-05 14:11:00
1808,887,2,1,1999.00,COMPLETED,2026-05-23 20:23:00
1809,412,18,1,2599.00,COMPLETED,2026-05-22 10:55:00
1810,500,18,1,2599.00,COMPLETED,2026-04-23 10:58:00
1811,24,15,2,3198.00,PENDING,2026-08-02 21:54:00
1812,24,1,2,2998.00,COMPLETED,2026-03-31 21:49:00
1813,389,17,1,2099.00,COMPLETED,2026-03-26 14:22:00
1814,420,17,1,2099.00,REFUNDED,2026-07-04 11:24:00
1815,706,8,3,17997.00,COMPLETED,2026-07-14 21:56:00
1816,860,8,1,5999.00,COMPLETED,2026-08-11 10:12:00
1817,252,7,1,4999.00,COMPLETED,2026-03-03 19:23:00
1818,805,14,2,2398.00,COMPLETED,2026-01-23 18:30:00
1819,612,12,1,4499.00,COMPLETED,2026-06-25 21:37:00
1820,299,19,1,1399.00,COMPLETED,2026-08-02 13:54:00
1821,632,15,1,1599.00,COMPLETED,2026-04-12 19:24:00
1822,233,2,1,1999.00,REFUNDED,2026-05-06 09:39:00
1823,637,17,2,4198.00,COMPLETED,2026-07-11 20:52:00
1824,319,7,1,4999.00,REFUNDED,2026-05-12 17:54:00
1825,932,10,1,1299.00,COMPLETED,2026-01-18 20:57:00
1826,407,12,1,4499.00,COMPLETED,2026-08-07 19:40:00
1827,287,9,1,1799.00,COMPLETED,2026-01-11 08:53:00
1828,512,16,1,1999.00,COMPLETED,2026-03-28 14:22:00
1829,875,10,1,1299.00,COMPLETED,2026-05-08 15:10:00
1830,192,20,1,999.00,CANCELLED,2026-08-18 11:33:00
1831,56,5,1,2499.00,COMPLETED,2026-04-10 09:11:00
1832,859,5,3,7497.00,CANCELLED,2026-06-05 16:02:00
1833,713,20,1,999.00,COMPLETED,2026-04-02 18:59:00
1834,410,9,2,3598.00,COMPLETED,2026-07-06 15:30:00
1835,973,4,1,999.00,REFUNDED,2026-04-24 18:09:00
1836,739,5,1,2499.00,COMPLETED,2026-06-18 08:02:00
1837,772,19,1,1399.00,COMPLETED,2026-08-27 09:42:00
1838,772,14,2,2398.00,COMPLETED,2026-03-09 14:00:00
1839,836,20,2,1998.00,COMPLETED,2026-08-02 14:44:00
1840,71,8,3,17997.00,COMPLETED,2026-08-02 18:00:00
1841,996,5,1,2499.00,COMPLETED,2026-01-14 08:15:00
1842,627,1,1,1499.00,COMPLETED,2026-02-24 14:56:00
1843,960,1,1,1499.00,COMPLETED,2026-06-07 17:39:00
1844,332,14,2,2398.00,COMPLETED,2026-03-19 09:03:00
1845,859,5,1,2499.00,REFUNDED,2026-06-22 20:31:00
1846,861,19,1,1399.00,COMPLETED,2026-03-12 10:20:00
1847,703,13,1,5499.00,COMPLETED,2026-03-28 18:10:00
1848,146,4,1,999.00,REFUNDED,2026-08-05 15:14:00
1849,906,5,2,4998.00,COMPLETED,2026-05-03 15:13:00
1850,985,3,1,2999.00,COMPLETED,2026-07-06 19:31:00
1851,768,20,1,999.00,COMPLETED,2026-07-10 17:20:00
1852,995,18,1,2599.00,COMPLETED,2026-08-30 11:04:00
1853,95,6,2,6998.00,COMPLETED,2026-02-28 20:14:00
1854,143,16,1,1999.00,COMPLETED,2026-02-23 15:40:00
1855,740,2,1,1999.00,COMPLETED,2026-07-26 19:02:00
1856,905,18,1,2599.00,COMPLETED,2026-07-24 18:01:00
1857,970,18,1,2599.00,COMPLETED,2026-02-19 21:38:00
1858,457,18,1,2599.00,REFUNDED,2026-06-11 08:05:00
1859,879,20,1,999.00,COMPLETED,2026-04-25 14:22:00
1860,509,18,2,5198.00,COMPLETED,2026-07-15 13:00:00
1861,264,13,2,10998.00,COMPLETED,2026-04-06 08:55:00
1862,687,11,1,899.00,COMPLETED,2026-07-30 16:46:00
1863,435,15,1,1599.00,COMPLETED,2026-01-17 16:08:00
1864,580,2,2,3998.00,COMPLETED,2026-05-07 16:08:00
1865,436,17,4,8396.00,COMPLETED,2026-08-20 08:36:00
1866,964,14,4,4796.00,COMPLETED,2026-01-26 12:19:00
1867,111,6,1,3499.00,COMPLETED,2026-02-20 11:34:00
1868,118,7,3,14997.00,COMPLETED,2026-03-26 14:37:00
1869,801,13,2,10998.00,COMPLETED,2026-03-30 12:07:00
1870,187,4,1,999.00,COMPLETED,2026-03-04 14:05:00
1871,466,3,1,2999.00,COMPLETED,2026-03-20 15:23:00
1872,69,13,1,5499.00,COMPLETED,2026-02-14 18:35:00
1873,2,12,2,8998.00,COMPLETED,2026-08-11 15:38:00
1874,639,2,1,1999.00,COMPLETED,2026-07-23 16:12:00
1875,437,1,1,1499.00,COMPLETED,2026-08-05 17:50:00
1876,766,9,1,1799.00,COMPLETED,2026-06-06 08:03:00
1877,684,20,1,999.00,COMPLETED,2026-08-23 15:32:00
1878,107,5,1,2499.00,CANCELLED,2026-01-09 10:48:00
1879,92,18,3,7797.00,COMPLETED,2026-07-08 10:35:00
1880,804,20,3,2997.00,COMPLETED,2026-07-16 08:18:00
1881,673,10,1,1299.00,COMPLETED,2026-05-21 13:25:00
1882,130,19,1,1399.00,COMPLETED,2026-07-04 11:17:00
1883,747,1,1,1499.00,COMPLETED,2026-04-01 12:24:00
1884,470,3,1,2999.00,CANCELLED,2026-05-22 12:22:00
1885,636,10,1,1299.00,COMPLETED,2026-08-27 14:01:00
1886,439,11,1,899.00,COMPLETED,2026-07-15 16:27:00
1887,676,19,1,1399.00,COMPLETED,2026-06-19 11:23:00
1888,612,15,1,1599.00,COMPLETED,2026-07-13 15:56:00
1889,420,6,1,3499.00,COMPLETED,2026-04-10 17:38:00
1890,313,10,1,1299.00,REFUNDED,2026-01-02 18:36:00
1891,963,6,1,3499.00,COMPLETED,2026-04-02 20:12:00
1892,732,10,1,1299.00,COMPLETED,2026-04-15 18:33:00
1893,483,13,1,5499.00,COMPLETED,2026-01-14 21:46:00
1894,683,4,2,1998.00,COMPLETED,2026-02-18 11:15:00
1895,686,3,2,5998.00,COMPLETED,2026-06-02 20:06:00
1896,632,18,1,2599.00,PENDING,2026-04-12 21:30:00
1897,586,20,1,999.00,COMPLETED,2026-06-04 13:26:00
1898,671,3,2,5998.00,COMPLETED,2026-06-15 15:43:00
1899,391,2,1,1999.00,COMPLETED,2026-07-10 14:33:00
1900,666,7,1,4999.00,PENDING,2026-08-22 18:49:00
1901,949,20,1,999.00,COMPLETED,2026-08-22 17:29:00
1902,762,16,2,3998.00,COMPLETED,2026-05-02 20:49:00
1903,70,13,1,5499.00,COMPLETED,2026-02-28 08:37:00
1904,370,4,1,999.00,COMPLETED,2026-02-15 10:05:00
1905,321,9,1,1799.00,COMPLETED,2026-02-02 21:59:00
1906,886,1,3,4497.00,COMPLETED,2026-02-05 14:25:00
1907,580,17,1,2099.00,COMPLETED,2026-05-09 16:01:00
1908,181,10,3,3897.00,COMPLETED,2026-03-11 18:09:00
1909,284,3,1,2999.00,COMPLETED,2026-02-09 10:39:00
1910,585,12,1,4499.00,CANCELLED,2026-06-04 16:47:00
1911,203,8,1,5999.00,COMPLETED,2026-01-27 09:41:00
1912,415,19,2,2798.00,COMPLETED,2026-01-07 18:41:00
1913,810,12,1,4499.00,COMPLETED,2026-03-05 17:32:00
1914,117,18,1,2599.00,COMPLETED,2026-04-19 14:51:00
1915,90,2,1,1999.00,COMPLETED,2026-08-04 18:30:00
1916,437,17,1,2099.00,COMPLETED,2026-06-24 10:37:00
1917,807,8,1,5999.00,COMPLETED,2026-02-20 16:26:00
1918,24,11,1,899.00,COMPLETED,2026-03-06 08:00:00
1919,93,17,2,4198.00,COMPLETED,2026-04-04 14:27:00
1920,487,18,1,2599.00,REFUNDED,2026-08-21 16:28:00
1921,249,16,1,1999.00,COMPLETED,2026-04-29 18:10:00
1922,702,9,1,1799.00,COMPLETED,2026-05-03 14:45:00
1923,624,18,1,2599.00,PENDING,2026-08-15 14:57:00
1924,346,1,2,2998.00,COMPLETED,2026-03-27 08:17:00
1925,849,4,1,999.00,COMPLETED,2026-08-10 14:28:00
1926,149,7,1,4999.00,COMPLETED,2026-07-28 18:04:00
1927,466,6,1,3499.00,COMPLETED,2026-04-09 08:12:00
1928,582,9,1,1799.00,COMPLETED,2026-06-16 14:22:00
1929,866,11,1,899.00,COMPLETED,2026-02-21 14:56:00
1930,192,17,2,4198.00,COMPLETED,2026-07-17 10:16:00
1931,958,1,1,1499.00,COMPLETED,2026-01-05 13:32:00
1932,864,17,2,4198.00,COMPLETED,2026-07-20 20:15:00
1933,170,13,1,5499.00,COMPLETED,2026-08-22 17:17:00
1934,410,20,3,2997.00,COMPLETED,2026-03-11 15:28:00
1935,143,4,2,1998.00,CANCELLED,2026-04-25 21:38:00
1936,562,8,3,17997.00,COMPLETED,2026-07-16 21:23:00
1937,818,13,2,10998.00,COMPLETED,2026-03-25 13:13:00
1938,141,4,1,999.00,COMPLETED,2026-04-05 16:26:00
1939,904,14,2,2398.00,COMPLETED,2026-03-29 11:17:00
1940,162,19,1,1399.00,COMPLETED,2026-07-24 12:34:00
1941,31,15,1,1599.00,COMPLETED,2026-05-17 21:25:00
1942,237,20,1,999.00,COMPLETED,2026-08-08 21:49:00
1943,508,16,2,3998.00,CANCELLED,2026-05-09 13:41:00
1944,160,9,1,1799.00,COMPLETED,2026-06-15 10:42:00
1945,746,16,1,1999.00,COMPLETED,2026-06-20 19:38:00
1946,619,12,2,8998.00,COMPLETED,2026-08-05 16:24:00
1947,854,11,1,899.00,COMPLETED,2026-01-23 21:37:00
1948,558,11,1,899.00,COMPLETED,2026-06-22 14:45:00
1949,261,7,1,4999.00,COMPLETED,2026-02-18 09:32:00
1950,981,11,2,1798.00,COMPLETED,2026-05-29 21:20:00
1951,851,1,1,1499.00,COMPLETED,2026-04-16 18:35:00
1952,849,2,1,1999.00,COMPLETED,2026-02-10 15:45:00
1953,43,6,1,3499.00,COMPLETED,2026-07-21 15:05:00
1954,467,3,1,2999.00,COMPLETED,2026-03-05 19:38:00
1955,145,18,2,5198.00,COMPLETED,2026-05-17 13:33:00
1956,703,6,1,3499.00,COMPLETED,2026-04-14 10:23:00
1957,966,16,1,1999.00,COMPLETED,2026-01-12 18:47:00
1958,265,2,3,5997.00,COMPLETED,2026-02-25 08:33:00
1959,884,6,1,3499.00,COMPLETED,2026-02-19 17:33:00
1960,994,10,1,1299.00,COMPLETED,2026-04-17 11:01:00
1961,651,14,2,2398.00,COMPLETED,2026-08-16 19:44:00
1962,196,18,1,2599.00,COMPLETED,2026-07-24 10:09:00
1963,484,12,4,17996.00,COMPLETED,2026-04-11 21:09:00
1964,532,6,1,3499.00,COMPLETED,2026-03-19 08:31:00
1965,722,18,2,5198.00,COMPLETED,2026-05-24 13:37:00
1966,756,12,1,4499.00,PENDING,2026-05-05 21:42:00
1967,712,19,1,1399.00,COMPLETED,2026-06-17 19:57:00
1968,544,7,1,4999.00,CANCELLED,2026-03-28 20:23:00
1969,458,13,1,5499.00,COMPLETED,2026-04-03 17:18:00
1970,285,7,3,14997.00,COMPLETED,2026-08-06 18:51:00
1971,155,3,1,2999.00,COMPLETED,2026-03-15 15:45:00
1972,928,16,1,1999.00,COMPLETED,2026-03-10 21:45:00
1973,262,14,3,3597.00,PENDING,2026-04-10 09:34:00
1974,450,2,1,1999.00,COMPLETED,2026-05-05 17:56:00
1975,773,12,1,4499.00,COMPLETED,2026-02-09 19:41:00
1976,980,10,3,3897.00,REFUNDED,2026-03-11 19:28:00
1977,602,18,1,2599.00,REFUNDED,2026-06-29 20:56:00
1978,58,4,1,999.00,COMPLETED,2026-01-24 21:45:00
1979,724,18,2,5198.00,CANCELLED,2026-07-14 13:24:00
1980,321,14,1,1199.00,COMPLETED,2026-05-06 15:50:00
1981,993,12,3,13497.00,COMPLETED,2026-06-06 12:12:00
1982,827,5,2,4998.00,COMPLETED,2026-01-29 13:27:00
1983,587,19,3,4197.00,COMPLETED,2026-08-18 12:59:00
1984,478,4,2,1998.00,REFUNDED,2026-08-08 17:46:00
1985,992,10,1,1299.00,PENDING,2026-01-19 21:46:00
1986,454,16,3,5997.00,COMPLETED,2026-06-02 11:30:00
1987,733,19,1,1399.00,REFUNDED,2026-05-26 21:55:00
1988,320,9,1,1799.00,PENDING,2026-07-31 15:01:00
1989,582,3,2,5998.00,COMPLETED,2026-06-21 15:24:00
1990,120,13,3,16497.00,COMPLETED,2026-01-20 11:27:00
1991,618,14,1,1199.00,COMPLETED,2026-07-26 15:45:00
1992,434,14,2,2398.00,CANCELLED,2026-08-12 17:15:00
1993,669,7,1,4999.00,COMPLETED,2026-03-07 18:27:00
1994,924,16,1,1999.00,COMPLETED,2026-08-30 18:13:00
1995,107,9,1,1799.00,COMPLETED,2026-06-12 08:00:00
1996,291,11,2,1798.00,COMPLETED,2026-08-17 17:44:00
1997,24,6,1,3499.00,COMPLETED,2026-05-27 15:31:00
1998,871,17,1,2099.00,COMPLETED,2026-08-27 18:37:00
1999,447,14,1,1199.00,PENDING,2026-07-17 11:28:00
2000,260,3,1,2999.00,COMPLETED,2026-03-14 15:28:00
2001,655,8,1,5999.00,COMPLETED,2026-04-04 19:41:00
2002,827,10,1,1299.00,COMPLETED,2026-07-11 18:29:00
2003,21,9,1,1799.00,COMPLETED,2026-06-14 17:51:00
2004,36,8,1,5999.00,COMPLETED,2026-04-14 17:13:00
2005,484,11,1,899.00,COMPLETED,2026-07-01 15:35:00
2006,711,5,1,2499.00,COMPLETED,2026-02-23 14:33:00
2007,803,14,2,2398.00,COMPLETED,2026-08-27 11:40:00
2008,679,16,2,3998.00,COMPLETED,2026-05-04 10:47:00
2009,646,6,1,3499.00,COMPLETED,2026-02-14 08:15:00
2010,497,9,1,1799.00,COMPLETED,2026-03-16 12:24:00
2011,460,1,1,1499.00,COMPLETED,2026-03-09 16:35:00
2012,949,9,3,5397.00,REFUNDED,2026-07-14 14:02:00
2013,344,2,1,1999.00,COMPLETED,2026-04-26 12:10:00
2014,514,4,1,999.00,PENDING,2026-01-08 19:44:00
2015,680,20,2,1998.00,COMPLETED,2026-08-24 19:55:00
2016,239,3,1,2999.00,COMPLETED,2026-03-18 14:17:00
2017,436,12,3,13497.00,COMPLETED,2026-02-04 13:17:00
2018,49,10,1,1299.00,COMPLETED,2026-03-16 13:54:00
2019,905,18,2,5198.00,COMPLETED,2026-08-19 21:41:00
2020,844,8,2,11998.00,COMPLETED,2026-01-10 15:27:00
2021,998,7,3,14997.00,COMPLETED,2026-04-15 19:03:00
2022,895,7,1,4999.00,COMPLETED,2026-06-25 14:19:00
2023,431,6,1,3499.00,COMPLETED,2026-01-12 08:27:00
2024,375,19,1,1399.00,PENDING,2026-05-29 18:40:00
2025,878,15,1,1599.00,COMPLETED,2026-06-05 19:23:00
2026,79,14,1,1199.00,COMPLETED,2026-01-30 08:44:00
2027,847,16,1,1999.00,COMPLETED,2026-03-13 19:44:00
2028,557,5,2,4998.00,COMPLETED,2026-05-04 19:55:00
2029,341,16,2,3998.00,COMPLETED,2026-01-23 19:38:00
2030,96,12,3,13497.00,COMPLETED,2026-06-21 09:29:00
2031,502,5,1,2499.00,COMPLETED,2026-04-11 12:39:00
2032,685,11,2,1798.00,COMPLETED,2026-07-11 20:46:00
2033,458,5,1,2499.00,COMPLETED,2026-04-14 10:20:00
2034,826,11,2,1798.00,COMPLETED,2026-07-31 11:06:00
2035,431,20,2,1998.00,COMPLETED,2026-05-22 09:43:00
2036,766,14,2,2398.00,COMPLETED,2026-05-19 12:09:00
2037,22,5,2,4998.00,CANCELLED,2026-01-15 21:48:00
2038,984,11,3,2697.00,COMPLETED,2026-01-03 19:45:00
2039,529,10,3,3897.00,CANCELLED,2026-08-17 17:16:00
2040,498,8,2,11998.00,COMPLETED,2026-08-06 13:19:00
2041,86,7,3,14997.00,COMPLETED,2026-02-11 20:39:00
2042,981,19,2,2798.00,COMPLETED,2026-06-20 10:49:00
2043,632,5,1,2499.00,COMPLETED,2026-03-13 20:09:00
2044,579,7,1,4999.00,COMPLETED,2026-08-24 14:52:00
2045,986,20,2,1998.00,COMPLETED,2026-03-13 14:43:00
2046,578,7,1,4999.00,COMPLETED,2026-01-27 15:00:00
2047,962,16,1,1999.00,COMPLETED,2026-03-22 13:22:00
2048,439,8,1,5999.00,COMPLETED,2026-06-18 13:57:00
2049,207,16,1,1999.00,COMPLETED,2026-02-26 17:03:00
2050,876,13,3,16497.00,COMPLETED,2026-07-26 21:46:00
2051,663,5,1,2499.00,CANCELLED,2026-02-08 10:54:00
2052,584,13,2,10998.00,PENDING,2026-03-13 19:05:00
2053,908,9,2,3598.00,COMPLETED,2026-08-23 12:21:00
2054,377,19,1,1399.00,PENDING,2026-03-28 17:59:00
2055,860,14,2,2398.00,PENDING,2026-02-19 20:44:00
2056,354,17,4,8396.00,COMPLETED,2026-08-08 10:29:00
2057,647,18,1,2599.00,COMPLETED,2026-02-10 12:49:00
2058,409,9,2,3598.00,CANCELLED,2026-01-27 11:43:00
2059,408,5,3,7497.00,COMPLETED,2026-07-09 08:32:00
2060,871,5,1,2499.00,COMPLETED,2026-06-26 18:20:00
2061,821,8,1,5999.00,REFUNDED,2026-01-10 15:53:00
2062,893,7,1,4999.00,COMPLETED,2026-04-18 09:30:00
2063,430,13,1,5499.00,COMPLETED,2026-01-08 12:11:00
2064,824,19,1,1399.00,COMPLETED,2026-05-21 10:07:00
2065,248,3,3,8997.00,COMPLETED,2026-07-13 11:30:00
2066,593,8,2,11998.00,COMPLETED,2026-05-22 14:44:00
2067,183,11,2,1798.00,COMPLETED,2026-08-17 09:32:00
2068,116,4,2,1998.00,COMPLETED,2026-06-27 20:48:00
2069,613,10,1,1299.00,COMPLETED,2026-04-27 13:12:00
2070,755,11,1,899.00,CANCELLED,2026-05-25 13:00:00
2071,68,7,3,14997.00,COMPLETED,2026-03-05 16:48:00
2072,527,8,1,5999.00,COMPLETED,2026-05-09 18:06:00
2073,696,13,1,5499.00,COMPLETED,2026-05-06 12:19:00
2074,366,1,1,1499.00,COMPLETED,2026-04-21 18:28:00
2075,340,17,1,2099.00,COMPLETED,2026-02-23 17:09:00
2076,834,19,1,1399.00,COMPLETED,2026-06-01 12:52:00
2077,388,19,1,1399.00,COMPLETED,2026-02-23 19:12:00
2078,151,14,2,2398.00,PENDING,2026-06-17 20:46:00
2079,145,15,1,1599.00,COMPLETED,2026-07-07 12:58:00
2080,10,16,1,1999.00,COMPLETED,2026-04-25 14:10:00
2081,448,10,3,3897.00,COMPLETED,2026-01-13 20:04:00
2082,883,20,2,1998.00,CANCELLED,2026-05-10 15:00:00
2083,128,7,1,4999.00,COMPLETED,2026-08-31 08:07:00
2084,433,9,3,5397.00,COMPLETED,2026-08-09 12:07:00
2085,351,4,2,1998.00,COMPLETED,2026-01-27 08:42:00
2086,53,8,1,5999.00,COMPLETED,2026-04-07 20:26:00
2087,392,19,2,2798.00,COMPLETED,2026-05-22 09:12:00
2088,170,18,1,2599.00,COMPLETED,2026-06-09 13:34:00
2089,500,17,2,4198.00,COMPLETED,2026-06-07 15:13:00
2090,310,4,1,999.00,COMPLETED,2026-07-17 18:15:00
2091,920,19,1,1399.00,COMPLETED,2026-05-23 17:03:00
2092,169,11,1,899.00,REFUNDED,2026-08-26 19:37:00
2093,159,14,1,1199.00,COMPLETED,2026-04-24 18:59:00
2094,251,9,1,1799.00,COMPLETED,2026-06-10 12:15:00
2095,507,10,1,1299.00,COMPLETED,2026-02-12 20:08:00
2096,154,2,1,1999.00,COMPLETED,2026-04-10 13:38:00
2097,264,1,1,1499.00,COMPLETED,2026-02-18 14:34:00
2098,154,5,1,2499.00,COMPLETED,2026-07-15 18:43:00
2099,972,12,1,4499.00,COMPLETED,2026-03-11 20:50:00
2100,956,16,2,3998.00,COMPLETED,2026-01-28 14:11:00
2101,677,19,1,1399.00,COMPLETED,2026-02-03 21:30:00
2102,224,9,1,1799.00,CANCELLED,2026-04-30 21:35:00
2103,75,12,1,4499.00,REFUNDED,2026-03-16 08:25:00
2104,660,17,3,6297.00,COMPLETED,2026-02-07 16:36:00
2105,356,11,1,899.00,COMPLETED,2026-07-16 14:09:00
2106,87,13,1,5499.00,COMPLETED,2026-06-19 12:08:00
2107,701,4,1,999.00,REFUNDED,2026-06-21 17:57:00
2108,254,1,1,1499.00,COMPLETED,2026-04-17 18:59:00
2109,664,12,1,4499.00,COMPLETED,2026-06-15 21:37:00
2110,519,19,1,1399.00,COMPLETED,2026-03-01 18:11:00
2111,55,19,1,1399.00,COMPLETED,2026-08-23 14:31:00
2112,820,1,1,1499.00,COMPLETED,2026-04-08 15:12:00
2113,141,7,1,4999.00,COMPLETED,2026-04-04 16:28:00
2114,647,14,1,1199.00,COMPLETED,2026-05-17 17:20:00
2115,479,15,2,3198.00,COMPLETED,2026-05-22 19:18:00
2116,197,5,1,2499.00,COMPLETED,2026-05-11 17:45:00
2117,18,14,1,1199.00,COMPLETED,2026-03-27 10:09:00
2118,628,4,1,999.00,COMPLETED,2026-07-18 11:32:00
2119,405,20,1,999.00,COMPLETED,2026-02-19 15:53:00
2120,676,14,2,2398.00,COMPLETED,2026-06-10 20:50:00
2121,335,3,1,2999.00,COMPLETED,2026-07-20 15:49:00
2122,850,10,1,1299.00,COMPLETED,2026-07-21 17:16:00
2123,48,10,2,2598.00,COMPLETED,2026-05-28 17:31:00
2124,355,20,1,999.00,PENDING,2026-06-18 10:00:00
2125,226,18,1,2599.00,COMPLETED,2026-07-08 08:13:00
2126,723,11,3,2697.00,CANCELLED,2026-06-12 17:25:00
2127,533,16,2,3998.00,COMPLETED,2026-05-27 09:20:00
2128,402,3,1,2999.00,COMPLETED,2026-03-17 12:45:00
2129,492,18,2,5198.00,COMPLETED,2026-08-07 15:33:00
2130,444,8,1,5999.00,COMPLETED,2026-08-20 18:19:00
2131,251,9,1,1799.00,COMPLETED,2026-01-08 17:45:00
2132,295,4,1,999.00,COMPLETED,2026-07-31 15:46:00
2133,129,13,1,5499.00,PENDING,2026-06-03 12:31:00
2134,480,4,1,999.00,COMPLETED,2026-04-19 16:37:00
2135,920,19,3,4197.00,CANCELLED,2026-05-24 19:34:00
2136,978,10,2,2598.00,COMPLETED,2026-05-11 17:29:00
2137,856,9,1,1799.00,COMPLETED,2026-08-20 15:13:00
2138,547,20,1,999.00,COMPLETED,2026-04-03 09:50:00
2139,450,8,1,5999.00,COMPLETED,2026-05-05 08:35:00
2140,611,4,1,999.00,REFUNDED,2026-06-16 11:25:00
2141,289,8,3,17997.00,CANCELLED,2026-03-17 13:31:00
2142,760,12,1,4499.00,COMPLETED,2026-01-26 21:54:00
2143,320,16,2,3998.00,COMPLETED,2026-03-20 15:38:00
2144,427,16,1,1999.00,COMPLETED,2026-02-14 13:11:00
2145,972,17,3,6297.00,COMPLETED,2026-05-22 21:49:00
2146,252,1,1,1499.00,COMPLETED,2026-08-11 14:48:00
2147,941,9,1,1799.00,COMPLETED,2026-08-04 11:23:00
2148,960,14,1,1199.00,COMPLETED,2026-02-08 17:09:00
2149,37,1,1,1499.00,COMPLETED,2026-03-04 20:37:00
2150,889,13,1,5499.00,COMPLETED,2026-03-26 21:40:00
2151,572,1,1,1499.00,COMPLETED,2026-02-21 13:41:00
2152,43,3,1,2999.00,COMPLETED,2026-01-24 18:17:00
2153,920,18,1,2599.00,COMPLETED,2026-08-21 19:36:00
2154,654,13,1,5499.00,CANCELLED,2026-08-16 16:53:00
2155,314,4,1,999.00,CANCELLED,2026-05-02 17:26:00
2156,862,1,1,1499.00,CANCELLED,2026-03-15 12:08:00
2157,129,6,1,3499.00,COMPLETED,2026-07-17 20:55:00
2158,791,8,3,17997.00,COMPLETED,2026-03-15 12:18:00
2159,666,18,1,2599.00,PENDING,2026-06-01 09:17:00
2160,914,3,1,2999.00,COMPLETED,2026-04-01 15:14:00
2161,747,3,3,8997.00,COMPLETED,2026-01-06 20:41:00
2162,23,1,3,4497.00,COMPLETED,2026-07-06 11:39:00
2163,878,14,3,3597.00,COMPLETED,2026-07-07 13:25:00
2164,848,3,2,5998.00,REFUNDED,2026-02-24 21:48:00
2165,609,8,3,17997.00,COMPLETED,2026-02-15 10:13:00
2166,447,6,1,3499.00,REFUNDED,2026-05-15 15:53:00
2167,572,13,1,5499.00,COMPLETED,2026-05-14 11:43:00
2168,991,8,1,5999.00,CANCELLED,2026-07-29 08:45:00
2169,968,8,3,17997.00,COMPLETED,2026-05-07 16:32:00
2170,429,5,2,4998.00,COMPLETED,2026-07-24 14:18:00
2171,959,7,1,4999.00,COMPLETED,2026-06-02 16:59:00
2172,270,10,1,1299.00,COMPLETED,2026-07-20 20:40:00
2173,20,16,2,3998.00,COMPLETED,2026-01-26 14:34:00
2174,629,14,1,1199.00,COMPLETED,2026-05-19 12:20:00
2175,843,1,1,1499.00,COMPLETED,2026-05-11 20:54:00
2176,171,18,1,2599.00,PENDING,2026-03-07 20:59:00
2177,951,12,2,8998.00,REFUNDED,2026-03-02 15:02:00
2178,2,16,2,3998.00,COMPLETED,2026-05-13 08:34:00
2179,35,2,3,5997.00,COMPLETED,2026-04-17 17:08:00
2180,958,2,1,1999.00,COMPLETED,2026-08-28 15:55:00
2181,958,17,2,4198.00,COMPLETED,2026-04-19 13:45:00
2182,58,10,1,1299.00,COMPLETED,2026-05-04 13:44:00
2183,935,14,1,1199.00,COMPLETED,2026-01-10 11:13:00
2184,301,10,3,3897.00,COMPLETED,2026-02-04 15:17:00
2185,573,17,1,2099.00,CANCELLED,2026-05-28 21:10:00
2186,530,12,1,4499.00,COMPLETED,2026-01-25 20:54:00
2187,325,20,2,1998.00,COMPLETED,2026-01-10 19:02:00
2188,306,11,3,2697.00,COMPLETED,2026-08-11 14:33:00
2189,926,15,2,3198.00,COMPLETED,2026-03-11 20:34:00
2190,595,2,1,1999.00,COMPLETED,2026-04-12 15:57:00
2191,707,9,2,3598.00,COMPLETED,2026-08-22 20:55:00
2192,294,10,1,1299.00,COMPLETED,2026-04-24 19:32:00
2193,700,15,2,3198.00,COMPLETED,2026-08-05 19:06:00
2194,872,2,1,1999.00,COMPLETED,2026-01-13 16:50:00
2195,401,3,1,2999.00,COMPLETED,2026-01-10 10:09:00
2196,498,2,4,7996.00,COMPLETED,2026-05-23 16:08:00
2197,995,18,1,2599.00,COMPLETED,2026-03-03 10:20:00
2198,86,20,2,1998.00,COMPLETED,2026-07-21 19:03:00
2199,27,15,3,4797.00,COMPLETED,2026-08-15 21:21:00
2200,330,10,3,3897.00,COMPLETED,2026-01-24 15:54:00
2201,316,11,2,1798.00,PENDING,2026-06-05 20:38:00
2202,496,2,1,1999.00,COMPLETED,2026-08-27 12:07:00
2203,789,11,1,899.00,COMPLETED,2026-08-27 11:50:00
2204,47,11,1,899.00,COMPLETED,2026-08-27 21:29:00
2205,199,18,1,2599.00,COMPLETED,2026-08-13 19:30:00
2206,643,18,2,5198.00,COMPLETED,2026-07-17 08:25:00
2207,267,11,1,899.00,COMPLETED,2026-03-20 08:17:00
2208,456,3,2,5998.00,PENDING,2026-08-05 16:55:00
2209,390,15,1,1599.00,COMPLETED,2026-05-13 12:09:00
2210,255,11,3,2697.00,COMPLETED,2026-04-03 18:10:00
2211,678,10,1,1299.00,COMPLETED,2026-01-12 11:57:00
2212,188,4,1,999.00,COMPLETED,2026-02-20 14:44:00
2213,962,14,1,1199.00,CANCELLED,2026-05-04 10:40:00
2214,10,14,1,1199.00,COMPLETED,2026-04-21 16:02:00
2215,414,12,2,8998.00,COMPLETED,2026-04-23 14:09:00
2216,680,17,1,2099.00,COMPLETED,2026-04-19 21:08:00
2217,857,15,1,1599.00,COMPLETED,2026-04-14 11:52:00
2218,274,7,1,4999.00,PENDING,2026-02-22 12:32:00
2219,65,2,1,1999.00,PENDING,2026-06-11 19:52:00
2220,128,6,1,3499.00,REFUNDED,2026-02-16 17:26:00
2221,734,20,1,999.00,COMPLETED,2026-05-18 16:55:00
2222,957,4,1,999.00,COMPLETED,2026-07-16 16:16:00
2223,701,14,4,4796.00,COMPLETED,2026-06-16 13:13:00
2224,98,8,2,11998.00,CANCELLED,2026-05-22 08:37:00
2225,6,4,1,999.00,COMPLETED,2026-02-16 16:55:00
2226,84,16,1,1999.00,COMPLETED,2026-01-22 11:47:00
2227,693,2,2,3998.00,COMPLETED,2026-03-08 10:12:00
2228,507,5,1,2499.00,COMPLETED,2026-06-01 11:43:00
2229,388,1,1,1499.00,COMPLETED,2026-05-12 12:48:00
2230,370,7,1,4999.00,COMPLETED,2026-08-12 14:44:00
2231,11,8,1,5999.00,COMPLETED,2026-03-20 21:25:00
2232,318,4,2,1998.00,COMPLETED,2026-06-22 17:27:00
2233,389,7,2,9998.00,COMPLETED,2026-01-15 10:27:00
2234,181,19,1,1399.00,COMPLETED,2026-04-29 09:24:00
2235,58,19,1,1399.00,COMPLETED,2026-06-08 10:23:00
2236,816,8,1,5999.00,COMPLETED,2026-07-26 19:09:00
2237,709,5,2,4998.00,COMPLETED,2026-04-19 08:15:00
2238,806,17,3,6297.00,COMPLETED,2026-01-29 10:01:00
2239,582,20,2,1998.00,COMPLETED,2026-03-13 09:24:00
2240,413,4,1,999.00,COMPLETED,2026-02-06 08:31:00
2241,999,14,1,1199.00,COMPLETED,2026-05-22 21:48:00
2242,321,11,2,1798.00,COMPLETED,2026-05-16 11:16:00
2243,843,3,1,2999.00,COMPLETED,2026-06-01 19:20:00
2244,814,14,2,2398.00,COMPLETED,2026-06-08 14:17:00
2245,737,19,3,4197.00,COMPLETED,2026-03-10 08:20:00
2246,624,2,1,1999.00,COMPLETED,2026-07-12 12:20:00
2247,411,5,3,7497.00,COMPLETED,2026-03-26 18:33:00
2248,412,19,1,1399.00,COMPLETED,2026-04-04 13:26:00
2249,826,5,1,2499.00,COMPLETED,2026-06-02 21:48:00
2250,511,3,1,2999.00,COMPLETED,2026-01-30 11:25:00
2251,304,5,2,4998.00,COMPLETED,2026-05-21 09:26:00
2252,901,19,1,1399.00,COMPLETED,2026-07-13 10:18:00
2253,417,10,1,1299.00,COMPLETED,2026-04-16 14:48:00
2254,651,18,1,2599.00,COMPLETED,2026-06-24 09:33:00
2255,806,11,1,899.00,COMPLETED,2026-04-26 10:46:00
2256,885,12,1,4499.00,COMPLETED,2026-02-10 11:15:00
2257,994,16,2,3998.00,COMPLETED,2026-08-26 13:36:00
2258,800,2,3,5997.00,COMPLETED,2026-03-30 20:53:00
2259,442,4,1,999.00,COMPLETED,2026-07-02 11:29:00
2260,696,4,2,1998.00,COMPLETED,2026-07-12 17:19:00
2261,320,6,1,3499.00,COMPLETED,2026-02-13 21:14:00
2262,833,19,2,2798.00,COMPLETED,2026-01-28 13:45:00
2263,376,11,1,899.00,PENDING,2026-03-20 12:21:00
2264,711,6,1,3499.00,REFUNDED,2026-01-28 14:18:00
2265,934,6,1,3499.00,CANCELLED,2026-03-12 16:00:00
2266,99,8,1,5999.00,COMPLETED,2026-06-20 20:01:00
2267,982,1,1,1499.00,PENDING,2026-07-24 13:27:00
2268,233,2,1,1999.00,COMPLETED,2026-05-10 08:10:00
2269,995,17,1,2099.00,REFUNDED,2026-05-20 14:26:00
2270,996,19,2,2798.00,COMPLETED,2026-04-28 17:36:00
2271,69,18,1,2599.00,CANCELLED,2026-08-18 19:27:00
2272,478,17,1,2099.00,COMPLETED,2026-03-29 18:24:00
2273,900,10,1,1299.00,COMPLETED,2026-08-19 12:11:00
2274,795,13,1,5499.00,COMPLETED,2026-06-08 21:09:00
2275,466,1,1,1499.00,COMPLETED,2026-01-22 10:22:00
2276,568,2,2,3998.00,COMPLETED,2026-04-11 15:35:00
2277,549,8,2,11998.00,COMPLETED,2026-06-22 14:38:00
2278,46,15,2,3198.00,COMPLETED,2026-08-22 09:12:00
2279,495,15,1,1599.00,COMPLETED,2026-04-19 17:23:00
2280,243,7,1,4999.00,COMPLETED,2026-03-10 19:56:00
2281,302,16,2,3998.00,COMPLETED,2026-03-26 08:04:00
2282,243,6,1,3499.00,REFUNDED,2026-02-01 11:57:00
2283,820,3,1,2999.00,COMPLETED,2026-07-09 08:11:00
2284,367,12,2,8998.00,COMPLETED,2026-03-23 09:40:00
2285,27,5,1,2499.00,COMPLETED,2026-03-19 10:38:00
2286,260,10,2,2598.00,COMPLETED,2026-06-17 15:27:00
2287,48,4,1,999.00,COMPLETED,2026-03-02 09:03:00
2288,935,13,3,16497.00,COMPLETED,2026-04-05 08:10:00
2289,334,20,1,999.00,COMPLETED,2026-02-03 21:48:00
2290,646,9,1,1799.00,COMPLETED,2026-03-10 19:57:00
2291,638,2,1,1999.00,COMPLETED,2026-03-24 08:19:00
2292,658,1,2,2998.00,COMPLETED,2026-08-06 18:27:00
2293,176,20,1,999.00,COMPLETED,2026-03-13 10:32:00
2294,202,7,1,4999.00,COMPLETED,2026-06-07 19:59:00
2295,785,3,1,2999.00,COMPLETED,2026-03-03 13:49:00
2296,881,19,1,1399.00,COMPLETED,2026-01-08 16:21:00
2297,697,7,1,4999.00,COMPLETED,2026-05-30 20:00:00
2298,706,12,1,4499.00,COMPLETED,2026-07-20 20:56:00
2299,85,20,1,999.00,CANCELLED,2026-05-23 15:31:00
2300,394,13,1,5499.00,COMPLETED,2026-04-06 15:46:00
2301,667,12,2,8998.00,COMPLETED,2026-05-31 14:09:00
2302,340,10,1,1299.00,COMPLETED,2026-02-25 11:44:00
2303,683,19,1,1399.00,COMPLETED,2026-04-19 19:12:00
2304,678,3,1,2999.00,COMPLETED,2026-04-28 12:21:00
2305,922,4,4,3996.00,COMPLETED,2026-06-08 08:12:00
2306,745,12,1,4499.00,COMPLETED,2026-02-07 11:36:00
2307,652,18,1,2599.00,COMPLETED,2026-05-17 11:10:00
2308,269,1,2,2998.00,COMPLETED,2026-08-07 10:27:00
2309,219,11,1,899.00,COMPLETED,2026-02-25 17:29:00
2310,20,17,1,2099.00,COMPLETED,2026-02-21 08:54:00
2311,70,4,1,999.00,COMPLETED,2026-06-20 14:11:00
2312,820,18,1,2599.00,COMPLETED,2026-03-11 20:55:00
2313,565,2,2,3998.00,COMPLETED,2026-07-03 21:51:00
2314,829,1,1,1499.00,PENDING,2026-03-07 13:04:00
2315,963,19,1,1399.00,COMPLETED,2026-03-01 20:17:00
2316,550,17,2,4198.00,COMPLETED,2026-05-09 08:00:00
2317,177,8,4,23996.00,COMPLETED,2026-07-31 10:30:00
2318,245,3,1,2999.00,COMPLETED,2026-06-20 18:02:00
2319,541,20,2,1998.00,COMPLETED,2026-04-22 16:00:00
2320,881,20,2,1998.00,COMPLETED,2026-04-14 10:27:00
2321,464,4,1,999.00,COMPLETED,2026-06-01 09:22:00
2322,873,7,2,9998.00,COMPLETED,2026-02-02 12:02:00
2323,406,6,1,3499.00,COMPLETED,2026-05-28 19:38:00
2324,116,11,1,899.00,COMPLETED,2026-08-14 10:30:00
2325,859,18,1,2599.00,COMPLETED,2026-03-01 11:24:00
2326,293,9,1,1799.00,COMPLETED,2026-03-14 12:29:00
2327,992,16,1,1999.00,COMPLETED,2026-05-03 08:41:00
2328,330,17,2,4198.00,COMPLETED,2026-07-30 12:31:00
2329,992,2,1,1999.00,COMPLETED,2026-01-22 20:52:00
2330,567,14,1,1199.00,COMPLETED,2026-04-09 15:36:00
2331,238,8,1,5999.00,COMPLETED,2026-05-18 10:58:00
2332,464,5,2,4998.00,COMPLETED,2026-06-27 16:13:00
2333,73,6,1,3499.00,COMPLETED,2026-02-13 21:37:00
2334,716,1,1,1499.00,COMPLETED,2026-08-10 19:19:00
2335,491,11,1,899.00,REFUNDED,2026-07-23 10:05:00
2336,81,12,1,4499.00,COMPLETED,2026-02-13 09:54:00
2337,568,9,1,1799.00,COMPLETED,2026-04-03 15:49:00
2338,346,8,2,11998.00,COMPLETED,2026-03-08 21:15:00
2339,63,18,2,5198.00,REFUNDED,2026-03-24 16:48:00
2340,632,7,3,14997.00,REFUNDED,2026-08-01 08:33:00
2341,574,6,1,3499.00,COMPLETED,2026-01-08 11:25:00
2342,994,6,1,3499.00,COMPLETED,2026-02-08 13:21:00
2343,862,3,1,2999.00,CANCELLED,2026-08-13 09:04:00
2344,842,6,1,3499.00,COMPLETED,2026-06-17 14:12:00
2345,299,12,2,8998.00,COMPLETED,2026-03-26 17:41:00
2346,762,11,1,899.00,COMPLETED,2026-03-15 13:06:00
2347,872,17,2,4198.00,COMPLETED,2026-07-26 20:45:00
2348,595,18,2,5198.00,COMPLETED,2026-04-18 18:02:00
2349,764,11,1,899.00,COMPLETED,2026-04-15 14:02:00
2350,100,6,1,3499.00,COMPLETED,2026-02-27 11:46:00
2351,205,10,3,3897.00,COMPLETED,2026-01-03 16:56:00
2352,457,13,1,5499.00,COMPLETED,2026-06-30 10:34:00
2353,670,18,1,2599.00,CANCELLED,2026-02-08 10:39:00
2354,593,1,2,2998.00,COMPLETED,2026-01-04 13:47:00
2355,894,12,2,8998.00,PENDING,2026-03-10 09:31:00
2356,243,1,1,1499.00,COMPLETED,2026-01-20 20:36:00
2357,579,4,1,999.00,COMPLETED,2026-02-25 12:05:00
2358,29,3,1,2999.00,COMPLETED,2026-04-04 12:23:00
2359,43,8,1,5999.00,COMPLETED,2026-03-31 11:43:00
2360,519,16,1,1999.00,COMPLETED,2026-08-14 12:29:00
2361,815,7,2,9998.00,PENDING,2026-06-02 16:34:00
2362,486,2,1,1999.00,COMPLETED,2026-07-31 11:19:00
2363,781,14,3,3597.00,COMPLETED,2026-05-21 16:06:00
2364,708,5,1,2499.00,REFUNDED,2026-03-04 08:16:00
2365,536,17,1,2099.00,PENDING,2026-07-11 11:27:00
2366,775,1,1,1499.00,CANCELLED,2026-01-29 15:48:00
2367,807,18,2,5198.00,COMPLETED,2026-02-17 16:16:00
2368,385,1,1,1499.00,COMPLETED,2026-07-01 08:13:00
2369,125,1,1,1499.00,COMPLETED,2026-05-22 15:53:00
2370,8,8,1,5999.00,COMPLETED,2026-01-06 19:06:00
2371,537,4,1,999.00,COMPLETED,2026-03-20 20:28:00
2372,88,14,4,4796.00,COMPLETED,2026-03-04 11:27:00
2373,65,19,1,1399.00,COMPLETED,2026-06-03 20:03:00
2374,692,15,2,3198.00,COMPLETED,2026-01-02 17:46:00
2375,391,12,2,8998.00,COMPLETED,2026-06-07 17:33:00
2376,423,1,1,1499.00,COMPLETED,2026-05-23 09:59:00
2377,943,3,1,2999.00,COMPLETED,2026-04-02 20:14:00
2378,122,8,1,5999.00,COMPLETED,2026-01-07 14:22:00
2379,166,18,4,10396.00,COMPLETED,2026-01-27 16:56:00
2380,837,4,3,2997.00,COMPLETED,2026-02-25 21:14:00
2381,781,19,1,1399.00,COMPLETED,2026-04-16 19:10:00
2382,507,2,1,1999.00,COMPLETED,2026-06-04 08:26:00
2383,150,15,3,4797.00,PENDING,2026-02-19 11:32:00
2384,970,17,1,2099.00,COMPLETED,2026-04-07 18:05:00
2385,25,8,1,5999.00,COMPLETED,2026-02-16 12:03:00
2386,245,11,1,899.00,COMPLETED,2026-08-26 14:45:00
2387,310,8,1,5999.00,COMPLETED,2026-03-15 09:09:00
2388,426,13,3,16497.00,PENDING,2026-05-21 08:00:00
2389,229,18,1,2599.00,COMPLETED,2026-05-10 13:11:00
2390,817,9,3,5397.00,COMPLETED,2026-01-06 17:48:00
2391,546,8,1,5999.00,COMPLETED,2026-08-05 19:46:00
2392,966,1,1,1499.00,COMPLETED,2026-02-07 16:27:00
2393,828,12,1,4499.00,COMPLETED,2026-06-13 10:05:00
2394,581,12,1,4499.00,COMPLETED,2026-05-30 13:33:00
2395,494,5,1,2499.00,COMPLETED,2026-02-03 11:35:00
2396,696,1,1,1499.00,COMPLETED,2026-03-26 16:17:00
2397,199,20,1,999.00,COMPLETED,2026-05-13 13:59:00
2398,477,15,1,1599.00,COMPLETED,2026-01-11 14:44:00
2399,269,18,2,5198.00,COMPLETED,2026-07-01 17:28:00
2400,52,13,1,5499.00,CANCELLED,2026-05-31 08:51:00
2401,317,13,1,5499.00,COMPLETED,2026-02-09 10:33:00
2402,284,3,2,5998.00,COMPLETED,2026-01-07 21:45:00
2403,119,20,1,999.00,COMPLETED,2026-08-15 10:17:00
2404,759,18,2,5198.00,COMPLETED,2026-01-24 17:25:00
2405,181,12,1,4499.00,COMPLETED,2026-01-26 21:36:00
2406,483,2,4,7996.00,COMPLETED,2026-04-08 21:17:00
2407,170,1,1,1499.00,COMPLETED,2026-08-18 18:47:00
2408,707,11,2,1798.00,COMPLETED,2026-06-20 11:55:00
2409,578,3,3,8997.00,COMPLETED,2026-05-31 13:12:00
2410,223,17,1,2099.00,PENDING,2026-07-29 21:00:00
2411,517,4,2,1998.00,COMPLETED,2026-04-22 15:19:00
2412,365,17,1,2099.00,COMPLETED,2026-06-04 15:12:00
2413,836,12,1,4499.00,COMPLETED,2026-04-05 14:51:00
2414,767,20,1,999.00,CANCELLED,2026-03-22 10:56:00
2415,951,20,1,999.00,REFUNDED,2026-03-03 16:23:00
2416,773,19,3,4197.00,COMPLETED,2026-05-27 15:14:00
2417,674,12,1,4499.00,COMPLETED,2026-04-15 20:34:00
2418,633,10,2,2598.00,PENDING,2026-04-26 19:58:00
2419,348,1,2,2998.00,COMPLETED,2026-07-31 13:14:00
2420,160,16,1,1999.00,CANCELLED,2026-08-12 09:19:00
2421,826,15,2,3198.00,COMPLETED,2026-06-25 19:39:00
2422,239,1,2,2998.00,CANCELLED,2026-02-11 17:02:00
2423,698,10,1,1299.00,COMPLETED,2026-01-14 15:38:00
2424,121,9,1,1799.00,COMPLETED,2026-02-05 10:02:00
2425,660,2,1,1999.00,COMPLETED,2026-07-31 15:32:00
2426,496,13,3,16497.00,COMPLETED,2026-06-13 10:03:00
2427,193,14,1,1199.00,COMPLETED,2026-07-23 19:13:00
2428,794,10,4,5196.00,COMPLETED,2026-01-10 14:40:00
2429,882,16,1,1999.00,CANCELLED,2026-07-05 09:33:00
2430,412,8,1,5999.00,COMPLETED,2026-06-22 12:18:00
2431,24,17,2,4198.00,COMPLETED,2026-01-30 18:06:00
2432,148,4,2,1998.00,COMPLETED,2026-05-22 10:39:00
2433,247,16,1,1999.00,PENDING,2026-02-14 15:22:00
2434,636,8,1,5999.00,COMPLETED,2026-08-21 18:51:00
2435,11,1,1,1499.00,COMPLETED,2026-06-07 14:38:00
2436,452,12,2,8998.00,COMPLETED,2026-01-07 10:03:00
2437,843,7,1,4999.00,COMPLETED,2026-06-03 11:33:00
2438,528,19,2,2798.00,COMPLETED,2026-08-05 09:20:00
2439,959,9,1,1799.00,COMPLETED,2026-02-24 09:29:00
2440,68,19,3,4197.00,COMPLETED,2026-02-09 13:59:00
2441,229,15,1,1599.00,COMPLETED,2026-04-20 11:05:00
2442,308,20,2,1998.00,COMPLETED,2026-07-10 13:43:00
2443,597,15,1,1599.00,COMPLETED,2026-05-15 10:15:00
2444,835,20,1,999.00,COMPLETED,2026-01-04 15:42:00
2445,501,9,1,1799.00,COMPLETED,2026-01-18 20:09:00
2446,721,8,1,5999.00,COMPLETED,2026-03-03 21:51:00
2447,18,5,1,2499.00,COMPLETED,2026-05-09 18:02:00
2448,566,20,2,1998.00,COMPLETED,2026-04-04 15:08:00
2449,707,9,1,1799.00,COMPLETED,2026-06-03 21:25:00
2450,686,7,1,4999.00,COMPLETED,2026-06-02 20:55:00
2451,439,4,2,1998.00,COMPLETED,2026-08-01 18:49:00
2452,351,18,1,2599.00,COMPLETED,2026-07-09 20:18:00
2453,707,4,1,999.00,COMPLETED,2026-08-29 08:25:00
2454,111,16,2,3998.00,COMPLETED,2026-04-18 09:46:00
2455,594,17,2,4198.00,COMPLETED,2026-02-24 14:22:00
2456,839,12,1,4499.00,COMPLETED,2026-08-07 18:00:00
2457,224,9,4,7196.00,COMPLETED,2026-04-01 21:32:00
2458,894,10,3,3897.00,COMPLETED,2026-02-23 19:50:00
2459,275,17,1,2099.00,CANCELLED,2026-06-15 09:48:00
2460,874,5,1,2499.00,COMPLETED,2026-04-01 09:49:00
2461,141,20,1,999.00,COMPLETED,2026-07-11 12:02:00
2462,575,19,1,1399.00,COMPLETED,2026-01-04 18:54:00
2463,160,20,1,999.00,COMPLETED,2026-07-18 20:46:00
2464,838,7,2,9998.00,COMPLETED,2026-02-11 19:32:00
2465,884,13,2,10998.00,COMPLETED,2026-04-06 14:55:00
2466,269,8,2,11998.00,COMPLETED,2026-07-16 16:59:00
2467,246,16,4,7996.00,COMPLETED,2026-08-28 10:08:00
2468,592,8,1,5999.00,COMPLETED,2026-03-27 19:08:00
2469,14,16,1,1999.00,REFUNDED,2026-03-22 15:52:00
2470,55,17,1,2099.00,COMPLETED,2026-03-02 17:19:00
2471,233,19,2,2798.00,COMPLETED,2026-06-11 21:48:00
2472,256,16,1,1999.00,COMPLETED,2026-05-23 11:57:00
2473,109,2,1,1999.00,COMPLETED,2026-07-30 12:45:00
2474,393,16,4,7996.00,CANCELLED,2026-07-14 16:18:00
2475,746,8,1,5999.00,CANCELLED,2026-08-19 08:40:00
2476,91,19,1,1399.00,CANCELLED,2026-04-14 16:43:00
2477,156,3,1,2999.00,COMPLETED,2026-03-31 20:50:00
2478,191,2,2,3998.00,COMPLETED,2026-01-15 21:05:00
2479,20,4,1,999.00,COMPLETED,2026-06-03 19:33:00
2480,127,17,3,6297.00,COMPLETED,2026-08-14 10:09:00
2481,538,16,2,3998.00,COMPLETED,2026-05-16 13:15:00
2482,779,5,1,2499.00,REFUNDED,2026-08-07 15:28:00
2483,497,2,2,3998.00,COMPLETED,2026-05-24 10:23:00
2484,306,1,2,2998.00,COMPLETED,2026-04-17 11:30:00
2485,150,19,2,2798.00,COMPLETED,2026-05-25 18:36:00
2486,385,14,4,4796.00,COMPLETED,2026-05-28 15:56:00
2487,212,16,1,1999.00,COMPLETED,2026-04-15 14:55:00
2488,735,16,1,1999.00,COMPLETED,2026-07-11 20:31:00
2489,761,16,2,3998.00,CANCELLED,2026-08-07 08:52:00
2490,61,2,1,1999.00,COMPLETED,2026-07-05 16:11:00
2491,559,12,1,4499.00,COMPLETED,2026-02-26 12:05:00
2492,657,5,1,2499.00,COMPLETED,2026-03-04 15:50:00
2493,169,5,1,2499.00,COMPLETED,2026-07-07 16:04:00
2494,242,4,1,999.00,COMPLETED,2026-02-03 20:42:00
2495,33,20,2,1998.00,CANCELLED,2026-07-17 20:26:00
2496,551,3,2,5998.00,COMPLETED,2026-01-02 08:55:00
2497,373,11,2,1798.00,COMPLETED,2026-01-02 21:49:00
2498,63,20,1,999.00,COMPLETED,2026-08-03 17:53:00
2499,188,15,2,3198.00,COMPLETED,2026-08-11 08:30:00
2500,553,16,1,1999.00,COMPLETED,2026-02-13 08:54:00
2501,11,5,1,2499.00,PENDING,2026-07-04 16:06:00
2502,327,6,3,10497.00,COMPLETED,2026-03-28 18:44:00
2503,453,1,1,1499.00,COMPLETED,2026-04-20 21:12:00
2504,65,3,1,2999.00,COMPLETED,2026-08-21 21:24:00
2505,366,6,1,3499.00,REFUNDED,2026-08-30 08:05:00
2506,970,17,3,6297.00,COMPLETED,2026-07-31 13:44:00
2507,349,12,1,4499.00,COMPLETED,2026-08-28 12:19:00
2508,51,10,1,1299.00,COMPLETED,2026-01-13 08:52:00
2509,996,1,4,5996.00,COMPLETED,2026-05-13 09:36:00
2510,485,10,1,1299.00,COMPLETED,2026-05-16 21:49:00
2511,11,14,1,1199.00,CANCELLED,2026-08-30 15:38:00
2512,931,11,1,899.00,PENDING,2026-04-13 14:21:00
2513,320,19,1,1399.00,COMPLETED,2026-05-11 11:52:00
2514,864,12,1,4499.00,COMPLETED,2026-08-14 13:15:00
2515,519,18,2,5198.00,COMPLETED,2026-02-01 10:50:00
2516,700,14,1,1199.00,COMPLETED,2026-07-28 13:49:00
2517,462,19,3,4197.00,COMPLETED,2026-08-23 15:49:00
2518,105,20,1,999.00,PENDING,2026-05-11 15:01:00
2519,772,9,1,1799.00,COMPLETED,2026-04-05 11:12:00
2520,530,18,2,5198.00,CANCELLED,2026-01-19 12:13:00
2521,344,2,1,1999.00,COMPLETED,2026-06-05 20:33:00
2522,471,9,1,1799.00,COMPLETED,2026-06-10 09:39:00
2523,946,5,2,4998.00,COMPLETED,2026-02-12 15:49:00
2524,817,11,1,899.00,CANCELLED,2026-05-21 16:06:00
2525,731,16,2,3998.00,COMPLETED,2026-04-11 20:00:00
2526,781,1,2,2998.00,COMPLETED,2026-03-06 17:41:00
2527,902,15,2,3198.00,COMPLETED,2026-08-21 12:41:00
2528,113,3,2,5998.00,COMPLETED,2026-08-07 18:29:00
2529,194,2,1,1999.00,PENDING,2026-05-23 11:10:00
2530,50,8,1,5999.00,COMPLETED,2026-04-09 14:36:00
2531,5,1,1,1499.00,COMPLETED,2026-03-07 11:03:00
2532,377,17,1,2099.00,COMPLETED,2026-02-28 17:29:00
2533,162,19,1,1399.00,COMPLETED,2026-08-31 16:57:00
2534,413,13,3,16497.00,CANCELLED,2026-06-25 11:27:00
2535,474,7,1,4999.00,COMPLETED,2026-03-20 12:26:00
2536,916,15,1,1599.00,PENDING,2026-03-12 21:58:00
2537,193,9,1,1799.00,COMPLETED,2026-04-20 12:09:00
2538,820,4,1,999.00,PENDING,2026-04-05 19:31:00
2539,51,8,4,23996.00,COMPLETED,2026-07-03 20:46:00
2540,194,5,1,2499.00,REFUNDED,2026-06-23 21:36:00
2541,342,20,2,1998.00,COMPLETED,2026-01-21 16:17:00
2542,233,9,3,5397.00,COMPLETED,2026-06-21 10:07:00
2543,125,13,1,5499.00,COMPLETED,2026-07-07 14:14:00
2544,938,1,2,2998.00,COMPLETED,2026-02-10 13:29:00
2545,490,6,3,10497.00,COMPLETED,2026-06-14 08:44:00
2546,956,10,4,5196.00,COMPLETED,2026-08-29 15:38:00
2547,235,2,2,3998.00,COMPLETED,2026-04-12 14:54:00
2548,428,15,2,3198.00,COMPLETED,2026-05-05 20:07:00
2549,676,14,1,1199.00,COMPLETED,2026-06-09 13:25:00
2550,58,19,1,1399.00,CANCELLED,2026-04-24 18:57:00
2551,428,11,1,899.00,PENDING,2026-06-09 09:29:00
2552,509,17,2,4198.00,COMPLETED,2026-06-08 08:36:00
2553,96,8,2,11998.00,COMPLETED,2026-04-05 19:08:00
2554,92,12,4,17996.00,COMPLETED,2026-07-18 10:22:00
2555,381,17,1,2099.00,CANCELLED,2026-08-10 17:09:00
2556,470,10,1,1299.00,COMPLETED,2026-08-03 19:45:00
2557,750,14,1,1199.00,COMPLETED,2026-08-22 15:03:00
2558,606,6,3,10497.00,COMPLETED,2026-01-04 14:26:00
2559,213,3,1,2999.00,COMPLETED,2026-03-04 09:15:00
2560,730,16,2,3998.00,COMPLETED,2026-05-14 11:11:00
2561,168,12,1,4499.00,PENDING,2026-04-15 12:07:00
2562,547,12,2,8998.00,COMPLETED,2026-04-19 15:30:00
2563,958,7,1,4999.00,COMPLETED,2026-04-27 15:50:00
2564,522,14,1,1199.00,COMPLETED,2026-08-20 12:20:00
2565,376,3,1,2999.00,COMPLETED,2026-07-12 17:06:00
2566,929,7,1,4999.00,COMPLETED,2026-01-09 14:16:00
2567,533,8,2,11998.00,REFUNDED,2026-08-16 13:01:00
2568,595,5,1,2499.00,COMPLETED,2026-08-07 08:55:00
2569,697,5,1,2499.00,COMPLETED,2026-07-23 13:20:00
2570,684,17,1,2099.00,COMPLETED,2026-07-17 08:25:00
2571,148,16,2,3998.00,COMPLETED,2026-06-19 20:16:00
2572,870,4,1,999.00,PENDING,2026-08-04 12:56:00
2573,946,5,1,2499.00,COMPLETED,2026-07-20 12:13:00
2574,203,1,1,1499.00,COMPLETED,2026-01-10 11:48:00
2575,424,7,2,9998.00,REFUNDED,2026-02-09 15:34:00
2576,338,20,1,999.00,COMPLETED,2026-03-07 21:38:00
2577,249,3,1,2999.00,COMPLETED,2026-02-14 15:44:00
2578,668,9,1,1799.00,CANCELLED,2026-07-19 11:37:00
2579,384,20,1,999.00,COMPLETED,2026-05-18 12:16:00
2580,703,5,1,2499.00,CANCELLED,2026-03-20 09:09:00
2581,93,3,2,5998.00,COMPLETED,2026-02-03 12:45:00
2582,776,7,2,9998.00,COMPLETED,2026-02-18 18:52:00
2583,443,2,3,5997.00,COMPLETED,2026-07-22 11:35:00
2584,444,4,1,999.00,COMPLETED,2026-03-16 10:04:00
2585,407,5,1,2499.00,COMPLETED,2026-04-03 12:10:00
2586,169,20,1,999.00,COMPLETED,2026-01-06 20:00:00
2587,116,15,2,3198.00,COMPLETED,2026-05-27 09:37:00
2588,505,19,2,2798.00,COMPLETED,2026-06-24 19:07:00
2589,447,5,1,2499.00,COMPLETED,2026-07-01 14:37:00
2590,436,1,1,1499.00,COMPLETED,2026-04-30 13:07:00
2591,961,2,2,3998.00,COMPLETED,2026-08-14 17:45:00
2592,881,1,1,1499.00,COMPLETED,2026-04-12 11:56:00
2593,159,11,1,899.00,COMPLETED,2026-06-29 11:31:00
2594,597,7,1,4999.00,COMPLETED,2026-08-13 18:53:00
2595,891,3,1,2999.00,COMPLETED,2026-03-10 18:08:00
2596,317,6,1,3499.00,COMPLETED,2026-08-10 14:26:00
2597,522,18,3,7797.00,COMPLETED,2026-02-28 14:53:00
2598,50,3,2,5998.00,COMPLETED,2026-05-04 13:40:00
2599,284,13,1,5499.00,COMPLETED,2026-03-20 08:45:00
2600,762,18,1,2599.00,COMPLETED,2026-02-19 17:24:00
2601,73,3,3,8997.00,COMPLETED,2026-05-01 16:24:00
2602,751,14,3,3597.00,COMPLETED,2026-04-25 08:25:00
2603,12,20,3,2997.00,COMPLETED,2026-01-29 13:46:00
2604,144,4,1,999.00,COMPLETED,2026-06-11 12:10:00
2605,73,14,1,1199.00,COMPLETED,2026-03-26 15:32:00
2606,739,20,1,999.00,COMPLETED,2026-06-02 21:26:00
2607,896,12,1,4499.00,COMPLETED,2026-02-13 08:49:00
2608,515,13,4,21996.00,COMPLETED,2026-03-25 18:20:00
2609,828,6,3,10497.00,COMPLETED,2026-08-07 11:36:00
2610,993,8,2,11998.00,COMPLETED,2026-03-25 10:40:00
2611,624,13,1,5499.00,COMPLETED,2026-06-22 11:18:00
2612,505,9,1,1799.00,COMPLETED,2026-06-10 14:27:00
2613,300,3,2,5998.00,COMPLETED,2026-08-30 11:42:00
2614,386,19,2,2798.00,COMPLETED,2026-04-30 08:20:00
2615,811,15,1,1599.00,COMPLETED,2026-07-24 21:58:00
2616,708,11,3,2697.00,REFUNDED,2026-03-28 12:08:00
2617,57,7,1,4999.00,COMPLETED,2026-06-04 13:16:00
2618,64,19,4,5596.00,COMPLETED,2026-03-06 20:37:00
2619,973,11,1,899.00,PENDING,2026-07-23 08:00:00
2620,679,17,1,2099.00,COMPLETED,2026-06-29 20:12:00
2621,227,5,1,2499.00,COMPLETED,2026-01-02 13:39:00
2622,419,3,1,2999.00,COMPLETED,2026-02-10 12:19:00
2623,776,14,2,2398.00,COMPLETED,2026-01-04 08:43:00
2624,49,19,1,1399.00,CANCELLED,2026-05-10 11:39:00
2625,912,2,1,1999.00,PENDING,2026-04-13 11:43:00
2626,282,8,1,5999.00,PENDING,2026-03-27 11:01:00
2627,846,2,1,1999.00,COMPLETED,2026-01-16 12:22:00
2628,424,18,1,2599.00,REFUNDED,2026-03-12 12:31:00
2629,388,17,1,2099.00,COMPLETED,2026-03-25 21:51:00
2630,553,13,1,5499.00,COMPLETED,2026-08-10 17:44:00
2631,581,20,1,999.00,COMPLETED,2026-07-12 16:21:00
2632,460,12,1,4499.00,COMPLETED,2026-05-01 17:01:00
2633,613,10,1,1299.00,COMPLETED,2026-06-06 21:19:00
2634,552,3,1,2999.00,COMPLETED,2026-02-14 15:33:00
2635,562,2,1,1999.00,PENDING,2026-07-04 12:05:00
2636,236,9,1,1799.00,COMPLETED,2026-01-03 10:36:00
2637,991,10,1,1299.00,COMPLETED,2026-01-09 21:30:00
2638,215,8,2,11998.00,COMPLETED,2026-01-11 13:43:00
2639,267,15,1,1599.00,COMPLETED,2026-02-26 08:26:00
2640,108,10,2,2598.00,COMPLETED,2026-01-14 10:07:00
2641,952,3,1,2999.00,COMPLETED,2026-07-05 21:45:00
2642,10,16,1,1999.00,CANCELLED,2026-02-19 12:24:00
2643,48,5,2,4998.00,CANCELLED,2026-02-15 21:06:00
2644,426,9,1,1799.00,COMPLETED,2026-08-14 09:27:00
2645,524,9,1,1799.00,COMPLETED,2026-01-21 17:34:00
2646,960,16,1,1999.00,COMPLETED,2026-05-11 20:25:00
2647,404,4,1,999.00,COMPLETED,2026-06-06 09:03:00
2648,163,14,1,1199.00,COMPLETED,2026-05-08 18:55:00
2649,428,6,1,3499.00,COMPLETED,2026-02-02 10:02:00
2650,787,16,2,3998.00,COMPLETED,2026-07-08 20:40:00
2651,400,14,3,3597.00,COMPLETED,2026-05-11 20:02:00
2652,520,17,2,4198.00,COMPLETED,2026-02-24 15:23:00
2653,954,19,1,1399.00,COMPLETED,2026-02-20 13:13:00
2654,651,11,1,899.00,COMPLETED,2026-04-15 13:04:00
2655,116,18,1,2599.00,COMPLETED,2026-04-15 19:08:00
2656,828,14,1,1199.00,COMPLETED,2026-03-19 14:47:00
2657,867,14,1,1199.00,COMPLETED,2026-08-10 11:54:00
2658,773,2,2,3998.00,COMPLETED,2026-03-16 16:27:00
2659,848,1,1,1499.00,COMPLETED,2026-06-10 13:37:00
2660,163,18,2,5198.00,COMPLETED,2026-03-25 11:06:00
2661,703,9,1,1799.00,COMPLETED,2026-07-26 16:44:00
2662,743,7,1,4999.00,COMPLETED,2026-03-05 17:42:00
2663,220,1,1,1499.00,PENDING,2026-06-23 08:45:00
2664,859,6,1,3499.00,REFUNDED,2026-08-12 08:38:00
2665,957,12,1,4499.00,REFUNDED,2026-03-09 17:41:00
2666,263,12,2,8998.00,COMPLETED,2026-02-27 08:35:00
2667,790,3,1,2999.00,COMPLETED,2026-02-09 14:27:00
2668,758,11,2,1798.00,COMPLETED,2026-08-14 21:07:00
2669,655,8,2,11998.00,COMPLETED,2026-06-14 14:20:00
2670,645,16,2,3998.00,COMPLETED,2026-05-10 18:35:00
2671,229,15,1,1599.00,COMPLETED,2026-06-07 16:36:00
2672,329,6,1,3499.00,COMPLETED,2026-03-25 16:55:00
2673,293,20,3,2997.00,COMPLETED,2026-03-16 18:27:00
2674,797,20,1,999.00,COMPLETED,2026-05-16 15:29:00
2675,232,11,2,1798.00,COMPLETED,2026-04-25 16:46:00
2676,60,8,1,5999.00,COMPLETED,2026-07-27 11:38:00
2677,44,10,2,2598.00,COMPLETED,2026-08-25 16:59:00
2678,342,12,1,4499.00,COMPLETED,2026-07-23 09:23:00
2679,727,4,2,1998.00,COMPLETED,2026-05-25 14:46:00
2680,354,11,3,2697.00,REFUNDED,2026-08-22 17:42:00
2681,151,14,1,1199.00,COMPLETED,2026-07-06 13:00:00
2682,671,20,1,999.00,COMPLETED,2026-05-15 16:34:00
2683,594,3,2,5998.00,COMPLETED,2026-05-25 10:00:00
2684,994,10,1,1299.00,COMPLETED,2026-01-16 12:59:00
2685,484,8,2,11998.00,COMPLETED,2026-01-06 16:00:00
2686,300,6,1,3499.00,COMPLETED,2026-02-13 13:14:00
2687,971,16,1,1999.00,COMPLETED,2026-04-29 17:08:00
2688,662,20,4,3996.00,PENDING,2026-06-02 18:32:00
2689,773,9,1,1799.00,COMPLETED,2026-01-19 15:43:00
2690,820,7,1,4999.00,COMPLETED,2026-01-29 15:08:00
2691,871,17,1,2099.00,CANCELLED,2026-07-07 20:24:00
2692,888,3,1,2999.00,COMPLETED,2026-04-17 15:14:00
2693,443,1,1,1499.00,COMPLETED,2026-07-25 20:13:00
2694,314,16,1,1999.00,COMPLETED,2026-01-13 13:54:00
2695,157,4,1,999.00,COMPLETED,2026-06-25 08:59:00
2696,153,18,2,5198.00,COMPLETED,2026-05-22 19:55:00
2697,287,10,2,2598.00,COMPLETED,2026-05-26 08:02:00
2698,474,1,1,1499.00,COMPLETED,2026-08-09 16:48:00
2699,400,4,1,999.00,COMPLETED,2026-07-12 08:49:00
2700,856,17,1,2099.00,CANCELLED,2026-06-27 09:16:00
2701,21,15,1,1599.00,PENDING,2026-07-08 12:06:00
2702,174,1,2,2998.00,COMPLETED,2026-03-01 19:40:00
2703,324,18,1,2599.00,COMPLETED,2026-05-05 16:15:00
2704,112,1,3,4497.00,COMPLETED,2026-05-04 17:55:00
2705,590,6,3,10497.00,COMPLETED,2026-02-08 19:24:00
2706,560,12,1,4499.00,COMPLETED,2026-02-05 19:52:00
2707,957,5,2,4998.00,REFUNDED,2026-08-16 17:29:00
2708,46,14,2,2398.00,COMPLETED,2026-01-31 13:59:00
2709,678,18,1,2599.00,COMPLETED,2026-04-08 10:07:00
2710,56,10,1,1299.00,COMPLETED,2026-02-14 20:09:00
2711,684,11,1,899.00,COMPLETED,2026-06-01 17:06:00
2712,344,10,2,2598.00,CANCELLED,2026-08-18 21:28:00
2713,990,3,1,2999.00,COMPLETED,2026-01-04 16:00:00
2714,897,11,1,899.00,COMPLETED,2026-07-10 17:07:00
2715,771,13,1,5499.00,COMPLETED,2026-04-23 13:47:00
2716,979,5,1,2499.00,COMPLETED,2026-08-23 20:20:00
2717,227,10,1,1299.00,COMPLETED,2026-05-02 14:53:00
2718,777,20,1,999.00,COMPLETED,2026-07-07 19:49:00
2719,579,13,1,5499.00,COMPLETED,2026-01-19 21:20:00
2720,754,15,3,4797.00,COMPLETED,2026-05-05 08:18:00
2721,940,9,1,1799.00,CANCELLED,2026-01-06 17:50:00
2722,362,18,2,5198.00,COMPLETED,2026-05-24 09:14:00
2723,245,20,2,1998.00,COMPLETED,2026-04-29 15:21:00
2724,568,11,1,899.00,COMPLETED,2026-01-05 12:20:00
2725,410,7,3,14997.00,COMPLETED,2026-03-09 19:21:00
2726,706,20,1,999.00,CANCELLED,2026-06-07 09:09:00
2727,162,20,1,999.00,COMPLETED,2026-06-05 14:58:00
2728,52,3,1,2999.00,COMPLETED,2026-05-16 15:44:00
2729,496,13,1,5499.00,COMPLETED,2026-04-02 15:51:00
2730,846,5,1,2499.00,COMPLETED,2026-04-27 08:14:00
2731,37,9,1,1799.00,COMPLETED,2026-05-26 16:13:00
2732,552,17,1,2099.00,COMPLETED,2026-04-18 11:20:00
2733,561,14,1,1199.00,COMPLETED,2026-04-15 20:54:00
2734,503,2,1,1999.00,CANCELLED,2026-05-06 21:56:00
2735,760,11,2,1798.00,COMPLETED,2026-07-16 15:20:00
2736,263,2,1,1999.00,COMPLETED,2026-07-12 14:00:00
2737,58,6,1,3499.00,PENDING,2026-01-09 16:47:00
2738,761,9,1,1799.00,COMPLETED,2026-08-01 12:23:00
2739,97,10,2,2598.00,COMPLETED,2026-02-12 17:18:00
2740,625,9,3,5397.00,COMPLETED,2026-06-04 12:22:00
2741,530,7,1,4999.00,COMPLETED,2026-03-26 09:27:00
2742,125,16,2,3998.00,PENDING,2026-04-21 09:24:00
2743,174,20,1,999.00,COMPLETED,2026-01-26 17:34:00
2744,698,16,3,5997.00,COMPLETED,2026-02-25 13:19:00
2745,367,9,1,1799.00,COMPLETED,2026-08-23 17:04:00
2746,710,4,1,999.00,COMPLETED,2026-06-12 18:48:00
2747,349,7,1,4999.00,COMPLETED,2026-04-06 16:56:00
2748,769,5,1,2499.00,COMPLETED,2026-02-12 10:07:00
2749,475,10,1,1299.00,COMPLETED,2026-04-12 21:56:00
2750,628,9,1,1799.00,COMPLETED,2026-01-05 15:57:00
2751,165,17,2,4198.00,CANCELLED,2026-07-28 20:09:00
2752,970,14,3,3597.00,COMPLETED,2026-06-02 14:51:00
2753,562,11,2,1798.00,COMPLETED,2026-06-03 09:04:00
2754,735,17,2,4198.00,COMPLETED,2026-04-27 21:36:00
2755,974,4,4,3996.00,CANCELLED,2026-04-02 17:50:00
2756,192,1,1,1499.00,COMPLETED,2026-03-15 15:30:00
2757,598,16,1,1999.00,COMPLETED,2026-04-17 21:08:00
2758,1,5,1,2499.00,COMPLETED,2026-07-09 11:43:00
2759,559,5,1,2499.00,COMPLETED,2026-02-07 13:57:00
2760,420,6,1,3499.00,COMPLETED,2026-05-30 09:40:00
2761,739,20,1,999.00,COMPLETED,2026-03-07 16:04:00
2762,864,9,1,1799.00,COMPLETED,2026-04-11 13:41:00
2763,743,1,1,1499.00,COMPLETED,2026-05-09 10:17:00
2764,926,15,1,1599.00,COMPLETED,2026-01-04 14:32:00
2765,974,2,3,5997.00,COMPLETED,2026-05-04 17:06:00
2766,311,18,1,2599.00,COMPLETED,2026-04-17 14:20:00
2767,368,9,1,1799.00,COMPLETED,2026-04-16 14:30:00
2768,578,20,4,3996.00,COMPLETED,2026-05-22 20:16:00
2769,519,8,1,5999.00,COMPLETED,2026-06-15 11:31:00
2770,484,17,1,2099.00,CANCELLED,2026-05-03 14:58:00
2771,423,1,1,1499.00,COMPLETED,2026-06-10 13:15:00
2772,420,18,3,7797.00,COMPLETED,2026-04-30 09:34:00
2773,510,13,1,5499.00,COMPLETED,2026-03-16 15:38:00
2774,10,2,1,1999.00,COMPLETED,2026-08-04 08:15:00
2775,603,10,1,1299.00,COMPLETED,2026-04-19 16:16:00
2776,359,1,3,4497.00,COMPLETED,2026-04-28 17:08:00
2777,472,17,1,2099.00,COMPLETED,2026-06-13 19:16:00
2778,664,19,1,1399.00,REFUNDED,2026-05-16 13:06:00
2779,380,19,2,2798.00,COMPLETED,2026-02-27 15:20:00
2780,890,8,1,5999.00,REFUNDED,2026-08-04 20:59:00
2781,546,3,2,5998.00,COMPLETED,2026-06-15 16:29:00
2782,97,8,2,11998.00,COMPLETED,2026-03-26 21:14:00
2783,885,6,2,6998.00,COMPLETED,2026-04-02 14:53:00
2784,273,20,1,999.00,COMPLETED,2026-07-23 14:24:00
2785,297,18,1,2599.00,COMPLETED,2026-03-29 16:49:00
2786,849,8,2,11998.00,COMPLETED,2026-01-14 18:08:00
2787,697,16,1,1999.00,CANCELLED,2026-04-10 14:23:00
2788,900,4,1,999.00,COMPLETED,2026-05-27 14:38:00
2789,769,14,2,2398.00,COMPLETED,2026-06-29 13:45:00
2790,897,16,2,3998.00,COMPLETED,2026-04-28 16:46:00
2791,603,7,1,4999.00,COMPLETED,2026-01-11 08:49:00
2792,73,7,1,4999.00,COMPLETED,2026-02-10 09:41:00
2793,537,2,1,1999.00,COMPLETED,2026-01-07 15:55:00
2794,840,14,2,2398.00,REFUNDED,2026-02-11 21:30:00
2795,561,3,1,2999.00,COMPLETED,2026-06-22 08:24:00
2796,826,11,1,899.00,COMPLETED,2026-01-11 18:35:00
2797,699,4,2,1998.00,COMPLETED,2026-03-12 15:12:00
2798,974,3,2,5998.00,COMPLETED,2026-05-26 09:05:00
2799,452,10,1,1299.00,COMPLETED,2026-01-25 14:20:00
2800,277,3,3,8997.00,PENDING,2026-07-08 12:32:00
2801,515,7,1,4999.00,COMPLETED,2026-06-30 09:26:00
2802,549,3,1,2999.00,COMPLETED,2026-02-13 20:34:00
2803,937,2,1,1999.00,COMPLETED,2026-05-04 09:39:00
2804,900,14,1,1199.00,COMPLETED,2026-07-28 13:39:00
2805,260,3,1,2999.00,COMPLETED,2026-03-18 12:35:00
2806,834,16,4,7996.00,COMPLETED,2026-07-15 09:37:00
2807,281,20,2,1998.00,COMPLETED,2026-08-19 10:04:00
2808,978,1,2,2998.00,COMPLETED,2026-02-15 12:59:00
2809,969,4,1,999.00,COMPLETED,2026-06-28 15:01:00
2810,277,13,1,5499.00,COMPLETED,2026-05-02 11:59:00
2811,434,18,1,2599.00,COMPLETED,2026-04-16 18:55:00
2812,487,5,1,2499.00,COMPLETED,2026-01-27 18:35:00
2813,530,11,1,899.00,COMPLETED,2026-06-08 17:29:00
2814,570,7,1,4999.00,COMPLETED,2026-02-18 09:02:00
2815,972,13,1,5499.00,PENDING,2026-06-24 08:39:00
2816,90,2,1,1999.00,COMPLETED,2026-04-20 18:27:00
2817,344,11,1,899.00,COMPLETED,2026-01-04 20:53:00
2818,850,19,1,1399.00,COMPLETED,2026-04-17 11:31:00
2819,999,9,1,1799.00,PENDING,2026-06-09 15:41:00
2820,74,11,2,1798.00,COMPLETED,2026-03-04 20:43:00
2821,22,8,2,11998.00,COMPLETED,2026-04-30 15:50:00
2822,984,5,1,2499.00,COMPLETED,2026-01-25 17:43:00
2823,645,5,2,4998.00,COMPLETED,2026-07-15 14:50:00
2824,482,3,1,2999.00,CANCELLED,2026-04-29 21:00:00
2825,805,15,3,4797.00,REFUNDED,2026-01-19 11:50:00
2826,757,9,1,1799.00,COMPLETED,2026-02-22 09:40:00
2827,507,10,4,5196.00,CANCELLED,2026-03-31 11:34:00
2828,900,14,1,1199.00,REFUNDED,2026-03-04 15:15:00
2829,136,15,1,1599.00,COMPLETED,2026-05-26 18:51:00
2830,764,8,1,5999.00,COMPLETED,2026-02-23 14:08:00
2831,212,8,1,5999.00,COMPLETED,2026-02-19 09:58:00
2832,595,17,2,4198.00,REFUNDED,2026-03-11 21:54:00
2833,78,12,3,13497.00,REFUNDED,2026-02-05 10:51:00
2834,729,10,4,5196.00,COMPLETED,2026-06-12 12:30:00
2835,384,15,4,6396.00,COMPLETED,2026-03-27 15:59:00
2836,663,14,1,1199.00,COMPLETED,2026-04-09 11:06:00
2837,217,3,1,2999.00,COMPLETED,2026-08-02 09:30:00
2838,372,15,1,1599.00,COMPLETED,2026-08-09 10:29:00
2839,104,16,1,1999.00,COMPLETED,2026-06-10 21:15:00
2840,239,10,2,2598.00,COMPLETED,2026-06-13 16:23:00
2841,28,19,2,2798.00,CANCELLED,2026-04-30 20:16:00
2842,80,14,1,1199.00,COMPLETED,2026-02-02 12:46:00
2843,244,17,2,4198.00,COMPLETED,2026-02-05 17:32:00
2844,76,18,3,7797.00,PENDING,2026-04-15 08:02:00
2845,585,12,3,13497.00,COMPLETED,2026-01-01 20:42:00
2846,401,15,1,1599.00,COMPLETED,2026-07-11 10:46:00
2847,996,5,1,2499.00,COMPLETED,2026-05-24 09:33:00
2848,425,13,1,5499.00,COMPLETED,2026-03-14 08:37:00
2849,195,16,1,1999.00,COMPLETED,2026-04-12 18:03:00
2850,206,10,2,2598.00,COMPLETED,2026-06-02 18:44:00
2851,704,4,2,1998.00,COMPLETED,2026-08-04 16:20:00
2852,694,4,1,999.00,COMPLETED,2026-05-26 18:06:00
2853,540,11,1,899.00,COMPLETED,2026-04-06 14:45:00
2854,361,8,1,5999.00,COMPLETED,2026-08-18 12:49:00
2855,615,14,2,2398.00,COMPLETED,2026-06-05 14:27:00
2856,116,11,2,1798.00,COMPLETED,2026-07-07 21:14:00
2857,128,18,3,7797.00,COMPLETED,2026-06-02 09:37:00
2858,435,11,1,899.00,COMPLETED,2026-04-28 20:55:00
2859,296,16,1,1999.00,COMPLETED,2026-05-27 19:58:00
2860,320,20,1,999.00,COMPLETED,2026-07-06 20:15:00
2861,238,5,1,2499.00,COMPLETED,2026-04-19 12:13:00
2862,602,19,1,1399.00,COMPLETED,2026-07-11 17:48:00
2863,783,11,2,1798.00,COMPLETED,2026-07-01 18:21:00
2864,318,10,1,1299.00,COMPLETED,2026-08-08 09:45:00
2865,14,16,1,1999.00,COMPLETED,2026-04-30 17:44:00
2866,9,16,1,1999.00,COMPLETED,2026-01-03 20:31:00
2867,267,13,1,5499.00,COMPLETED,2026-03-19 11:01:00
2868,622,11,1,899.00,COMPLETED,2026-03-06 17:37:00
2869,516,18,2,5198.00,COMPLETED,2026-06-03 13:46:00
2870,250,18,1,2599.00,COMPLETED,2026-04-01 21:13:00
2871,405,18,1,2599.00,COMPLETED,2026-01-04 19:26:00
2872,865,17,2,4198.00,COMPLETED,2026-07-17 09:16:00
2873,764,3,1,2999.00,COMPLETED,2026-08-28 14:49:00
2874,944,19,1,1399.00,REFUNDED,2026-08-18 10:31:00
2875,731,16,3,5997.00,COMPLETED,2026-01-02 17:12:00
2876,924,4,1,999.00,COMPLETED,2026-07-13 21:12:00
2877,253,20,2,1998.00,COMPLETED,2026-03-16 14:12:00
2878,74,13,3,16497.00,CANCELLED,2026-08-28 09:38:00
2879,426,15,2,3198.00,REFUNDED,2026-08-08 20:13:00
2880,739,10,2,2598.00,COMPLETED,2026-05-31 09:42:00
2881,402,5,2,4998.00,COMPLETED,2026-03-31 10:28:00
2882,896,4,1,999.00,COMPLETED,2026-03-08 10:01:00
2883,158,15,1,1599.00,COMPLETED,2026-01-08 15:29:00
2884,466,15,2,3198.00,COMPLETED,2026-03-01 08:54:00
2885,801,2,2,3998.00,COMPLETED,2026-07-03 16:27:00
2886,251,8,2,11998.00,CANCELLED,2026-06-17 11:08:00
2887,715,8,3,17997.00,CANCELLED,2026-07-18 20:53:00
2888,906,19,1,1399.00,CANCELLED,2026-02-27 14:28:00
2889,782,17,1,2099.00,COMPLETED,2026-08-20 13:09:00
2890,729,6,1,3499.00,COMPLETED,2026-08-30 08:23:00
2891,355,19,2,2798.00,COMPLETED,2026-02-24 11:03:00
2892,879,12,2,8998.00,COMPLETED,2026-04-22 17:29:00
2893,58,8,2,11998.00,CANCELLED,2026-02-07 08:40:00
2894,70,13,1,5499.00,COMPLETED,2026-02-27 14:33:00
2895,552,9,2,3598.00,COMPLETED,2026-03-25 10:50:00
2896,135,13,1,5499.00,COMPLETED,2026-06-18 08:55:00
2897,414,2,1,1999.00,COMPLETED,2026-01-31 21:59:00
2898,590,14,2,2398.00,COMPLETED,2026-07-21 13:56:00
2899,126,6,1,3499.00,COMPLETED,2026-01-24 20:34:00
2900,615,11,1,899.00,COMPLETED,2026-03-20 10:20:00
2901,618,9,1,1799.00,COMPLETED,2026-01-31 18:30:00
2902,974,10,1,1299.00,COMPLETED,2026-02-12 10:00:00
2903,417,19,1,1399.00,COMPLETED,2026-07-05 08:48:00
2904,447,18,1,2599.00,COMPLETED,2026-04-28 16:49:00
2905,171,17,3,6297.00,COMPLETED,2026-07-19 18:26:00
2906,308,13,1,5499.00,COMPLETED,2026-03-31 08:09:00
2907,677,10,1,1299.00,PENDING,2026-02-26 18:02:00
2908,58,13,1,5499.00,COMPLETED,2026-07-22 19:05:00
2909,129,19,2,2798.00,COMPLETED,2026-05-13 08:53:00
2910,800,10,2,2598.00,COMPLETED,2026-02-04 14:38:00
2911,576,6,3,10497.00,COMPLETED,2026-03-14 10:12:00
2912,90,15,1,1599.00,COMPLETED,2026-01-20 17:54:00
2913,734,14,1,1199.00,COMPLETED,2026-03-17 17:37:00
2914,39,9,1,1799.00,COMPLETED,2026-02-08 20:58:00
2915,445,16,1,1999.00,CANCELLED,2026-03-25 08:35:00
2916,295,2,1,1999.00,COMPLETED,2026-03-08 09:46:00
2917,896,18,3,7797.00,COMPLETED,2026-08-30 14:28:00
2918,213,12,2,8998.00,COMPLETED,2026-01-30 20:22:00
2919,810,5,2,4998.00,PENDING,2026-08-23 10:42:00
2920,220,1,3,4497.00,COMPLETED,2026-06-26 12:01:00
2921,415,15,1,1599.00,COMPLETED,2026-01-21 18:40:00
2922,541,6,1,3499.00,COMPLETED,2026-03-29 20:39:00
2923,247,20,4,3996.00,COMPLETED,2026-06-06 11:48:00
2924,140,16,1,1999.00,COMPLETED,2026-05-07 18:06:00
2925,642,1,2,2998.00,COMPLETED,2026-06-23 18:38:00
2926,2,1,2,2998.00,PENDING,2026-02-01 13:29:00
2927,742,5,3,7497.00,REFUNDED,2026-08-08 18:34:00
2928,781,6,1,3499.00,COMPLETED,2026-08-13 10:55:00
2929,861,10,1,1299.00,COMPLETED,2026-03-12 16:31:00
2930,321,19,2,2798.00,COMPLETED,2026-01-09 08:04:00
2931,947,15,1,1599.00,COMPLETED,2026-01-21 14:04:00
2932,670,12,2,8998.00,COMPLETED,2026-05-20 08:17:00
2933,439,11,1,899.00,COMPLETED,2026-06-21 17:07:00
2934,5,3,1,2999.00,PENDING,2026-04-07 10:23:00
2935,197,20,1,999.00,COMPLETED,2026-08-31 19:35:00
2936,486,3,1,2999.00,COMPLETED,2026-02-07 20:02:00
2937,253,19,1,1399.00,COMPLETED,2026-06-02 09:25:00
2938,920,10,1,1299.00,CANCELLED,2026-04-04 17:52:00
2939,837,19,3,4197.00,PENDING,2026-05-21 20:07:00
2940,367,12,1,4499.00,COMPLETED,2026-01-22 13:35:00
2941,76,3,1,2999.00,REFUNDED,2026-08-04 10:35:00
2942,205,18,3,7797.00,COMPLETED,2026-02-16 20:01:00
2943,797,12,2,8998.00,REFUNDED,2026-08-29 13:38:00
2944,99,17,3,6297.00,COMPLETED,2026-06-28 20:01:00
2945,563,8,1,5999.00,COMPLETED,2026-01-20 19:24:00
2946,316,9,1,1799.00,COMPLETED,2026-06-28 20:57:00
2947,839,15,1,1599.00,COMPLETED,2026-07-08 09:20:00
2948,837,17,2,4198.00,COMPLETED,2026-07-19 19:34:00
2949,796,1,1,1499.00,COMPLETED,2026-08-25 14:42:00
2950,222,11,1,899.00,COMPLETED,2026-01-08 15:39:00
2951,659,4,2,1998.00,COMPLETED,2026-04-04 16:07:00
2952,197,18,1,2599.00,COMPLETED,2026-08-15 19:15:00
2953,791,20,1,999.00,COMPLETED,2026-06-03 12:04:00
2954,632,9,1,1799.00,COMPLETED,2026-02-13 18:06:00
2955,732,4,4,3996.00,COMPLETED,2026-01-18 09:27:00
2956,587,6,2,6998.00,COMPLETED,2026-01-22 11:59:00
2957,24,16,1,1999.00,COMPLETED,2026-05-08 11:05:00
2958,621,10,1,1299.00,COMPLETED,2026-02-08 15:38:00
2959,609,15,1,1599.00,COMPLETED,2026-04-05 19:03:00
2960,148,20,1,999.00,COMPLETED,2026-07-14 09:25:00
2961,268,13,1,5499.00,COMPLETED,2026-08-25 13:46:00
2962,556,13,2,10998.00,CANCELLED,2026-02-09 20:57:00
2963,271,8,1,5999.00,COMPLETED,2026-03-14 13:10:00
2964,15,5,1,2499.00,COMPLETED,2026-06-28 15:50:00
2965,693,3,2,5998.00,CANCELLED,2026-08-26 13:03:00
2966,587,20,2,1998.00,REFUNDED,2026-02-02 17:21:00
2967,711,15,2,3198.00,COMPLETED,2026-06-11 13:41:00
2968,600,20,2,1998.00,COMPLETED,2026-01-10 20:57:00
2969,279,2,2,3998.00,COMPLETED,2026-08-04 21:34:00
2970,489,18,1,2599.00,COMPLETED,2026-02-20 19:03:00
2971,597,7,1,4999.00,COMPLETED,2026-01-26 10:11:00
2972,747,5,3,7497.00,COMPLETED,2026-03-18 18:16:00
2973,131,9,2,3598.00,COMPLETED,2026-02-01 17:43:00
2974,898,10,2,2598.00,COMPLETED,2026-06-28 19:12:00
2975,284,4,4,3996.00,COMPLETED,2026-03-28 09:43:00
2976,806,3,4,11996.00,COMPLETED,2026-01-24 20:21:00
2977,423,8,3,17997.00,COMPLETED,2026-08-18 18:47:00
2978,1000,18,1,2599.00,CANCELLED,2026-08-29 17:30:00
2979,793,15,2,3198.00,COMPLETED,2026-03-02 18:15:00
2980,668,20,1,999.00,COMPLETED,2026-05-09 10:06:00
2981,911,11,1,899.00,COMPLETED,2026-08-16 18:38:00
2982,238,5,1,2499.00,PENDING,2026-05-22 21:49:00
2983,483,15,2,3198.00,COMPLETED,2026-05-07 08:16:00
2984,113,18,1,2599.00,CANCELLED,2026-03-30 15:39:00
2985,813,2,1,1999.00,COMPLETED,2026-06-20 19:17:00
2986,27,5,1,2499.00,COMPLETED,2026-07-25 10:09:00
2987,886,1,1,1499.00,COMPLETED,2026-05-10 12:29:00
2988,120,11,1,899.00,COMPLETED,2026-08-01 19:19:00
2989,195,9,1,1799.00,COMPLETED,2026-07-02 16:14:00
2990,318,2,1,1999.00,COMPLETED,2026-05-09 14:12:00
2991,359,17,1,2099.00,COMPLETED,2026-08-04 08:08:00
2992,925,6,1,3499.00,COMPLETED,2026-05-28 13:29:00
2993,461,19,1,1399.00,CANCELLED,2026-03-11 08:03:00
2994,81,11,1,899.00,PENDING,2026-05-06 17:27:00
2995,56,6,1,3499.00,COMPLETED,2026-08-14 20:42:00
2996,405,19,1,1399.00,COMPLETED,2026-05-24 08:51:00
2997,844,3,1,2999.00,PENDING,2026-02-24 11:37:00
2998,130,10,1,1299.00,COMPLETED,2026-05-27 16:51:00
2999,904,12,1,4499.00,COMPLETED,2026-06-28 09:24:00
3000,335,1,1,1499.00,COMPLETED,2026-07-19 20:21:00
3001,804,4,1,999.00,CANCELLED,2026-05-13 13:37:00
3002,282,4,1,999.00,COMPLETED,2026-04-08 13:44:00
3003,128,4,1,999.00,COMPLETED,2026-02-20 15:49:00
3004,811,2,3,5997.00,COMPLETED,2026-04-03 08:47:00
3005,800,4,1,999.00,CANCELLED,2026-07-25 13:17:00
3006,983,10,3,3897.00,COMPLETED,2026-06-06 09:37:00
3007,567,16,1,1999.00,COMPLETED,2026-03-03 11:54:00
3008,598,10,1,1299.00,COMPLETED,2026-06-25 08:34:00
3009,441,11,2,1798.00,COMPLETED,2026-08-26 12:33:00
3010,795,8,2,11998.00,COMPLETED,2026-05-01 15:25:00
3011,532,6,1,3499.00,COMPLETED,2026-04-07 13:11:00
3012,615,2,2,3998.00,COMPLETED,2026-05-29 13:33:00
3013,303,8,1,5999.00,COMPLETED,2026-01-22 20:57:00
3014,62,19,1,1399.00,REFUNDED,2026-02-18 14:31:00
3015,513,2,4,7996.00,COMPLETED,2026-01-03 18:35:00
3016,176,9,1,1799.00,REFUNDED,2026-01-18 09:59:00
3017,344,3,1,2999.00,COMPLETED,2026-06-09 11:40:00
3018,325,13,1,5499.00,COMPLETED,2026-03-04 11:35:00
3019,389,20,1,999.00,CANCELLED,2026-01-31 15:25:00
3020,46,9,1,1799.00,COMPLETED,2026-05-27 12:57:00
3021,989,5,1,2499.00,COMPLETED,2026-06-03 13:22:00
3022,29,4,2,1998.00,CANCELLED,2026-02-16 08:09:00
3023,678,9,1,1799.00,COMPLETED,2026-01-02 15:14:00
3024,538,13,1,5499.00,COMPLETED,2026-01-18 17:34:00
3025,302,11,1,899.00,COMPLETED,2026-07-21 10:34:00
3026,632,17,1,2099.00,COMPLETED,2026-04-21 19:27:00
3027,699,13,2,10998.00,COMPLETED,2026-08-29 15:06:00
3028,752,20,2,1998.00,CANCELLED,2026-06-10 09:17:00
3029,22,7,2,9998.00,COMPLETED,2026-04-06 11:34:00
3030,531,18,1,2599.00,COMPLETED,2026-08-08 21:51:00
3031,634,8,1,5999.00,COMPLETED,2026-03-26 19:08:00
3032,599,14,2,2398.00,CANCELLED,2026-03-21 08:48:00
3033,488,10,3,3897.00,COMPLETED,2026-01-13 20:13:00
3034,477,16,3,5997.00,COMPLETED,2026-05-06 16:17:00
3035,185,11,1,899.00,CANCELLED,2026-05-26 15:08:00
3036,922,20,2,1998.00,COMPLETED,2026-02-22 15:30:00
3037,383,3,1,2999.00,PENDING,2026-02-22 18:08:00
3038,346,8,1,5999.00,COMPLETED,2026-01-23 08:05:00
3039,184,19,2,2798.00,COMPLETED,2026-01-31 16:45:00
3040,828,7,1,4999.00,PENDING,2026-05-01 17:36:00
3041,306,2,1,1999.00,COMPLETED,2026-03-08 10:23:00
3042,124,5,1,2499.00,COMPLETED,2026-07-09 21:33:00
3043,453,3,1,2999.00,CANCELLED,2026-08-11 16:48:00
3044,358,9,3,5397.00,COMPLETED,2026-07-05 16:34:00
3045,810,18,1,2599.00,COMPLETED,2026-04-18 15:29:00
3046,806,11,2,1798.00,COMPLETED,2026-04-16 11:30:00
3047,440,19,1,1399.00,CANCELLED,2026-05-14 13:44:00
3048,334,1,2,2998.00,COMPLETED,2026-06-09 20:35:00
3049,661,16,1,1999.00,COMPLETED,2026-07-06 12:27:00
3050,423,19,1,1399.00,COMPLETED,2026-06-27 08:48:00
3051,283,4,1,999.00,CANCELLED,2026-03-12 20:14:00
3052,321,20,2,1998.00,COMPLETED,2026-01-31 20:48:00
3053,338,6,1,3499.00,COMPLETED,2026-02-01 18:53:00
3054,836,19,1,1399.00,COMPLETED,2026-02-19 09:15:00
3055,31,16,1,1999.00,REFUNDED,2026-03-17 08:58:00
3056,255,17,2,4198.00,REFUNDED,2026-08-19 13:44:00
3057,175,7,1,4999.00,CANCELLED,2026-04-24 12:35:00
3058,733,9,2,3598.00,REFUNDED,2026-08-05 10:34:00
3059,968,2,2,3998.00,PENDING,2026-02-04 19:50:00
3060,86,19,1,1399.00,COMPLETED,2026-03-17 20:05:00
3061,654,12,2,8998.00,COMPLETED,2026-01-27 13:58:00
3062,385,5,1,2499.00,COMPLETED,2026-05-09 16:26:00
3063,648,15,1,1599.00,COMPLETED,2026-02-28 09:55:00
3064,178,4,1,999.00,COMPLETED,2026-01-24 09:31:00
3065,982,10,1,1299.00,COMPLETED,2026-06-06 18:46:00
3066,479,5,2,4998.00,REFUNDED,2026-08-13 08:26:00
3067,491,2,2,3998.00,COMPLETED,2026-02-08 18:48:00
3068,929,15,1,1599.00,COMPLETED,2026-03-30 09:12:00
3069,431,8,2,11998.00,COMPLETED,2026-01-11 08:19:00
3070,944,14,1,1199.00,CANCELLED,2026-04-04 13:42:00
3071,438,1,1,1499.00,REFUNDED,2026-08-16 20:59:00
3072,147,6,2,6998.00,COMPLETED,2026-07-02 14:42:00
3073,575,1,1,1499.00,COMPLETED,2026-02-10 18:25:00
3074,580,11,1,899.00,COMPLETED,2026-01-13 20:50:00
3075,510,7,2,9998.00,CANCELLED,2026-03-01 15:29:00
3076,409,14,1,1199.00,PENDING,2026-06-16 20:22:00
3077,660,16,1,1999.00,COMPLETED,2026-05-11 12:09:00
3078,264,7,1,4999.00,COMPLETED,2026-05-18 15:53:00
3079,160,3,1,2999.00,COMPLETED,2026-01-06 09:57:00
3080,840,5,1,2499.00,COMPLETED,2026-05-04 09:22:00
3081,991,5,2,4998.00,COMPLETED,2026-07-20 20:30:00
3082,12,4,1,999.00,COMPLETED,2026-01-19 14:32:00
3083,145,5,1,2499.00,COMPLETED,2026-05-13 15:56:00
3084,609,16,1,1999.00,COMPLETED,2026-07-21 17:39:00
3085,209,6,2,6998.00,COMPLETED,2026-03-16 16:55:00
3086,762,11,1,899.00,COMPLETED,2026-07-15 12:32:00
3087,822,18,1,2599.00,COMPLETED,2026-06-13 17:49:00
3088,848,12,1,4499.00,COMPLETED,2026-08-14 14:44:00
3089,918,11,2,1798.00,REFUNDED,2026-07-11 10:10:00
3090,405,6,2,6998.00,COMPLETED,2026-04-01 15:02:00
3091,750,6,2,6998.00,COMPLETED,2026-06-13 11:42:00
3092,466,18,2,5198.00,COMPLETED,2026-01-29 17:49:00
3093,502,12,1,4499.00,COMPLETED,2026-04-16 15:08:00
3094,772,9,2,3598.00,COMPLETED,2026-03-06 19:53:00
3095,32,18,2,5198.00,COMPLETED,2026-04-19 17:41:00
3096,430,3,1,2999.00,COMPLETED,2026-02-06 14:32:00
3097,210,3,1,2999.00,COMPLETED,2026-07-20 16:15:00
3098,89,18,1,2599.00,REFUNDED,2026-07-12 10:24:00
3099,481,13,1,5499.00,COMPLETED,2026-04-28 18:39:00
3100,38,20,3,2997.00,REFUNDED,2026-04-17 15:43:00
3101,534,9,1,1799.00,COMPLETED,2026-01-03 20:39:00
3102,122,17,1,2099.00,COMPLETED,2026-08-04 10:04:00
3103,96,16,2,3998.00,COMPLETED,2026-02-05 11:46:00
3104,904,4,2,1998.00,COMPLETED,2026-06-04 17:25:00
3105,754,13,3,16497.00,COMPLETED,2026-07-08 21:26:00
3106,969,9,1,1799.00,COMPLETED,2026-08-18 21:22:00
3107,858,8,1,5999.00,COMPLETED,2026-08-15 14:34:00
3108,115,16,2,3998.00,COMPLETED,2026-06-14 17:10:00
3109,746,4,3,2997.00,PENDING,2026-05-11 16:41:00
3110,95,3,1,2999.00,COMPLETED,2026-06-28 18:43:00
3111,346,4,2,1998.00,COMPLETED,2026-06-18 13:05:00
3112,122,15,3,4797.00,COMPLETED,2026-02-06 18:43:00
3113,445,9,2,3598.00,REFUNDED,2026-05-07 13:55:00
3114,177,4,3,2997.00,COMPLETED,2026-06-02 13:09:00
3115,325,4,1,999.00,COMPLETED,2026-08-03 12:06:00
3116,7,2,2,3998.00,COMPLETED,2026-04-28 21:14:00
3117,116,7,1,4999.00,COMPLETED,2026-05-15 21:07:00
3118,550,9,1,1799.00,COMPLETED,2026-04-07 15:43:00
3119,827,8,1,5999.00,COMPLETED,2026-06-10 21:16:00
3120,687,2,2,3998.00,COMPLETED,2026-03-30 08:16:00
3121,587,2,2,3998.00,COMPLETED,2026-03-15 14:51:00
3122,249,8,1,5999.00,COMPLETED,2026-06-04 10:38:00
3123,228,4,1,999.00,COMPLETED,2026-01-10 17:52:00
3124,73,13,1,5499.00,COMPLETED,2026-05-22 16:48:00
3125,273,15,1,1599.00,COMPLETED,2026-07-21 16:49:00
3126,645,2,2,3998.00,REFUNDED,2026-02-02 09:27:00
3127,135,12,2,8998.00,COMPLETED,2026-02-22 11:21:00
3128,442,10,3,3897.00,REFUNDED,2026-04-17 10:41:00
3129,941,12,1,4499.00,CANCELLED,2026-03-25 15:35:00
3130,568,3,2,5998.00,COMPLETED,2026-07-30 16:10:00
3131,118,20,1,999.00,COMPLETED,2026-01-21 15:48:00
3132,236,8,3,17997.00,COMPLETED,2026-07-22 15:14:00
3133,160,9,1,1799.00,COMPLETED,2026-01-17 20:44:00
3134,407,4,1,999.00,COMPLETED,2026-07-15 08:50:00
3135,432,16,2,3998.00,CANCELLED,2026-04-27 20:37:00
3136,331,18,1,2599.00,COMPLETED,2026-01-13 19:28:00
3137,367,11,2,1798.00,COMPLETED,2026-02-11 14:02:00
3138,419,20,1,999.00,COMPLETED,2026-06-25 19:09:00
3139,379,8,2,11998.00,CANCELLED,2026-01-13 08:58:00
3140,159,20,1,999.00,COMPLETED,2026-05-17 18:02:00
3141,84,8,3,17997.00,COMPLETED,2026-06-19 08:52:00
3142,297,13,1,5499.00,COMPLETED,2026-02-05 12:21:00
3143,685,12,2,8998.00,CANCELLED,2026-02-13 11:04:00
3144,141,7,1,4999.00,COMPLETED,2026-02-23 17:10:00
3145,674,11,1,899.00,COMPLETED,2026-05-05 08:18:00
3146,875,4,1,999.00,COMPLETED,2026-05-16 10:47:00
3147,645,19,1,1399.00,REFUNDED,2026-04-11 19:34:00
3148,763,14,1,1199.00,COMPLETED,2026-01-24 11:41:00
3149,103,14,2,2398.00,COMPLETED,2026-03-06 19:43:00
3150,200,5,2,4998.00,COMPLETED,2026-06-20 17:01:00
3151,202,18,1,2599.00,COMPLETED,2026-02-10 21:58:00
3152,340,3,2,5998.00,COMPLETED,2026-05-28 18:57:00
3153,286,18,1,2599.00,COMPLETED,2026-07-02 16:24:00
3154,631,1,1,1499.00,CANCELLED,2026-07-12 16:25:00
3155,394,18,1,2599.00,COMPLETED,2026-04-02 11:47:00
3156,134,11,1,899.00,CANCELLED,2026-07-22 18:18:00
3157,912,9,1,1799.00,REFUNDED,2026-07-03 17:53:00
3158,640,15,1,1599.00,COMPLETED,2026-02-09 10:18:00
3159,850,5,2,4998.00,CANCELLED,2026-03-29 13:15:00
3160,309,9,1,1799.00,COMPLETED,2026-02-09 16:44:00
3161,866,2,2,3998.00,CANCELLED,2026-04-04 11:13:00
3162,949,20,1,999.00,COMPLETED,2026-08-25 15:00:00
3163,488,5,1,2499.00,REFUNDED,2026-01-28 15:08:00
3164,47,10,4,5196.00,CANCELLED,2026-06-28 17:21:00
3165,37,13,2,10998.00,COMPLETED,2026-06-24 16:27:00
3166,238,18,1,2599.00,PENDING,2026-03-28 14:48:00
3167,647,19,2,2798.00,COMPLETED,2026-07-19 17:48:00
3168,396,9,1,1799.00,COMPLETED,2026-02-18 11:05:00
3169,506,17,1,2099.00,COMPLETED,2026-06-08 10:38:00
3170,338,14,2,2398.00,COMPLETED,2026-07-11 12:47:00
3171,438,1,1,1499.00,REFUNDED,2026-03-18 15:59:00
3172,532,14,1,1199.00,COMPLETED,2026-08-22 19:38:00
3173,801,10,1,1299.00,COMPLETED,2026-03-22 10:50:00
3174,727,3,1,2999.00,COMPLETED,2026-02-06 09:56:00
3175,948,11,1,899.00,COMPLETED,2026-05-12 13:22:00
3176,468,8,1,5999.00,COMPLETED,2026-08-15 09:11:00
3177,742,16,2,3998.00,COMPLETED,2026-03-21 09:37:00
3178,133,17,1,2099.00,COMPLETED,2026-02-06 15:00:00
3179,244,15,1,1599.00,COMPLETED,2026-06-18 13:40:00
3180,358,9,2,3598.00,COMPLETED,2026-08-27 16:28:00
3181,221,16,2,3998.00,COMPLETED,2026-04-22 19:45:00
3182,335,18,1,2599.00,COMPLETED,2026-03-03 13:18:00
3183,275,1,1,1499.00,COMPLETED,2026-07-23 17:58:00
3184,631,16,4,7996.00,CANCELLED,2026-02-09 19:00:00
3185,410,2,1,1999.00,COMPLETED,2026-08-24 11:50:00
3186,525,8,1,5999.00,REFUNDED,2026-01-10 09:19:00
3187,220,3,1,2999.00,COMPLETED,2026-01-20 16:00:00
3188,407,6,2,6998.00,COMPLETED,2026-08-10 17:41:00
3189,798,8,1,5999.00,COMPLETED,2026-01-14 19:43:00
3190,213,5,1,2499.00,COMPLETED,2026-04-29 18:22:00
3191,745,2,1,1999.00,COMPLETED,2026-08-21 12:06:00
3192,821,7,1,4999.00,PENDING,2026-02-19 14:00:00
3193,368,9,3,5397.00,COMPLETED,2026-04-14 16:18:00
3194,148,19,1,1399.00,COMPLETED,2026-02-02 19:37:00
3195,272,9,1,1799.00,COMPLETED,2026-04-18 21:56:00
3196,332,15,1,1599.00,COMPLETED,2026-03-06 20:26:00
3197,828,15,1,1599.00,COMPLETED,2026-06-03 14:42:00
3198,166,18,3,7797.00,CANCELLED,2026-07-30 14:11:00
3199,428,11,1,899.00,COMPLETED,2026-05-28 09:20:00
3200,786,18,2,5198.00,PENDING,2026-06-01 17:36:00
3201,23,14,3,3597.00,CANCELLED,2026-07-14 13:03:00
3202,371,6,1,3499.00,COMPLETED,2026-02-18 11:23:00
3203,857,6,1,3499.00,COMPLETED,2026-08-05 20:58:00
3204,296,17,1,2099.00,COMPLETED,2026-03-05 17:01:00
3205,251,17,1,2099.00,COMPLETED,2026-08-31 20:30:00
3206,830,18,1,2599.00,COMPLETED,2026-03-25 18:12:00
3207,86,6,1,3499.00,COMPLETED,2026-03-09 11:03:00
3208,472,3,1,2999.00,COMPLETED,2026-06-12 17:53:00
3209,132,13,1,5499.00,COMPLETED,2026-07-08 18:25:00
3210,210,20,1,999.00,COMPLETED,2026-05-30 21:37:00
3211,68,13,2,10998.00,COMPLETED,2026-05-13 16:26:00
3212,767,15,2,3198.00,COMPLETED,2026-02-09 10:49:00
3213,467,8,2,11998.00,COMPLETED,2026-05-25 09:05:00
3214,749,3,1,2999.00,COMPLETED,2026-04-17 10:24:00
3215,224,18,1,2599.00,COMPLETED,2026-01-07 11:32:00
3216,390,18,2,5198.00,PENDING,2026-01-18 17:45:00
3217,594,3,1,2999.00,CANCELLED,2026-01-08 13:24:00
3218,462,15,1,1599.00,COMPLETED,2026-03-17 08:53:00
3219,677,19,1,1399.00,COMPLETED,2026-03-16 11:59:00
3220,577,1,1,1499.00,COMPLETED,2026-01-26 19:18:00
3221,719,10,1,1299.00,COMPLETED,2026-07-06 14:45:00
3222,90,11,1,899.00,COMPLETED,2026-04-20 12:51:00
3223,834,15,2,3198.00,PENDING,2026-02-27 12:54:00
3224,746,19,1,1399.00,COMPLETED,2026-07-17 08:57:00
3225,743,12,1,4499.00,COMPLETED,2026-03-22 10:39:00
3226,410,20,1,999.00,COMPLETED,2026-04-02 18:05:00
3227,367,7,1,4999.00,COMPLETED,2026-08-19 17:20:00
3228,331,10,2,2598.00,COMPLETED,2026-06-04 18:04:00
3229,947,11,1,899.00,COMPLETED,2026-03-19 17:10:00
3230,574,17,1,2099.00,COMPLETED,2026-01-30 14:22:00
3231,241,16,1,1999.00,REFUNDED,2026-04-02 10:44:00
3232,852,19,1,1399.00,COMPLETED,2026-06-25 16:08:00
3233,608,6,1,3499.00,COMPLETED,2026-06-15 12:29:00
3234,480,5,2,4998.00,PENDING,2026-05-14 10:21:00
3235,299,17,2,4198.00,COMPLETED,2026-04-24 15:51:00
3236,24,8,1,5999.00,COMPLETED,2026-07-24 15:56:00
3237,525,16,3,5997.00,COMPLETED,2026-04-12 11:03:00
3238,76,15,1,1599.00,COMPLETED,2026-08-08 13:39:00
3239,44,4,2,1998.00,COMPLETED,2026-01-30 12:01:00
3240,131,19,1,1399.00,COMPLETED,2026-02-11 21:05:00
3241,229,9,1,1799.00,COMPLETED,2026-03-17 19:06:00
3242,149,2,1,1999.00,COMPLETED,2026-06-28 13:59:00
3243,615,8,3,17997.00,COMPLETED,2026-03-17 21:31:00
3244,430,15,1,1599.00,CANCELLED,2026-06-17 20:45:00
3245,822,20,3,2997.00,CANCELLED,2026-07-25 12:42:00
3246,135,20,1,999.00,COMPLETED,2026-06-03 10:06:00
3247,621,19,1,1399.00,COMPLETED,2026-04-04 20:20:00
3248,540,13,1,5499.00,COMPLETED,2026-07-09 10:49:00
3249,813,14,1,1199.00,COMPLETED,2026-03-13 21:48:00
3250,465,19,1,1399.00,COMPLETED,2026-02-13 12:22:00
3251,900,14,1,1199.00,CANCELLED,2026-05-11 11:19:00
3252,353,14,1,1199.00,COMPLETED,2026-05-02 18:36:00
3253,745,13,1,5499.00,COMPLETED,2026-07-24 21:10:00
3254,699,17,2,4198.00,COMPLETED,2026-02-02 17:14:00
3255,317,19,1,1399.00,COMPLETED,2026-07-26 21:38:00
3256,671,14,2,2398.00,COMPLETED,2026-06-28 20:10:00
3257,457,19,1,1399.00,COMPLETED,2026-06-28 11:09:00
3258,161,15,1,1599.00,PENDING,2026-04-30 19:01:00
3259,715,16,4,7996.00,COMPLETED,2026-06-15 13:30:00
3260,876,9,1,1799.00,COMPLETED,2026-04-02 19:39:00
3261,513,12,2,8998.00,COMPLETED,2026-04-14 21:33:00
3262,71,8,1,5999.00,COMPLETED,2026-02-01 21:42:00
3263,991,7,1,4999.00,COMPLETED,2026-06-22 14:26:00
3264,7,10,1,1299.00,COMPLETED,2026-01-16 10:05:00
3265,645,13,3,16497.00,PENDING,2026-07-10 17:27:00
3266,56,2,1,1999.00,COMPLETED,2026-07-15 09:57:00
3267,959,19,1,1399.00,COMPLETED,2026-08-15 10:28:00
3268,520,17,2,4198.00,COMPLETED,2026-06-08 21:07:00
3269,236,19,3,4197.00,COMPLETED,2026-08-10 09:26:00
3270,685,9,1,1799.00,COMPLETED,2026-01-26 09:22:00
3271,546,7,1,4999.00,COMPLETED,2026-05-07 20:20:00
3272,624,12,1,4499.00,COMPLETED,2026-04-17 17:00:00
3273,518,1,1,1499.00,COMPLETED,2026-08-25 11:37:00
3274,403,16,1,1999.00,COMPLETED,2026-04-05 14:00:00
3275,771,3,1,2999.00,COMPLETED,2026-08-27 18:20:00
3276,604,12,1,4499.00,COMPLETED,2026-03-08 18:46:00
3277,43,12,3,13497.00,CANCELLED,2026-05-12 13:48:00
3278,86,15,3,4797.00,COMPLETED,2026-07-12 18:57:00
3279,352,19,1,1399.00,COMPLETED,2026-08-23 16:16:00
3280,191,6,2,6998.00,COMPLETED,2026-07-07 20:25:00
3281,959,10,1,1299.00,COMPLETED,2026-08-14 18:14:00
3282,624,3,1,2999.00,COMPLETED,2026-04-30 15:57:00
3283,368,10,4,5196.00,COMPLETED,2026-08-05 18:06:00
3284,504,6,3,10497.00,COMPLETED,2026-08-29 17:55:00
3285,760,5,2,4998.00,COMPLETED,2026-01-23 18:02:00
3286,609,4,2,1998.00,COMPLETED,2026-02-06 14:31:00
3287,692,14,2,2398.00,CANCELLED,2026-02-11 21:10:00
3288,645,11,1,899.00,COMPLETED,2026-03-11 11:50:00
3289,128,5,1,2499.00,COMPLETED,2026-02-25 12:00:00
3290,373,4,3,2997.00,COMPLETED,2026-02-20 18:55:00
3291,213,16,1,1999.00,COMPLETED,2026-01-17 11:04:00
3292,209,5,1,2499.00,COMPLETED,2026-03-31 14:47:00
3293,392,16,1,1999.00,CANCELLED,2026-04-13 09:41:00
3294,293,15,1,1599.00,COMPLETED,2026-05-22 18:09:00
3295,891,13,1,5499.00,COMPLETED,2026-06-01 19:33:00
3296,649,7,1,4999.00,COMPLETED,2026-03-15 10:08:00
3297,864,7,1,4999.00,COMPLETED,2026-07-28 14:49:00
3298,375,13,1,5499.00,COMPLETED,2026-02-07 19:22:00
3299,957,20,1,999.00,COMPLETED,2026-01-25 12:00:00
3300,544,9,1,1799.00,COMPLETED,2026-07-08 10:51:00
3301,990,20,3,2997.00,CANCELLED,2026-07-15 13:34:00
3302,298,18,3,7797.00,REFUNDED,2026-03-07 14:40:00
3303,54,15,1,1599.00,COMPLETED,2026-01-31 08:55:00
3304,808,6,1,3499.00,COMPLETED,2026-02-25 15:52:00
3305,649,4,1,999.00,COMPLETED,2026-05-28 13:23:00
3306,953,8,2,11998.00,COMPLETED,2026-06-03 19:44:00
3307,237,17,1,2099.00,COMPLETED,2026-04-01 12:46:00
3308,585,12,1,4499.00,COMPLETED,2026-04-19 14:39:00
3309,622,5,2,4998.00,COMPLETED,2026-03-25 11:50:00
3310,372,20,1,999.00,COMPLETED,2026-02-10 17:17:00
3311,858,20,1,999.00,COMPLETED,2026-02-16 15:30:00
3312,10,10,1,1299.00,COMPLETED,2026-02-25 20:13:00
3313,202,11,1,899.00,CANCELLED,2026-04-14 10:18:00
3314,68,15,1,1599.00,COMPLETED,2026-07-27 11:12:00
3315,366,20,1,999.00,COMPLETED,2026-04-02 15:58:00
3316,355,13,2,10998.00,COMPLETED,2026-06-03 08:39:00
3317,398,16,1,1999.00,COMPLETED,2026-03-09 11:12:00
3318,959,6,3,10497.00,COMPLETED,2026-07-29 13:28:00
3319,409,2,1,1999.00,COMPLETED,2026-01-02 18:39:00
3320,919,12,4,17996.00,COMPLETED,2026-05-02 19:03:00
3321,188,5,2,4998.00,COMPLETED,2026-06-25 09:32:00
3322,83,8,1,5999.00,COMPLETED,2026-02-27 08:11:00
3323,149,3,1,2999.00,REFUNDED,2026-02-08 10:54:00
3324,457,20,2,1998.00,COMPLETED,2026-04-07 08:54:00
3325,447,11,1,899.00,COMPLETED,2026-06-16 13:34:00
3326,975,3,3,8997.00,REFUNDED,2026-08-20 18:29:00
3327,758,16,1,1999.00,COMPLETED,2026-05-09 10:07:00
3328,94,16,2,3998.00,COMPLETED,2026-05-22 12:57:00
3329,447,15,1,1599.00,REFUNDED,2026-07-06 17:35:00
3330,113,11,2,1798.00,COMPLETED,2026-08-01 12:21:00
3331,98,14,1,1199.00,COMPLETED,2026-03-04 20:27:00
3332,964,20,3,2997.00,COMPLETED,2026-01-25 19:30:00
3333,81,5,1,2499.00,COMPLETED,2026-08-13 20:01:00
3334,534,3,1,2999.00,COMPLETED,2026-05-10 20:43:00
3335,346,14,1,1199.00,COMPLETED,2026-07-17 14:40:00
3336,205,6,1,3499.00,COMPLETED,2026-03-27 13:08:00
3337,71,10,2,2598.00,COMPLETED,2026-08-19 09:53:00
3338,725,11,1,899.00,PENDING,2026-07-16 21:06:00
3339,531,7,1,4999.00,COMPLETED,2026-05-01 11:10:00
3340,251,8,3,17997.00,COMPLETED,2026-07-31 11:02:00
3341,702,12,1,4499.00,COMPLETED,2026-06-30 12:35:00
3342,922,13,1,5499.00,COMPLETED,2026-05-04 09:21:00
3343,708,5,1,2499.00,PENDING,2026-02-06 16:00:00
3344,415,13,1,5499.00,COMPLETED,2026-04-05 10:04:00
3345,698,6,1,3499.00,COMPLETED,2026-02-21 09:46:00
3346,181,15,1,1599.00,COMPLETED,2026-01-10 09:30:00
3347,848,13,1,5499.00,COMPLETED,2026-03-07 08:11:00
3348,148,13,2,10998.00,COMPLETED,2026-03-02 18:54:00
3349,347,4,2,1998.00,COMPLETED,2026-08-21 20:15:00
3350,581,20,2,1998.00,COMPLETED,2026-06-25 18:13:00
3351,859,3,1,2999.00,COMPLETED,2026-08-16 20:56:00
3352,748,10,1,1299.00,COMPLETED,2026-03-26 17:45:00
3353,448,9,1,1799.00,COMPLETED,2026-06-05 11:02:00
3354,807,10,1,1299.00,COMPLETED,2026-07-10 14:38:00
3355,586,18,4,10396.00,COMPLETED,2026-01-24 08:37:00
3356,69,2,2,3998.00,COMPLETED,2026-04-18 13:04:00
3357,45,11,3,2697.00,COMPLETED,2026-06-18 15:21:00
3358,269,20,1,999.00,COMPLETED,2026-01-01 15:42:00
3359,820,10,1,1299.00,COMPLETED,2026-03-08 08:27:00
3360,752,1,1,1499.00,COMPLETED,2026-04-26 14:26:00
3361,61,9,1,1799.00,CANCELLED,2026-05-21 14:43:00
3362,986,4,1,999.00,CANCELLED,2026-08-26 13:07:00
3363,311,1,1,1499.00,COMPLETED,2026-07-16 11:40:00
3364,314,3,1,2999.00,COMPLETED,2026-07-30 13:24:00
3365,617,20,1,999.00,COMPLETED,2026-05-27 16:20:00
3366,202,7,3,14997.00,REFUNDED,2026-04-11 10:37:00
3367,240,5,3,7497.00,COMPLETED,2026-08-21 14:15:00
3368,435,18,1,2599.00,COMPLETED,2026-02-25 13:07:00
3369,352,17,3,6297.00,COMPLETED,2026-02-10 08:35:00
3370,490,10,2,2598.00,REFUNDED,2026-06-30 12:34:00
3371,626,19,1,1399.00,COMPLETED,2026-03-02 12:52:00
3372,995,4,1,999.00,COMPLETED,2026-03-13 11:31:00
3373,237,14,1,1199.00,PENDING,2026-07-13 09:38:00
3374,357,7,1,4999.00,CANCELLED,2026-03-25 15:48:00
3375,327,6,3,10497.00,COMPLETED,2026-01-20 20:34:00
3376,129,6,1,3499.00,COMPLETED,2026-01-30 11:59:00
3377,831,2,1,1999.00,COMPLETED,2026-03-29 12:01:00
3378,612,9,2,3598.00,CANCELLED,2026-08-15 17:44:00
3379,267,14,3,3597.00,COMPLETED,2026-04-27 10:50:00
3380,963,18,1,2599.00,COMPLETED,2026-05-26 19:49:00
3381,194,3,1,2999.00,COMPLETED,2026-08-16 21:01:00
3382,769,16,2,3998.00,COMPLETED,2026-07-06 15:35:00
3383,55,15,2,3198.00,COMPLETED,2026-05-14 09:44:00
3384,285,6,1,3499.00,REFUNDED,2026-03-13 12:49:00
3385,135,6,1,3499.00,COMPLETED,2026-03-25 14:56:00
3386,976,19,1,1399.00,COMPLETED,2026-03-10 11:53:00
3387,208,10,3,3897.00,COMPLETED,2026-07-30 20:14:00
3388,161,7,1,4999.00,COMPLETED,2026-05-26 18:38:00
3389,678,14,2,2398.00,COMPLETED,2026-04-08 11:58:00
3390,124,9,3,5397.00,PENDING,2026-08-30 12:01:00
3391,52,18,1,2599.00,REFUNDED,2026-05-22 08:40:00
3392,50,14,2,2398.00,COMPLETED,2026-02-15 14:41:00
3393,161,11,1,899.00,COMPLETED,2026-04-29 16:03:00
3394,192,3,1,2999.00,COMPLETED,2026-05-27 16:51:00
3395,864,18,2,5198.00,COMPLETED,2026-06-10 19:00:00
3396,419,15,1,1599.00,CANCELLED,2026-02-20 21:00:00
3397,187,9,1,1799.00,COMPLETED,2026-06-09 15:55:00
3398,435,4,1,999.00,COMPLETED,2026-04-28 17:01:00
3399,220,3,2,5998.00,CANCELLED,2026-06-27 16:04:00
3400,131,11,2,1798.00,COMPLETED,2026-05-11 08:26:00
3401,433,15,1,1599.00,COMPLETED,2026-06-06 18:21:00
3402,248,3,1,2999.00,COMPLETED,2026-06-10 12:06:00
3403,399,2,1,1999.00,COMPLETED,2026-07-26 15:49:00
3404,998,11,1,899.00,COMPLETED,2026-02-13 11:58:00
3405,354,7,1,4999.00,COMPLETED,2026-01-05 14:36:00
3406,236,1,1,1499.00,COMPLETED,2026-05-26 11:03:00
3407,908,19,1,1399.00,COMPLETED,2026-02-15 13:20:00
3408,937,10,2,2598.00,COMPLETED,2026-07-28 20:32:00
3409,633,11,2,1798.00,COMPLETED,2026-05-23 17:34:00
3410,576,15,2,3198.00,COMPLETED,2026-05-21 09:12:00
3411,764,4,1,999.00,COMPLETED,2026-04-20 21:06:00
3412,26,10,1,1299.00,COMPLETED,2026-03-05 14:54:00
3413,270,2,1,1999.00,COMPLETED,2026-06-23 09:36:00
3414,984,12,1,4499.00,COMPLETED,2026-05-07 16:02:00
3415,353,11,2,1798.00,COMPLETED,2026-03-01 08:30:00
3416,720,19,3,4197.00,COMPLETED,2026-04-21 17:55:00
3417,27,10,1,1299.00,COMPLETED,2026-08-01 09:54:00
3418,216,11,1,899.00,COMPLETED,2026-04-08 08:52:00
3419,274,1,1,1499.00,COMPLETED,2026-04-21 09:13:00
3420,148,18,1,2599.00,REFUNDED,2026-07-26 08:12:00
3421,72,18,3,7797.00,REFUNDED,2026-01-11 21:36:00
3422,990,19,3,4197.00,CANCELLED,2026-01-01 21:42:00
3423,808,12,1,4499.00,COMPLETED,2026-06-09 11:51:00
3424,340,20,1,999.00,COMPLETED,2026-07-20 17:11:00
3425,536,5,2,4998.00,COMPLETED,2026-01-19 17:18:00
3426,120,10,2,2598.00,COMPLETED,2026-05-23 19:33:00
3427,933,3,1,2999.00,PENDING,2026-08-19 09:37:00
3428,479,4,3,2997.00,COMPLETED,2026-03-28 21:57:00
3429,460,17,3,6297.00,COMPLETED,2026-01-03 18:41:00
3430,934,7,1,4999.00,COMPLETED,2026-01-10 21:57:00
3431,264,14,2,2398.00,COMPLETED,2026-01-17 13:15:00
3432,684,20,3,2997.00,COMPLETED,2026-06-19 10:00:00
3433,53,7,1,4999.00,COMPLETED,2026-08-18 11:59:00
3434,892,2,1,1999.00,COMPLETED,2026-02-02 10:58:00
3435,286,9,1,1799.00,COMPLETED,2026-06-12 17:34:00
3436,135,6,2,6998.00,PENDING,2026-04-14 15:57:00
3437,492,19,1,1399.00,COMPLETED,2026-06-23 18:29:00
3438,429,2,1,1999.00,COMPLETED,2026-05-20 09:31:00
3439,170,6,1,3499.00,COMPLETED,2026-01-15 18:44:00
3440,194,17,1,2099.00,PENDING,2026-08-16 10:03:00
3441,465,18,1,2599.00,COMPLETED,2026-01-25 14:10:00
3442,726,7,1,4999.00,REFUNDED,2026-03-26 19:00:00
3443,739,13,3,16497.00,COMPLETED,2026-01-29 20:08:00
3444,298,13,1,5499.00,COMPLETED,2026-01-22 10:43:00
3445,275,17,3,6297.00,COMPLETED,2026-07-16 20:41:00
3446,507,11,2,1798.00,PENDING,2026-08-29 16:47:00
3447,277,13,2,10998.00,COMPLETED,2026-04-28 17:32:00
3448,462,15,4,6396.00,COMPLETED,2026-01-14 14:13:00
3449,121,13,3,16497.00,COMPLETED,2026-01-19 21:49:00
3450,856,10,2,2598.00,PENDING,2026-01-15 13:40:00
3451,323,20,1,999.00,COMPLETED,2026-01-23 08:06:00
3452,360,20,1,999.00,COMPLETED,2026-05-03 19:20:00
3453,569,5,1,2499.00,COMPLETED,2026-05-10 10:56:00
3454,89,1,1,1499.00,COMPLETED,2026-05-01 21:07:00
3455,470,4,1,999.00,COMPLETED,2026-03-18 13:24:00
3456,872,16,1,1999.00,COMPLETED,2026-08-28 10:44:00
3457,385,13,1,5499.00,COMPLETED,2026-03-17 13:56:00
3458,381,1,3,4497.00,COMPLETED,2026-02-24 15:51:00
3459,158,19,3,4197.00,PENDING,2026-03-29 10:35:00
3460,705,8,1,5999.00,CANCELLED,2026-04-01 14:54:00
3461,589,16,1,1999.00,COMPLETED,2026-06-12 12:42:00
3462,499,4,1,999.00,COMPLETED,2026-06-15 19:04:00
3463,568,4,1,999.00,COMPLETED,2026-08-04 20:42:00
3464,823,9,1,1799.00,COMPLETED,2026-03-27 12:37:00
3465,245,11,2,1798.00,COMPLETED,2026-05-05 11:16:00
3466,932,4,2,1998.00,COMPLETED,2026-05-25 09:38:00
3467,627,3,1,2999.00,COMPLETED,2026-08-20 16:11:00
3468,552,8,4,23996.00,CANCELLED,2026-05-20 09:13:00
3469,472,6,1,3499.00,COMPLETED,2026-01-11 17:38:00
3470,245,3,2,5998.00,COMPLETED,2026-03-14 08:47:00
3471,829,12,1,4499.00,COMPLETED,2026-02-08 20:47:00
3472,905,11,2,1798.00,COMPLETED,2026-02-05 21:40:00
3473,489,10,1,1299.00,PENDING,2026-01-19 10:27:00
3474,2,17,2,4198.00,COMPLETED,2026-03-16 10:07:00
3475,453,14,1,1199.00,COMPLETED,2026-04-09 20:22:00
3476,310,16,3,5997.00,COMPLETED,2026-02-20 08:41:00
3477,333,10,2,2598.00,COMPLETED,2026-04-09 16:52:00
3478,591,1,3,4497.00,COMPLETED,2026-06-27 12:09:00
3479,21,19,1,1399.00,COMPLETED,2026-01-28 10:14:00
3480,774,20,2,1998.00,COMPLETED,2026-07-24 16:10:00
3481,202,17,1,2099.00,COMPLETED,2026-06-22 16:47:00
3482,289,2,3,5997.00,COMPLETED,2026-04-12 09:21:00
3483,107,2,1,1999.00,COMPLETED,2026-05-30 11:58:00
3484,103,5,3,7497.00,COMPLETED,2026-05-03 17:13:00
3485,519,19,1,1399.00,COMPLETED,2026-07-28 12:00:00
3486,115,12,2,8998.00,COMPLETED,2026-01-05 08:13:00
3487,166,15,1,1599.00,COMPLETED,2026-01-20 21:49:00
3488,977,15,1,1599.00,COMPLETED,2026-07-10 08:33:00
3489,316,12,3,13497.00,COMPLETED,2026-01-04 21:22:00
3490,147,12,1,4499.00,COMPLETED,2026-03-31 10:43:00
3491,627,9,2,3598.00,COMPLETED,2026-05-18 11:23:00
3492,872,14,2,2398.00,COMPLETED,2026-02-27 11:34:00
3493,744,8,1,5999.00,COMPLETED,2026-06-23 15:39:00
3494,528,13,2,10998.00,COMPLETED,2026-06-09 11:58:00
3495,380,11,3,2697.00,COMPLETED,2026-02-10 20:32:00
3496,224,11,1,899.00,COMPLETED,2026-08-30 19:28:00
3497,644,14,1,1199.00,COMPLETED,2026-08-10 21:48:00
3498,866,9,1,1799.00,CANCELLED,2026-08-20 10:35:00
3499,551,15,4,6396.00,COMPLETED,2026-06-09 19:42:00
3500,298,10,1,1299.00,COMPLETED,2026-01-17 21:20:00
3501,234,18,3,7797.00,PENDING,2026-03-12 19:11:00
3502,303,14,1,1199.00,COMPLETED,2026-05-04 21:13:00
3503,451,18,1,2599.00,COMPLETED,2026-03-31 08:25:00
3504,442,18,3,7797.00,REFUNDED,2026-04-07 17:43:00
3505,236,6,4,13996.00,CANCELLED,2026-06-19 11:05:00
3506,236,15,2,3198.00,COMPLETED,2026-06-15 18:14:00
3507,764,17,2,4198.00,COMPLETED,2026-06-25 17:10:00
3508,524,16,2,3998.00,CANCELLED,2026-02-04 12:17:00
3509,183,14,1,1199.00,REFUNDED,2026-08-18 09:08:00
3510,440,7,2,9998.00,REFUNDED,2026-04-22 18:07:00
3511,680,5,1,2499.00,COMPLETED,2026-01-20 14:26:00
3512,330,19,1,1399.00,COMPLETED,2026-08-28 20:22:00
3513,59,9,1,1799.00,COMPLETED,2026-08-06 12:30:00
3514,484,20,1,999.00,COMPLETED,2026-08-11 13:01:00
3515,250,10,4,5196.00,COMPLETED,2026-08-10 21:22:00
3516,180,14,2,2398.00,COMPLETED,2026-03-03 17:58:00
3517,570,6,1,3499.00,COMPLETED,2026-03-07 11:40:00
3518,677,15,1,1599.00,COMPLETED,2026-08-22 15:24:00
3519,782,6,1,3499.00,COMPLETED,2026-07-02 18:00:00
3520,744,16,2,3998.00,COMPLETED,2026-08-08 08:45:00
3521,71,16,1,1999.00,COMPLETED,2026-02-05 17:32:00
3522,696,16,1,1999.00,COMPLETED,2026-03-09 11:02:00
3523,880,19,2,2798.00,COMPLETED,2026-07-14 08:44:00
3524,654,20,2,1998.00,COMPLETED,2026-04-21 17:38:00
3525,697,19,1,1399.00,COMPLETED,2026-02-28 20:51:00
3526,521,4,3,2997.00,COMPLETED,2026-08-05 21:56:00
3527,838,13,2,10998.00,COMPLETED,2026-05-09 20:33:00
3528,981,2,1,1999.00,CANCELLED,2026-03-06 12:50:00
3529,534,17,1,2099.00,COMPLETED,2026-03-15 11:17:00
3530,449,15,1,1599.00,COMPLETED,2026-01-13 12:58:00
3531,431,20,2,1998.00,COMPLETED,2026-02-06 18:20:00
3532,721,12,1,4499.00,COMPLETED,2026-03-16 17:15:00
3533,484,2,3,5997.00,COMPLETED,2026-03-26 10:22:00
3534,613,6,1,3499.00,COMPLETED,2026-07-01 12:02:00
3535,216,13,2,10998.00,COMPLETED,2026-06-28 12:45:00
3536,7,5,1,2499.00,COMPLETED,2026-02-23 18:36:00
3537,408,20,2,1998.00,COMPLETED,2026-07-29 09:28:00
3538,346,16,1,1999.00,COMPLETED,2026-06-11 12:57:00
3539,462,11,1,899.00,COMPLETED,2026-01-01 10:18:00
3540,277,6,1,3499.00,PENDING,2026-04-29 13:47:00
3541,13,15,1,1599.00,COMPLETED,2026-04-28 15:53:00
3542,257,6,1,3499.00,CANCELLED,2026-05-08 21:15:00
3543,616,17,1,2099.00,COMPLETED,2026-06-20 14:32:00
3544,689,16,1,1999.00,COMPLETED,2026-03-15 17:30:00
3545,614,9,1,1799.00,COMPLETED,2026-07-16 15:34:00
3546,495,20,1,999.00,CANCELLED,2026-05-05 13:18:00
3547,456,13,4,21996.00,COMPLETED,2026-06-14 19:38:00
3548,489,2,1,1999.00,COMPLETED,2026-03-02 17:41:00
3549,391,14,3,3597.00,COMPLETED,2026-06-09 11:21:00
3550,28,17,1,2099.00,COMPLETED,2026-08-28 17:07:00
3551,551,8,1,5999.00,COMPLETED,2026-01-23 18:42:00
3552,985,20,1,999.00,COMPLETED,2026-08-09 13:52:00
3553,514,14,1,1199.00,COMPLETED,2026-03-20 08:42:00
3554,775,4,1,999.00,CANCELLED,2026-04-17 08:36:00
3555,445,15,1,1599.00,COMPLETED,2026-05-02 17:54:00
3556,812,12,1,4499.00,CANCELLED,2026-08-23 08:27:00
3557,576,18,1,2599.00,PENDING,2026-07-22 20:27:00
3558,3,3,2,5998.00,COMPLETED,2026-01-01 18:03:00
3559,841,2,1,1999.00,COMPLETED,2026-04-20 09:37:00
3560,994,8,4,23996.00,COMPLETED,2026-06-05 20:54:00
3561,872,19,2,2798.00,COMPLETED,2026-06-29 19:20:00
3562,276,16,1,1999.00,COMPLETED,2026-01-04 09:46:00
3563,221,8,1,5999.00,COMPLETED,2026-07-14 09:55:00
3564,614,13,1,5499.00,COMPLETED,2026-06-09 18:57:00
3565,475,18,1,2599.00,COMPLETED,2026-07-03 10:39:00
3566,378,11,1,899.00,COMPLETED,2026-01-23 13:25:00
3567,989,6,1,3499.00,COMPLETED,2026-03-03 16:24:00
3568,266,20,2,1998.00,COMPLETED,2026-02-17 12:49:00
3569,975,4,1,999.00,COMPLETED,2026-03-03 20:12:00
3570,43,14,1,1199.00,COMPLETED,2026-04-09 21:56:00
3571,271,5,1,2499.00,COMPLETED,2026-02-22 21:00:00
3572,899,3,2,5998.00,REFUNDED,2026-07-27 17:19:00
3573,949,12,1,4499.00,REFUNDED,2026-04-10 20:38:00
3574,978,8,1,5999.00,COMPLETED,2026-05-07 17:35:00
3575,498,12,1,4499.00,COMPLETED,2026-01-03 17:09:00
3576,18,9,1,1799.00,COMPLETED,2026-06-04 11:55:00
3577,84,15,1,1599.00,COMPLETED,2026-08-19 13:33:00
3578,611,10,1,1299.00,COMPLETED,2026-07-27 10:40:00
3579,736,15,1,1599.00,COMPLETED,2026-02-19 14:34:00
3580,188,4,1,999.00,COMPLETED,2026-04-14 08:11:00
3581,700,15,1,1599.00,COMPLETED,2026-07-24 11:33:00
3582,434,6,2,6998.00,COMPLETED,2026-01-17 16:07:00
3583,569,4,1,999.00,COMPLETED,2026-07-09 20:10:00
3584,778,13,1,5499.00,COMPLETED,2026-04-15 09:20:00
3585,553,18,2,5198.00,COMPLETED,2026-02-04 15:40:00
3586,798,2,1,1999.00,COMPLETED,2026-07-08 15:35:00
3587,717,17,3,6297.00,REFUNDED,2026-08-11 17:39:00
3588,511,13,3,16497.00,COMPLETED,2026-01-22 19:04:00
3589,502,12,1,4499.00,COMPLETED,2026-07-24 17:02:00
3590,595,3,2,5998.00,COMPLETED,2026-05-25 21:03:00
3591,416,9,1,1799.00,CANCELLED,2026-08-23 12:17:00
3592,612,16,1,1999.00,PENDING,2026-02-27 17:20:00
3593,352,1,3,4497.00,COMPLETED,2026-08-13 15:01:00
3594,643,3,2,5998.00,PENDING,2026-07-23 16:57:00
3595,715,15,1,1599.00,COMPLETED,2026-06-19 21:06:00
3596,912,18,1,2599.00,COMPLETED,2026-03-20 11:04:00
3597,280,20,4,3996.00,COMPLETED,2026-02-05 18:51:00
3598,903,17,4,8396.00,COMPLETED,2026-02-13 21:21:00
3599,901,10,1,1299.00,PENDING,2026-03-15 19:59:00
3600,264,6,1,3499.00,COMPLETED,2026-01-19 09:16:00
3601,777,5,1,2499.00,COMPLETED,2026-05-15 21:48:00
3602,721,17,1,2099.00,COMPLETED,2026-02-20 09:07:00
3603,337,18,2,5198.00,CANCELLED,2026-08-31 17:47:00
3604,549,13,1,5499.00,COMPLETED,2026-08-20 10:21:00
3605,939,2,1,1999.00,COMPLETED,2026-07-19 11:16:00
3606,243,16,1,1999.00,COMPLETED,2026-04-06 19:55:00
3607,275,5,3,7497.00,COMPLETED,2026-01-23 14:31:00
3608,629,8,1,5999.00,COMPLETED,2026-04-26 21:09:00
3609,385,4,1,999.00,COMPLETED,2026-01-28 08:22:00
3610,553,14,1,1199.00,COMPLETED,2026-05-18 17:21:00
3611,114,18,1,2599.00,COMPLETED,2026-08-11 15:43:00
3612,629,6,2,6998.00,COMPLETED,2026-08-01 08:03:00
3613,809,14,1,1199.00,COMPLETED,2026-08-23 12:06:00
3614,661,3,2,5998.00,CANCELLED,2026-08-19 11:00:00
3615,721,8,2,11998.00,COMPLETED,2026-03-05 12:12:00
3616,636,19,1,1399.00,COMPLETED,2026-05-24 15:12:00
3617,819,16,1,1999.00,REFUNDED,2026-08-07 12:09:00
3618,988,4,2,1998.00,COMPLETED,2026-08-17 17:30:00
3619,618,2,1,1999.00,COMPLETED,2026-08-20 09:35:00
3620,820,6,1,3499.00,COMPLETED,2026-06-26 08:53:00
3621,20,3,1,2999.00,REFUNDED,2026-07-17 21:06:00
3622,194,9,1,1799.00,COMPLETED,2026-03-09 15:34:00
3623,449,6,4,13996.00,COMPLETED,2026-06-02 15:48:00
3624,322,1,1,1499.00,COMPLETED,2026-03-17 17:16:00
3625,48,9,4,7196.00,COMPLETED,2026-07-16 08:08:00
3626,197,9,1,1799.00,COMPLETED,2026-07-18 21:12:00
3627,783,2,1,1999.00,COMPLETED,2026-05-21 10:56:00
3628,821,11,1,899.00,COMPLETED,2026-08-31 13:46:00
3629,962,15,1,1599.00,COMPLETED,2026-06-16 14:17:00
3630,252,14,2,2398.00,COMPLETED,2026-07-26 13:18:00
3631,869,15,2,3198.00,COMPLETED,2026-07-17 18:26:00
3632,15,19,1,1399.00,COMPLETED,2026-08-11 09:26:00
3633,915,2,1,1999.00,COMPLETED,2026-01-16 21:38:00
3634,213,9,2,3598.00,CANCELLED,2026-06-14 13:15:00
3635,819,14,4,4796.00,REFUNDED,2026-04-25 10:03:00
3636,457,9,2,3598.00,CANCELLED,2026-03-07 19:15:00
3637,294,17,1,2099.00,COMPLETED,2026-07-27 12:16:00
3638,413,12,3,13497.00,COMPLETED,2026-02-15 11:29:00
3639,299,16,1,1999.00,COMPLETED,2026-01-09 18:44:00
3640,319,6,1,3499.00,COMPLETED,2026-01-29 13:08:00
3641,853,9,3,5397.00,COMPLETED,2026-04-12 14:30:00
3642,290,11,2,1798.00,COMPLETED,2026-06-16 11:03:00
3643,378,3,1,2999.00,COMPLETED,2026-06-10 19:08:00
3644,814,14,1,1199.00,CANCELLED,2026-02-16 21:18:00
3645,716,5,3,7497.00,COMPLETED,2026-03-08 12:54:00
3646,529,6,1,3499.00,COMPLETED,2026-02-28 08:38:00
3647,109,18,3,7797.00,COMPLETED,2026-03-14 18:45:00
3648,981,15,1,1599.00,COMPLETED,2026-04-22 18:07:00
3649,629,15,1,1599.00,COMPLETED,2026-05-31 18:06:00
3650,601,3,1,2999.00,COMPLETED,2026-07-26 20:56:00
3651,442,13,1,5499.00,COMPLETED,2026-04-13 10:54:00
3652,869,3,1,2999.00,COMPLETED,2026-02-06 18:32:00
3653,39,2,2,3998.00,COMPLETED,2026-08-15 13:16:00
3654,20,20,1,999.00,PENDING,2026-08-01 14:58:00
3655,64,9,2,3598.00,COMPLETED,2026-03-13 09:34:00
3656,987,5,1,2499.00,COMPLETED,2026-07-23 18:06:00
3657,816,1,1,1499.00,COMPLETED,2026-01-12 18:49:00
3658,181,3,1,2999.00,COMPLETED,2026-07-04 10:51:00
3659,486,13,1,5499.00,COMPLETED,2026-01-27 10:27:00
3660,135,20,1,999.00,COMPLETED,2026-03-11 14:05:00
3661,228,17,1,2099.00,REFUNDED,2026-08-17 15:14:00
3662,463,10,1,1299.00,COMPLETED,2026-03-15 09:35:00
3663,329,8,1,5999.00,COMPLETED,2026-02-15 20:25:00
3664,442,2,2,3998.00,COMPLETED,2026-05-07 11:11:00
3665,542,16,1,1999.00,COMPLETED,2026-07-13 12:59:00
3666,422,12,1,4499.00,COMPLETED,2026-03-12 10:10:00
3667,300,9,2,3598.00,COMPLETED,2026-03-02 17:28:00
3668,245,15,1,1599.00,COMPLETED,2026-03-31 15:45:00
3669,264,19,1,1399.00,CANCELLED,2026-06-24 19:02:00
3670,989,7,1,4999.00,COMPLETED,2026-06-14 09:14:00
3671,144,4,2,1998.00,CANCELLED,2026-05-17 18:12:00
3672,64,14,1,1199.00,COMPLETED,2026-01-27 19:59:00
3673,611,10,1,1299.00,COMPLETED,2026-01-12 21:29:00
3674,745,8,2,11998.00,COMPLETED,2026-08-07 16:04:00
3675,740,7,1,4999.00,COMPLETED,2026-03-22 14:38:00
3676,676,1,3,4497.00,COMPLETED,2026-06-30 19:44:00
3677,370,8,1,5999.00,COMPLETED,2026-05-10 12:48:00
3678,697,14,1,1199.00,COMPLETED,2026-01-28 17:51:00
3679,494,14,1,1199.00,COMPLETED,2026-06-16 18:38:00
3680,662,5,1,2499.00,COMPLETED,2026-04-02 12:19:00
3681,626,8,1,5999.00,COMPLETED,2026-04-10 11:29:00
3682,169,5,1,2499.00,COMPLETED,2026-08-02 12:45:00
3683,831,3,1,2999.00,COMPLETED,2026-01-13 19:48:00
3684,524,15,3,4797.00,COMPLETED,2026-01-25 18:24:00
3685,242,19,2,2798.00,COMPLETED,2026-02-21 14:27:00
3686,413,7,2,9998.00,COMPLETED,2026-06-20 11:14:00
3687,11,13,2,10998.00,COMPLETED,2026-06-16 13:34:00
3688,683,17,1,2099.00,COMPLETED,2026-02-09 12:57:00
3689,992,13,1,5499.00,COMPLETED,2026-03-06 16:37:00
3690,5,9,1,1799.00,COMPLETED,2026-05-17 16:39:00
3691,952,11,2,1798.00,COMPLETED,2026-02-16 16:51:00
3692,378,20,1,999.00,COMPLETED,2026-08-31 18:00:00
3693,395,6,1,3499.00,CANCELLED,2026-08-11 18:58:00
3694,27,8,4,23996.00,COMPLETED,2026-07-13 14:26:00
3695,292,10,1,1299.00,PENDING,2026-07-02 21:08:00
3696,433,8,3,17997.00,CANCELLED,2026-06-07 11:19:00
3697,96,17,2,4198.00,COMPLETED,2026-06-16 11:52:00
3698,925,12,1,4499.00,COMPLETED,2026-03-26 08:34:00
3699,34,3,1,2999.00,COMPLETED,2026-03-09 21:15:00
3700,766,16,2,3998.00,CANCELLED,2026-01-11 18:10:00
3701,699,2,1,1999.00,COMPLETED,2026-06-10 08:53:00
3702,3,12,1,4499.00,COMPLETED,2026-02-11 13:43:00
3703,102,12,3,13497.00,COMPLETED,2026-08-31 14:36:00
3704,693,1,1,1499.00,COMPLETED,2026-01-18 10:42:00
3705,279,15,1,1599.00,COMPLETED,2026-03-14 14:10:00
3706,869,15,3,4797.00,COMPLETED,2026-08-13 18:22:00
3707,525,7,1,4999.00,CANCELLED,2026-08-09 17:10:00
3708,54,19,1,1399.00,COMPLETED,2026-07-04 21:50:00
3709,167,17,1,2099.00,COMPLETED,2026-07-11 11:59:00
3710,460,17,2,4198.00,COMPLETED,2026-03-03 10:48:00
3711,836,6,1,3499.00,REFUNDED,2026-02-21 18:30:00
3712,623,17,1,2099.00,COMPLETED,2026-07-23 13:40:00
3713,223,19,1,1399.00,COMPLETED,2026-03-30 08:32:00
3714,455,4,1,999.00,COMPLETED,2026-06-30 10:56:00
3715,726,9,1,1799.00,COMPLETED,2026-08-01 21:48:00
3716,530,11,2,1798.00,COMPLETED,2026-04-21 08:18:00
3717,405,6,2,6998.00,PENDING,2026-02-12 18:34:00
3718,84,8,4,23996.00,COMPLETED,2026-08-03 13:11:00
3719,247,8,2,11998.00,COMPLETED,2026-03-27 18:16:00
3720,1,10,1,1299.00,COMPLETED,2026-02-09 19:38:00
3721,666,4,1,999.00,COMPLETED,2026-04-29 18:57:00
3722,534,6,2,6998.00,COMPLETED,2026-07-24 18:42:00
3723,144,3,2,5998.00,COMPLETED,2026-05-19 20:27:00
3724,92,4,2,1998.00,COMPLETED,2026-06-25 13:57:00
3725,656,14,1,1199.00,COMPLETED,2026-02-14 16:15:00
3726,66,7,1,4999.00,REFUNDED,2026-05-23 21:51:00
3727,21,18,1,2599.00,COMPLETED,2026-04-04 14:06:00
3728,594,7,2,9998.00,COMPLETED,2026-02-13 12:01:00
3729,498,20,2,1998.00,COMPLETED,2026-04-06 19:35:00
3730,736,15,1,1599.00,COMPLETED,2026-02-04 14:27:00
3731,231,7,1,4999.00,COMPLETED,2026-01-18 09:23:00
3732,345,17,1,2099.00,COMPLETED,2026-06-23 15:37:00
3733,261,7,1,4999.00,COMPLETED,2026-02-02 09:30:00
3734,267,15,3,4797.00,COMPLETED,2026-08-01 17:22:00
3735,415,15,1,1599.00,CANCELLED,2026-04-07 08:27:00
3736,647,1,2,2998.00,COMPLETED,2026-06-23 20:50:00
3737,575,4,1,999.00,PENDING,2026-06-25 18:12:00
3738,197,7,3,14997.00,PENDING,2026-08-27 13:40:00
3739,260,20,1,999.00,COMPLETED,2026-01-16 15:20:00
3740,856,10,1,1299.00,COMPLETED,2026-01-27 11:02:00
3741,798,8,1,5999.00,COMPLETED,2026-03-03 18:46:00
3742,492,5,1,2499.00,COMPLETED,2026-07-16 20:34:00
3743,651,13,1,5499.00,COMPLETED,2026-08-18 11:39:00
3744,771,2,1,1999.00,COMPLETED,2026-06-27 09:13:00
3745,264,20,1,999.00,COMPLETED,2026-07-31 08:30:00
3746,822,16,1,1999.00,COMPLETED,2026-01-14 12:13:00
3747,492,14,3,3597.00,COMPLETED,2026-05-06 16:20:00
3748,329,17,1,2099.00,COMPLETED,2026-08-04 09:43:00
3749,493,4,1,999.00,COMPLETED,2026-01-24 15:42:00
3750,365,6,1,3499.00,COMPLETED,2026-05-13 15:45:00
3751,634,12,1,4499.00,COMPLETED,2026-05-31 20:47:00
3752,824,9,1,1799.00,COMPLETED,2026-04-18 09:51:00
3753,698,12,2,8998.00,COMPLETED,2026-06-01 21:28:00
3754,372,18,2,5198.00,COMPLETED,2026-03-27 10:19:00
3755,352,18,1,2599.00,COMPLETED,2026-02-24 16:30:00
3756,174,3,1,2999.00,COMPLETED,2026-01-17 20:40:00
3757,19,18,2,5198.00,COMPLETED,2026-08-10 08:52:00
3758,61,7,1,4999.00,COMPLETED,2026-07-06 19:55:00
3759,114,19,2,2798.00,COMPLETED,2026-08-27 20:36:00
3760,568,7,1,4999.00,COMPLETED,2026-07-15 08:00:00
3761,907,9,1,1799.00,PENDING,2026-07-12 17:46:00
3762,574,17,1,2099.00,COMPLETED,2026-02-16 21:44:00
3763,190,16,1,1999.00,COMPLETED,2026-08-26 18:39:00
3764,180,5,3,7497.00,COMPLETED,2026-01-24 14:55:00
3765,625,3,1,2999.00,COMPLETED,2026-08-22 17:03:00
3766,928,16,1,1999.00,COMPLETED,2026-05-12 08:11:00
3767,940,20,2,1998.00,COMPLETED,2026-01-05 14:35:00
3768,951,9,2,3598.00,COMPLETED,2026-01-18 16:49:00
3769,110,19,1,1399.00,CANCELLED,2026-07-22 11:40:00
3770,267,4,1,999.00,CANCELLED,2026-03-20 13:52:00
3771,823,15,1,1599.00,PENDING,2026-05-09 15:02:00
3772,603,9,1,1799.00,COMPLETED,2026-04-12 16:56:00
3773,783,3,1,2999.00,COMPLETED,2026-04-22 20:59:00
3774,239,2,2,3998.00,COMPLETED,2026-01-20 19:23:00
3775,363,10,2,2598.00,COMPLETED,2026-01-22 18:28:00
3776,357,8,1,5999.00,COMPLETED,2026-03-10 17:55:00
3777,631,8,2,11998.00,COMPLETED,2026-07-13 15:18:00
3778,88,13,2,10998.00,COMPLETED,2026-01-15 16:40:00
3779,508,12,1,4499.00,COMPLETED,2026-05-26 17:01:00
3780,903,6,2,6998.00,COMPLETED,2026-03-11 15:14:00
3781,116,19,2,2798.00,COMPLETED,2026-08-13 10:23:00
3782,47,6,1,3499.00,COMPLETED,2026-04-06 11:09:00
3783,734,1,1,1499.00,COMPLETED,2026-04-21 12:37:00
3784,743,3,1,2999.00,COMPLETED,2026-01-01 12:51:00
3785,817,1,2,2998.00,COMPLETED,2026-06-16 17:19:00
3786,852,14,1,1199.00,COMPLETED,2026-05-09 18:27:00
3787,508,20,1,999.00,COMPLETED,2026-04-09 09:42:00
3788,992,16,2,3998.00,COMPLETED,2026-08-28 14:25:00
3789,485,10,1,1299.00,REFUNDED,2026-08-22 13:40:00
3790,472,1,2,2998.00,COMPLETED,2026-01-21 17:12:00
3791,425,13,1,5499.00,COMPLETED,2026-07-29 15:44:00
3792,998,19,1,1399.00,COMPLETED,2026-08-09 19:35:00
3793,282,17,1,2099.00,COMPLETED,2026-02-04 17:42:00
3794,44,20,1,999.00,COMPLETED,2026-05-12 11:19:00
3795,247,1,2,2998.00,COMPLETED,2026-08-26 12:20:00
3796,122,18,1,2599.00,COMPLETED,2026-03-10 08:30:00
3797,686,17,1,2099.00,PENDING,2026-04-27 12:20:00
3798,216,17,1,2099.00,REFUNDED,2026-04-14 18:12:00
3799,576,10,1,1299.00,COMPLETED,2026-04-16 18:49:00
3800,72,11,1,899.00,COMPLETED,2026-07-29 19:46:00
3801,48,7,3,14997.00,COMPLETED,2026-07-22 11:36:00
3802,338,14,2,2398.00,COMPLETED,2026-06-08 12:27:00
3803,285,10,1,1299.00,COMPLETED,2026-03-17 11:38:00
3804,43,5,1,2499.00,COMPLETED,2026-04-17 13:50:00
3805,852,19,1,1399.00,COMPLETED,2026-07-06 13:28:00
3806,396,13,1,5499.00,REFUNDED,2026-05-11 18:23:00
3807,878,1,1,1499.00,COMPLETED,2026-05-21 13:15:00
3808,283,11,3,2697.00,COMPLETED,2026-08-01 13:24:00
3809,526,3,1,2999.00,COMPLETED,2026-06-20 08:24:00
3810,382,13,1,5499.00,COMPLETED,2026-06-06 10:22:00
3811,533,4,2,1998.00,COMPLETED,2026-01-25 21:17:00
3812,113,18,1,2599.00,COMPLETED,2026-05-26 10:51:00
3813,259,5,1,2499.00,COMPLETED,2026-04-03 08:06:00
3814,971,3,1,2999.00,COMPLETED,2026-07-21 20:06:00
3815,415,12,1,4499.00,COMPLETED,2026-02-19 21:39:00
3816,174,14,1,1199.00,COMPLETED,2026-02-10 08:05:00
3817,685,12,2,8998.00,COMPLETED,2026-08-23 10:06:00
3818,61,19,2,2798.00,COMPLETED,2026-08-10 20:14:00
3819,421,15,1,1599.00,CANCELLED,2026-01-02 12:10:00
3820,984,19,3,4197.00,CANCELLED,2026-07-14 11:06:00
3821,930,9,1,1799.00,COMPLETED,2026-05-02 18:12:00
3822,444,18,2,5198.00,COMPLETED,2026-01-26 16:18:00
3823,338,3,1,2999.00,COMPLETED,2026-01-02 18:04:00
3824,937,15,2,3198.00,COMPLETED,2026-05-18 11:20:00
3825,597,13,1,5499.00,COMPLETED,2026-02-04 21:43:00
3826,163,4,1,999.00,COMPLETED,2026-06-09 10:29:00
3827,779,15,1,1599.00,COMPLETED,2026-05-25 18:37:00
3828,919,16,1,1999.00,COMPLETED,2026-03-20 10:53:00
3829,79,5,3,7497.00,COMPLETED,2026-06-07 18:41:00
3830,772,9,1,1799.00,COMPLETED,2026-03-22 09:58:00
3831,676,12,1,4499.00,COMPLETED,2026-05-04 08:16:00
3832,165,6,1,3499.00,COMPLETED,2026-08-06 16:21:00
3833,496,15,1,1599.00,COMPLETED,2026-01-07 17:44:00
3834,952,4,3,2997.00,COMPLETED,2026-04-12 15:36:00
3835,600,9,4,7196.00,CANCELLED,2026-08-03 17:31:00
3836,319,1,2,2998.00,COMPLETED,2026-04-15 15:14:00
3837,726,20,3,2997.00,CANCELLED,2026-02-06 13:06:00
3838,713,18,2,5198.00,COMPLETED,2026-07-04 17:29:00
3839,245,11,1,899.00,COMPLETED,2026-06-30 14:57:00
3840,73,2,2,3998.00,COMPLETED,2026-07-21 14:50:00
3841,962,2,1,1999.00,COMPLETED,2026-04-20 09:31:00
3842,887,20,1,999.00,COMPLETED,2026-03-08 09:59:00
3843,162,13,1,5499.00,COMPLETED,2026-05-20 12:32:00
3844,747,19,1,1399.00,COMPLETED,2026-04-19 11:31:00
3845,192,1,1,1499.00,COMPLETED,2026-06-24 10:06:00
3846,718,9,1,1799.00,COMPLETED,2026-05-15 18:01:00
3847,43,6,1,3499.00,COMPLETED,2026-05-23 12:01:00
3848,327,11,2,1798.00,COMPLETED,2026-06-16 09:24:00
3849,475,4,1,999.00,COMPLETED,2026-05-29 18:23:00
3850,563,6,2,6998.00,COMPLETED,2026-03-04 09:31:00
3851,963,7,2,9998.00,COMPLETED,2026-08-06 16:03:00
3852,769,8,4,23996.00,COMPLETED,2026-03-12 18:45:00
3853,10,8,1,5999.00,COMPLETED,2026-07-01 18:57:00
3854,669,9,1,1799.00,COMPLETED,2026-05-04 16:15:00
3855,745,20,1,999.00,COMPLETED,2026-01-05 19:44:00
3856,487,11,1,899.00,COMPLETED,2026-03-07 11:06:00
3857,121,3,1,2999.00,COMPLETED,2026-07-15 15:46:00
3858,415,3,1,2999.00,COMPLETED,2026-04-15 18:29:00
3859,415,3,1,2999.00,COMPLETED,2026-07-28 14:49:00
3860,461,11,3,2697.00,COMPLETED,2026-08-31 12:11:00
3861,898,1,1,1499.00,COMPLETED,2026-05-27 12:43:00
3862,843,13,1,5499.00,COMPLETED,2026-07-09 14:35:00
3863,832,16,1,1999.00,COMPLETED,2026-03-18 21:55:00
3864,45,19,1,1399.00,COMPLETED,2026-04-18 20:45:00
3865,82,9,1,1799.00,COMPLETED,2026-07-18 15:48:00
3866,591,1,1,1499.00,REFUNDED,2026-04-23 19:18:00
3867,585,16,1,1999.00,CANCELLED,2026-03-07 21:47:00
3868,933,19,2,2798.00,COMPLETED,2026-06-04 11:07:00
3869,104,5,1,2499.00,COMPLETED,2026-02-02 20:42:00
3870,874,17,2,4198.00,COMPLETED,2026-04-11 18:53:00
3871,401,20,1,999.00,COMPLETED,2026-08-27 21:52:00
3872,605,6,2,6998.00,COMPLETED,2026-05-11 10:22:00
3873,749,1,2,2998.00,COMPLETED,2026-03-31 15:08:00
3874,717,17,1,2099.00,COMPLETED,2026-01-26 14:59:00
3875,325,20,2,1998.00,COMPLETED,2026-04-04 13:28:00
3876,645,20,2,1998.00,PENDING,2026-06-30 14:04:00
3877,558,2,1,1999.00,COMPLETED,2026-05-16 19:53:00
3878,888,1,1,1499.00,REFUNDED,2026-02-02 08:13:00
3879,988,17,1,2099.00,COMPLETED,2026-04-25 21:10:00
3880,47,15,1,1599.00,COMPLETED,2026-02-23 18:25:00
3881,203,15,1,1599.00,COMPLETED,2026-07-25 15:19:00
3882,117,14,2,2398.00,COMPLETED,2026-07-05 19:25:00
3883,935,4,4,3996.00,COMPLETED,2026-01-09 21:54:00
3884,995,3,3,8997.00,COMPLETED,2026-04-11 10:17:00
3885,880,4,1,999.00,COMPLETED,2026-08-06 11:04:00
3886,721,11,1,899.00,COMPLETED,2026-05-12 14:28:00
3887,419,14,1,1199.00,REFUNDED,2026-08-19 12:20:00
3888,665,5,1,2499.00,COMPLETED,2026-07-02 08:33:00
3889,500,14,1,1199.00,COMPLETED,2026-06-25 10:07:00
3890,108,18,1,2599.00,CANCELLED,2026-07-06 13:45:00
3891,397,15,2,3198.00,COMPLETED,2026-04-22 15:24:00
3892,608,4,2,1998.00,COMPLETED,2026-08-12 19:51:00
3893,120,3,4,11996.00,COMPLETED,2026-04-20 13:10:00
3894,615,15,2,3198.00,COMPLETED,2026-03-14 13:18:00
3895,481,2,1,1999.00,COMPLETED,2026-08-26 10:05:00
3896,280,2,3,5997.00,COMPLETED,2026-01-03 18:53:00
3897,506,7,1,4999.00,COMPLETED,2026-01-16 18:33:00
3898,291,7,1,4999.00,COMPLETED,2026-01-05 08:22:00
3899,359,4,1,999.00,COMPLETED,2026-06-15 13:42:00
3900,994,20,1,999.00,COMPLETED,2026-07-18 19:34:00
3901,792,16,2,3998.00,COMPLETED,2026-07-13 09:40:00
3902,213,13,1,5499.00,COMPLETED,2026-06-25 19:18:00
3903,942,2,1,1999.00,COMPLETED,2026-05-09 21:34:00
3904,905,16,3,5997.00,COMPLETED,2026-05-11 11:24:00
3905,909,19,2,2798.00,COMPLETED,2026-08-08 14:45:00
3906,542,18,1,2599.00,COMPLETED,2026-02-28 08:44:00
3907,638,13,2,10998.00,COMPLETED,2026-08-05 16:36:00
3908,505,13,2,10998.00,COMPLETED,2026-01-28 15:23:00
3909,330,2,2,3998.00,COMPLETED,2026-05-25 09:01:00
3910,147,4,1,999.00,COMPLETED,2026-07-15 09:28:00
3911,825,3,1,2999.00,COMPLETED,2026-08-05 18:16:00
3912,268,7,1,4999.00,CANCELLED,2026-08-01 12:40:00
3913,93,18,1,2599.00,COMPLETED,2026-07-20 10:36:00
3914,403,20,2,1998.00,COMPLETED,2026-04-01 20:08:00
3915,700,6,3,10497.00,COMPLETED,2026-08-13 17:10:00
3916,47,3,1,2999.00,CANCELLED,2026-01-27 12:23:00
3917,175,19,3,4197.00,COMPLETED,2026-07-14 20:08:00
3918,380,11,2,1798.00,COMPLETED,2026-06-10 18:11:00
3919,778,20,2,1998.00,COMPLETED,2026-02-18 19:46:00
3920,154,7,2,9998.00,COMPLETED,2026-08-07 21:00:00
3921,740,16,3,5997.00,COMPLETED,2026-05-05 20:57:00
3922,709,5,3,7497.00,COMPLETED,2026-06-24 15:03:00
3923,613,19,1,1399.00,CANCELLED,2026-04-06 11:01:00
3924,404,14,1,1199.00,COMPLETED,2026-02-24 11:39:00
3925,342,16,1,1999.00,COMPLETED,2026-01-27 20:34:00
3926,420,4,1,999.00,COMPLETED,2026-03-08 21:55:00
3927,312,19,1,1399.00,COMPLETED,2026-07-30 10:09:00
3928,270,9,3,5397.00,COMPLETED,2026-05-28 09:54:00
3929,250,16,2,3998.00,COMPLETED,2026-07-31 14:48:00
3930,804,4,1,999.00,COMPLETED,2026-03-08 18:04:00
3931,160,16,1,1999.00,COMPLETED,2026-01-01 17:39:00
3932,977,3,1,2999.00,COMPLETED,2026-01-18 15:17:00
3933,612,17,2,4198.00,COMPLETED,2026-01-11 14:36:00
3934,971,9,1,1799.00,PENDING,2026-05-27 17:44:00
3935,283,2,1,1999.00,COMPLETED,2026-01-24 20:54:00
3936,971,12,1,4499.00,COMPLETED,2026-07-17 18:40:00
3937,831,10,1,1299.00,COMPLETED,2026-07-17 15:20:00
3938,834,8,1,5999.00,COMPLETED,2026-01-19 20:20:00
3939,924,16,1,1999.00,COMPLETED,2026-01-13 10:35:00
3940,671,2,1,1999.00,CANCELLED,2026-04-03 14:11:00
3941,308,18,2,5198.00,CANCELLED,2026-01-02 16:07:00
3942,717,10,1,1299.00,COMPLETED,2026-04-19 19:57:00
3943,243,13,3,16497.00,COMPLETED,2026-06-18 13:05:00
3944,40,11,2,1798.00,COMPLETED,2026-04-04 20:58:00
3945,892,12,1,4499.00,COMPLETED,2026-05-01 13:59:00
3946,112,16,2,3998.00,COMPLETED,2026-06-05 17:10:00
3947,293,8,1,5999.00,PENDING,2026-04-02 13:44:00
3948,427,19,3,4197.00,COMPLETED,2026-05-16 19:01:00
3949,696,7,2,9998.00,COMPLETED,2026-02-14 19:56:00
3950,680,2,1,1999.00,COMPLETED,2026-01-15 13:00:00
3951,684,17,2,4198.00,COMPLETED,2026-02-06 12:03:00
3952,386,14,2,2398.00,COMPLETED,2026-03-11 08:22:00
3953,129,12,1,4499.00,COMPLETED,2026-06-01 10:50:00
3954,239,12,2,8998.00,COMPLETED,2026-05-19 16:01:00
3955,579,8,1,5999.00,COMPLETED,2026-07-27 13:28:00
3956,27,3,1,2999.00,COMPLETED,2026-05-05 11:33:00
3957,860,7,1,4999.00,COMPLETED,2026-06-23 18:52:00
3958,921,16,3,5997.00,COMPLETED,2026-02-28 08:20:00
3959,982,17,1,2099.00,CANCELLED,2026-06-13 09:32:00
3960,763,15,1,1599.00,COMPLETED,2026-08-17 09:12:00
3961,193,18,1,2599.00,COMPLETED,2026-03-09 14:54:00
3962,668,12,1,4499.00,COMPLETED,2026-01-19 21:21:00
3963,893,15,1,1599.00,COMPLETED,2026-02-20 09:35:00
3964,455,14,1,1199.00,COMPLETED,2026-07-31 11:26:00
3965,278,17,1,2099.00,COMPLETED,2026-06-19 14:06:00
3966,190,14,1,1199.00,COMPLETED,2026-04-23 16:45:00
3967,229,12,2,8998.00,COMPLETED,2026-07-11 16:55:00
3968,714,9,1,1799.00,COMPLETED,2026-05-03 08:43:00
3969,589,11,1,899.00,COMPLETED,2026-03-02 14:50:00
3970,644,7,1,4999.00,COMPLETED,2026-07-21 15:06:00
3971,173,14,1,1199.00,COMPLETED,2026-02-14 20:21:00
3972,235,8,1,5999.00,COMPLETED,2026-06-15 16:12:00
3973,982,12,2,8998.00,COMPLETED,2026-03-12 08:43:00
3974,624,16,1,1999.00,COMPLETED,2026-03-09 21:55:00
3975,23,10,1,1299.00,COMPLETED,2026-01-28 12:11:00
3976,282,11,1,899.00,REFUNDED,2026-08-09 11:01:00
3977,203,7,1,4999.00,COMPLETED,2026-08-28 12:37:00
3978,638,7,1,4999.00,COMPLETED,2026-02-06 13:41:00
3979,432,15,4,6396.00,COMPLETED,2026-08-04 19:14:00
3980,108,2,1,1999.00,COMPLETED,2026-05-23 19:22:00
3981,194,17,1,2099.00,COMPLETED,2026-07-22 11:56:00
3982,883,19,2,2798.00,COMPLETED,2026-08-31 21:02:00
3983,744,9,4,7196.00,COMPLETED,2026-02-22 18:47:00
3984,207,7,1,4999.00,COMPLETED,2026-01-17 18:58:00
3985,864,11,1,899.00,COMPLETED,2026-03-03 08:27:00
3986,152,7,3,14997.00,COMPLETED,2026-04-02 13:19:00
3987,827,4,1,999.00,COMPLETED,2026-02-15 11:50:00
3988,834,20,2,1998.00,REFUNDED,2026-08-22 19:16:00
3989,238,7,1,4999.00,COMPLETED,2026-05-30 14:05:00
3990,251,8,1,5999.00,COMPLETED,2026-01-21 18:31:00
3991,335,3,2,5998.00,COMPLETED,2026-07-10 15:21:00
3992,251,9,1,1799.00,COMPLETED,2026-03-03 11:14:00
3993,68,17,1,2099.00,COMPLETED,2026-03-17 13:09:00
3994,129,8,1,5999.00,COMPLETED,2026-08-25 20:46:00
3995,650,13,4,21996.00,COMPLETED,2026-06-06 11:00:00
3996,606,5,1,2499.00,PENDING,2026-06-16 21:31:00
3997,102,11,1,899.00,COMPLETED,2026-08-29 10:34:00
3998,461,6,1,3499.00,COMPLETED,2026-04-12 18:32:00
3999,919,10,1,1299.00,COMPLETED,2026-02-11 11:38:00
4000,371,13,2,10998.00,COMPLETED,2026-05-26 13:04:00
4001,362,15,2,3198.00,COMPLETED,2026-08-03 08:52:00
4002,922,6,1,3499.00,COMPLETED,2026-08-27 11:56:00
4003,703,6,1,3499.00,COMPLETED,2026-01-07 13:51:00
4004,213,18,1,2599.00,COMPLETED,2026-07-02 12:42:00
4005,585,6,1,3499.00,COMPLETED,2026-08-13 11:48:00
4006,920,4,2,1998.00,CANCELLED,2026-02-04 10:31:00
4007,165,16,1,1999.00,PENDING,2026-01-16 11:36:00
4008,544,8,2,11998.00,COMPLETED,2026-03-26 14:11:00
4009,854,6,2,6998.00,COMPLETED,2026-03-18 15:15:00
4010,605,9,1,1799.00,COMPLETED,2026-01-04 11:06:00
4011,564,17,1,2099.00,COMPLETED,2026-03-01 11:34:00
4012,261,5,1,2499.00,CANCELLED,2026-05-25 13:59:00
4013,810,10,2,2598.00,CANCELLED,2026-04-17 12:47:00
4014,611,12,2,8998.00,COMPLETED,2026-04-22 08:10:00
4015,967,12,3,13497.00,COMPLETED,2026-03-05 19:20:00
4016,421,2,1,1999.00,COMPLETED,2026-07-29 14:59:00
4017,644,16,2,3998.00,CANCELLED,2026-08-15 11:20:00
4018,442,11,1,899.00,COMPLETED,2026-07-27 11:50:00
4019,972,6,1,3499.00,PENDING,2026-08-10 14:48:00
4020,107,20,2,1998.00,COMPLETED,2026-07-21 19:28:00
4021,333,13,1,5499.00,COMPLETED,2026-02-09 19:02:00
4022,382,6,1,3499.00,COMPLETED,2026-01-24 20:41:00
4023,135,17,1,2099.00,COMPLETED,2026-02-25 20:35:00
4024,670,20,3,2997.00,COMPLETED,2026-05-20 14:20:00
4025,967,17,1,2099.00,REFUNDED,2026-08-03 13:31:00
4026,106,15,1,1599.00,COMPLETED,2026-02-14 21:35:00
4027,160,16,1,1999.00,COMPLETED,2026-02-18 17:21:00
4028,337,5,1,2499.00,CANCELLED,2026-04-24 15:31:00
4029,681,17,1,2099.00,COMPLETED,2026-02-08 12:24:00
4030,640,19,1,1399.00,COMPLETED,2026-04-30 17:33:00
4031,37,17,2,4198.00,COMPLETED,2026-08-20 15:07:00
4032,713,11,1,899.00,COMPLETED,2026-04-18 08:05:00
4033,274,1,1,1499.00,COMPLETED,2026-02-15 08:34:00
4034,147,18,1,2599.00,COMPLETED,2026-06-06 19:03:00
4035,310,10,1,1299.00,COMPLETED,2026-02-21 11:15:00
4036,38,3,1,2999.00,COMPLETED,2026-06-23 14:35:00
4037,955,8,3,17997.00,COMPLETED,2026-04-15 13:21:00
4038,149,10,2,2598.00,COMPLETED,2026-07-09 09:39:00
4039,833,17,1,2099.00,COMPLETED,2026-05-02 10:35:00
4040,201,10,2,2598.00,COMPLETED,2026-07-25 14:14:00
4041,527,18,1,2599.00,REFUNDED,2026-08-30 09:54:00
4042,209,9,1,1799.00,COMPLETED,2026-06-22 14:08:00
4043,788,20,1,999.00,CANCELLED,2026-08-18 10:16:00
4044,136,1,1,1499.00,REFUNDED,2026-04-27 18:15:00
4045,81,4,2,1998.00,COMPLETED,2026-02-16 16:02:00
4046,842,8,2,11998.00,PENDING,2026-06-16 14:25:00
4047,867,8,2,11998.00,COMPLETED,2026-04-12 20:58:00
4048,147,13,1,5499.00,COMPLETED,2026-05-26 12:34:00
4049,524,9,1,1799.00,COMPLETED,2026-02-21 21:33:00
4050,286,16,2,3998.00,COMPLETED,2026-06-27 20:52:00
4051,902,1,4,5996.00,COMPLETED,2026-08-02 19:06:00
4052,193,10,1,1299.00,COMPLETED,2026-04-04 15:19:00
4053,676,1,1,1499.00,COMPLETED,2026-06-29 08:45:00
4054,397,19,1,1399.00,COMPLETED,2026-07-13 13:56:00
4055,483,2,1,1999.00,COMPLETED,2026-08-15 15:56:00
4056,687,15,2,3198.00,COMPLETED,2026-01-21 11:35:00
4057,224,12,1,4499.00,COMPLETED,2026-06-09 18:19:00
4058,570,1,1,1499.00,COMPLETED,2026-08-21 17:12:00
4059,495,20,2,1998.00,COMPLETED,2026-07-07 10:44:00
4060,918,18,3,7797.00,COMPLETED,2026-08-29 16:01:00
4061,798,13,4,21996.00,COMPLETED,2026-05-28 16:51:00
4062,713,2,1,1999.00,REFUNDED,2026-08-08 10:25:00
4063,278,10,1,1299.00,COMPLETED,2026-03-25 21:59:00
4064,850,11,3,2697.00,COMPLETED,2026-03-13 11:36:00
4065,897,14,1,1199.00,COMPLETED,2026-02-15 09:54:00
4066,970,15,3,4797.00,COMPLETED,2026-03-06 09:51:00
4067,377,11,4,3596.00,COMPLETED,2026-04-18 21:34:00
4068,343,15,1,1599.00,COMPLETED,2026-06-03 09:12:00
4069,541,9,1,1799.00,COMPLETED,2026-04-10 17:18:00
4070,861,5,1,2499.00,COMPLETED,2026-08-02 14:43:00
4071,717,15,1,1599.00,COMPLETED,2026-06-03 20:51:00
4072,205,6,1,3499.00,COMPLETED,2026-04-23 08:11:00
4073,65,14,1,1199.00,COMPLETED,2026-04-26 16:18:00
4074,152,16,2,3998.00,PENDING,2026-03-05 16:59:00
4075,354,18,3,7797.00,COMPLETED,2026-06-10 17:04:00
4076,338,5,1,2499.00,COMPLETED,2026-03-31 21:43:00
4077,54,4,1,999.00,COMPLETED,2026-01-12 15:28:00
4078,681,9,2,3598.00,COMPLETED,2026-03-01 21:58:00
4079,560,10,1,1299.00,CANCELLED,2026-04-14 19:36:00
4080,293,13,1,5499.00,COMPLETED,2026-05-06 18:57:00
4081,763,7,1,4999.00,COMPLETED,2026-03-27 13:50:00
4082,598,14,1,1199.00,REFUNDED,2026-02-02 19:04:00
4083,105,20,2,1998.00,COMPLETED,2026-03-28 15:11:00
4084,334,18,1,2599.00,COMPLETED,2026-06-08 14:04:00
4085,174,10,2,2598.00,COMPLETED,2026-08-27 10:02:00
4086,747,5,1,2499.00,REFUNDED,2026-08-12 13:01:00
4087,905,5,1,2499.00,CANCELLED,2026-04-19 21:21:00
4088,703,13,4,21996.00,COMPLETED,2026-03-31 08:55:00
4089,370,20,3,2997.00,COMPLETED,2026-04-17 11:47:00
4090,842,6,2,6998.00,COMPLETED,2026-05-25 17:35:00
4091,135,9,2,3598.00,COMPLETED,2026-05-25 11:52:00
4092,261,15,1,1599.00,COMPLETED,2026-04-14 08:05:00
4093,724,9,1,1799.00,COMPLETED,2026-03-15 15:24:00
4094,581,9,1,1799.00,COMPLETED,2026-06-04 15:29:00
4095,32,1,3,4497.00,COMPLETED,2026-04-21 10:13:00
4096,954,20,1,999.00,COMPLETED,2026-04-02 11:39:00
4097,687,12,1,4499.00,COMPLETED,2026-05-27 20:48:00
4098,338,19,1,1399.00,COMPLETED,2026-07-01 12:13:00
4099,982,3,1,2999.00,COMPLETED,2026-08-12 20:10:00
4100,523,10,1,1299.00,COMPLETED,2026-03-24 21:40:00
4101,815,8,1,5999.00,COMPLETED,2026-07-28 12:17:00
4102,339,3,1,2999.00,CANCELLED,2026-08-16 15:05:00
4103,323,7,2,9998.00,COMPLETED,2026-06-05 18:44:00
4104,919,20,2,1998.00,COMPLETED,2026-03-20 18:45:00
4105,714,16,1,1999.00,COMPLETED,2026-04-21 20:53:00
4106,164,9,2,3598.00,COMPLETED,2026-03-19 14:03:00
4107,710,17,1,2099.00,COMPLETED,2026-05-06 14:53:00
4108,881,1,1,1499.00,COMPLETED,2026-01-14 11:45:00
4109,888,8,1,5999.00,COMPLETED,2026-05-02 12:11:00
4110,45,14,1,1199.00,PENDING,2026-07-06 17:08:00
4111,389,18,1,2599.00,PENDING,2026-06-18 11:59:00
4112,327,4,1,999.00,COMPLETED,2026-07-01 08:13:00
4113,826,17,3,6297.00,CANCELLED,2026-01-26 08:59:00
4114,664,18,1,2599.00,COMPLETED,2026-03-23 10:19:00
4115,471,5,2,4998.00,COMPLETED,2026-02-13 10:25:00
4116,498,16,1,1999.00,REFUNDED,2026-08-21 20:35:00
4117,673,20,1,999.00,COMPLETED,2026-05-18 21:23:00
4118,366,2,2,3998.00,COMPLETED,2026-01-18 18:24:00
4119,794,16,3,5997.00,COMPLETED,2026-06-14 20:00:00
4120,188,2,1,1999.00,COMPLETED,2026-02-02 15:18:00
4121,713,11,2,1798.00,PENDING,2026-07-10 14:47:00
4122,235,3,1,2999.00,COMPLETED,2026-08-27 15:25:00
4123,11,5,2,4998.00,COMPLETED,2026-04-05 10:43:00
4124,79,6,1,3499.00,COMPLETED,2026-06-23 09:17:00
4125,609,14,1,1199.00,COMPLETED,2026-07-15 09:41:00
4126,114,10,1,1299.00,COMPLETED,2026-04-01 17:45:00
4127,740,15,1,1599.00,COMPLETED,2026-03-05 09:36:00
4128,673,7,1,4999.00,COMPLETED,2026-02-19 20:09:00
4129,212,1,1,1499.00,COMPLETED,2026-08-20 17:47:00
4130,23,16,1,1999.00,COMPLETED,2026-06-15 19:54:00
4131,313,11,1,899.00,COMPLETED,2026-05-16 14:42:00
4132,625,8,1,5999.00,COMPLETED,2026-06-10 15:21:00
4133,62,17,3,6297.00,REFUNDED,2026-02-06 15:56:00
4134,663,8,1,5999.00,COMPLETED,2026-01-24 16:36:00
4135,490,6,1,3499.00,COMPLETED,2026-01-29 19:16:00
4136,317,5,1,2499.00,COMPLETED,2026-06-08 14:25:00
4137,937,1,1,1499.00,COMPLETED,2026-07-15 14:55:00
4138,302,8,2,11998.00,COMPLETED,2026-07-25 20:42:00
4139,192,19,1,1399.00,COMPLETED,2026-05-04 16:33:00
4140,423,10,2,2598.00,COMPLETED,2026-07-30 20:06:00
4141,602,1,1,1499.00,COMPLETED,2026-03-12 19:08:00
4142,596,2,1,1999.00,COMPLETED,2026-07-08 14:19:00
4143,920,16,1,1999.00,COMPLETED,2026-08-26 14:40:00
4144,224,12,1,4499.00,REFUNDED,2026-08-28 20:56:00
4145,855,18,1,2599.00,COMPLETED,2026-04-21 18:29:00
4146,757,5,1,2499.00,COMPLETED,2026-02-26 18:06:00
4147,719,2,1,1999.00,COMPLETED,2026-07-11 20:11:00
4148,370,17,1,2099.00,COMPLETED,2026-02-16 16:32:00
4149,392,13,1,5499.00,COMPLETED,2026-01-25 15:56:00
4150,282,4,1,999.00,COMPLETED,2026-03-11 19:26:00
4151,631,13,1,5499.00,COMPLETED,2026-03-29 09:21:00
4152,903,6,1,3499.00,COMPLETED,2026-05-12 15:24:00
4153,832,2,3,5997.00,COMPLETED,2026-04-08 21:09:00
4154,87,12,1,4499.00,COMPLETED,2026-03-31 18:49:00
4155,133,11,1,899.00,COMPLETED,2026-07-28 19:55:00
4156,881,20,2,1998.00,COMPLETED,2026-04-27 11:31:00
4157,8,13,1,5499.00,COMPLETED,2026-04-17 18:15:00
4158,234,10,2,2598.00,REFUNDED,2026-05-24 16:32:00
4159,546,16,2,3998.00,COMPLETED,2026-04-18 13:07:00
4160,52,14,1,1199.00,COMPLETED,2026-08-03 09:17:00
4161,293,2,1,1999.00,COMPLETED,2026-02-12 13:09:00
4162,100,18,1,2599.00,PENDING,2026-04-18 14:14:00
4163,432,20,1,999.00,COMPLETED,2026-05-13 13:20:00
4164,350,20,2,1998.00,COMPLETED,2026-03-05 10:46:00
4165,113,16,3,5997.00,COMPLETED,2026-04-27 13:19:00
4166,124,18,1,2599.00,COMPLETED,2026-01-05 12:19:00
4167,243,2,1,1999.00,COMPLETED,2026-07-30 13:29:00
4168,712,4,2,1998.00,PENDING,2026-01-11 21:36:00
4169,596,6,2,6998.00,CANCELLED,2026-04-24 21:02:00
4170,61,20,1,999.00,COMPLETED,2026-07-07 14:37:00
4171,977,8,1,5999.00,COMPLETED,2026-01-16 18:47:00
4172,998,5,1,2499.00,COMPLETED,2026-02-06 10:49:00
4173,705,1,1,1499.00,COMPLETED,2026-02-07 13:27:00
4174,707,4,2,1998.00,COMPLETED,2026-03-16 08:07:00
4175,674,15,2,3198.00,COMPLETED,2026-05-20 09:38:00
4176,264,15,1,1599.00,COMPLETED,2026-05-07 12:10:00
4177,559,1,1,1499.00,COMPLETED,2026-05-28 21:29:00
4178,813,8,1,5999.00,COMPLETED,2026-02-12 16:29:00
4179,183,14,1,1199.00,COMPLETED,2026-08-10 17:05:00
4180,650,14,1,1199.00,COMPLETED,2026-01-31 10:59:00
4181,53,3,4,11996.00,CANCELLED,2026-07-26 09:59:00
4182,68,20,1,999.00,COMPLETED,2026-08-01 08:00:00
4183,389,12,1,4499.00,COMPLETED,2026-06-05 09:33:00
4184,330,3,1,2999.00,COMPLETED,2026-06-08 16:15:00
4185,171,16,1,1999.00,COMPLETED,2026-03-31 12:02:00
4186,677,12,3,13497.00,COMPLETED,2026-02-27 19:36:00
4187,898,13,1,5499.00,COMPLETED,2026-01-26 19:30:00
4188,876,16,3,5997.00,COMPLETED,2026-04-09 10:55:00
4189,494,17,1,2099.00,COMPLETED,2026-08-23 15:45:00
4190,934,2,1,1999.00,COMPLETED,2026-05-12 20:49:00
4191,790,14,2,2398.00,PENDING,2026-04-20 17:58:00
4192,472,4,1,999.00,COMPLETED,2026-05-24 12:25:00
4193,57,13,1,5499.00,COMPLETED,2026-01-22 08:00:00
4194,417,1,1,1499.00,COMPLETED,2026-08-15 10:58:00
4195,979,3,1,2999.00,COMPLETED,2026-05-29 21:10:00
4196,885,16,1,1999.00,COMPLETED,2026-06-17 18:08:00
4197,883,13,2,10998.00,COMPLETED,2026-07-08 20:41:00
4198,196,20,1,999.00,COMPLETED,2026-07-12 10:41:00
4199,795,19,2,2798.00,COMPLETED,2026-02-10 12:06:00
4200,860,4,1,999.00,COMPLETED,2026-03-26 21:54:00
