payment_id,customer_id,subscription_id,amount,payment_status,payment_date,payment_method
1,1,1,9999.00,SUCCESS,2026-01-23 08:06:00,CARD
2,1,1,9999.00,SUCCESS,2026-02-18 14:13:00,WALLET
3,1,1,9999.00,SUCCESS,2026-03-12 11:04:00,UPI
4,1,1,9999.00,SUCCESS,2026-04-11 15:25:00,WALLET
5,1,1,9999.00,SUCCESS,2026-05-06 17:44:00,WALLET
6,1,1,9999.00,SUCCESS,2026-06-04 16:32:00,NET_BANKING
7,1,1,9999.00,SUCCESS,2026-07-09 18:47:00,CARD
8,1,1,9999.00,SUCCESS,2026-08-06 13:05:00,CARD
9,2,2,999.00,FAILED,2026-06-18 09:09:00,WALLET
10,2,2,999.00,SUCCESS,2026-07-08 12:45:00,WALLET
11,2,2,999.00,SUCCESS,2026-08-17 09:29:00,UPI
12,3,3,2499.00,SUCCESS,2026-03-19 19:07:00,WALLET
13,3,3,2499.00,SUCCESS,2026-04-20 16:58:00,WALLET
14,3,3,2499.00,SUCCESS,2026-05-13 10:31:00,NET_BANKING
15,3,3,2499.00,SUCCESS,2026-06-16 18:06:00,NET_BANKING
16,3,3,2499.00,SUCCESS,2026-07-13 11:25:00,NET_BANKING
17,3,3,2499.00,SUCCESS,2026-08-24 15:34:00,WALLET
18,4,4,2499.00,SUCCESS,2026-03-15 09:40:00,WALLET
19,4,4,2499.00,SUCCESS,2026-04-17 08:03:00,UPI
20,4,4,2499.00,SUCCESS,2026-05-25 11:21:00,WALLET
21,4,4,2499.00,SUCCESS,2026-06-18 12:45:00,WALLET
22,4,4,2499.00,SUCCESS,2026-07-01 11:55:00,WALLET
23,4,4,2499.00,SUCCESS,2026-08-06 11:00:00,CARD
24,5,5,999.00,SUCCESS,2026-04-09 13:18:00,WALLET
25,5,5,999.00,SUCCESS,2026-05-16 15:38:00,WALLET
26,5,5,999.00,SUCCESS,2026-06-08 12:15:00,NET_BANKING
27,6,6,2499.00,SUCCESS,2026-06-09 20:23:00,CARD
28,6,6,2499.00,SUCCESS,2026-07-10 13:37:00,CARD
29,6,6,2499.00,SUCCESS,2026-08-08 13:49:00,CARD
30,7,7,2499.00,SUCCESS,2026-01-05 13:03:00,UPI
31,7,7,2499.00,SUCCESS,2026-02-20 15:40:00,UPI
32,7,7,2499.00,SUCCESS,2026-03-04 18:49:00,WALLET
33,7,7,2499.00,SUCCESS,2026-04-20 08:45:00,NET_BANKING
34,7,7,2499.00,SUCCESS,2026-05-20 09:03:00,UPI
35,7,7,2499.00,SUCCESS,2026-06-13 08:03:00,CARD
36,7,7,2499.00,SUCCESS,2026-07-17 14:53:00,UPI
37,7,7,2499.00,SUCCESS,2026-08-09 09:59:00,WALLET
38,8,8,9999.00,PENDING,2026-01-22 09:34:00,CARD
39,8,8,9999.00,SUCCESS,2026-02-08 12:22:00,CARD
40,8,8,9999.00,PENDING,2026-03-03 20:04:00,WALLET
41,8,8,9999.00,SUCCESS,2026-04-09 17:22:00,NET_BANKING
42,8,8,9999.00,SUCCESS,2026-05-25 20:33:00,UPI
43,8,8,9999.00,SUCCESS,2026-06-21 13:25:00,CARD
44,8,8,9999.00,SUCCESS,2026-07-17 11:04:00,UPI
45,8,8,9999.00,SUCCESS,2026-08-24 15:03:00,CARD
46,9,9,2499.00,SUCCESS,2026-04-22 20:11:00,WALLET
47,9,9,2499.00,SUCCESS,2026-05-18 16:16:00,NET_BANKING
48,9,9,2499.00,SUCCESS,2026-06-17 10:18:00,WALLET
49,9,9,2499.00,SUCCESS,2026-07-12 08:10:00,UPI
50,9,9,2499.00,SUCCESS,2026-08-06 16:44:00,CARD
51,10,10,999.00,FAILED,2026-02-23 17:23:00,WALLET
52,10,10,999.00,FAILED,2026-03-25 12:33:00,NET_BANKING
53,10,10,999.00,SUCCESS,2026-04-05 09:48:00,CARD
54,11,11,2499.00,SUCCESS,2026-05-06 19:34:00,CARD
55,11,11,2499.00,SUCCESS,2026-06-18 20:40:00,UPI
56,11,11,2499.00,SUCCESS,2026-07-22 18:21:00,UPI
57,11,11,2499.00,SUCCESS,2026-08-14 09:39:00,WALLET
58,12,12,2499.00,SUCCESS,2026-07-23 17:57:00,CARD
59,12,12,2499.00,SUCCESS,2026-08-03 15:34:00,CARD
60,13,13,999.00,SUCCESS,2026-01-06 14:32:00,UPI
61,13,13,999.00,SUCCESS,2026-02-10 15:33:00,NET_BANKING
62,13,13,999.00,SUCCESS,2026-03-24 13:32:00,NET_BANKING
63,13,13,999.00,SUCCESS,2026-04-06 08:11:00,CARD
64,13,13,999.00,SUCCESS,2026-05-03 11:03:00,CARD
65,13,13,999.00,SUCCESS,2026-06-25 13:05:00,NET_BANKING
66,13,13,999.00,SUCCESS,2026-07-01 19:35:00,CARD
67,13,13,999.00,FAILED,2026-08-06 18:00:00,CARD
68,14,14,999.00,SUCCESS,2026-05-21 09:42:00,CARD
69,14,14,999.00,SUCCESS,2026-06-04 09:47:00,WALLET
70,14,14,999.00,SUCCESS,2026-07-09 08:56:00,NET_BANKING
71,14,14,999.00,SUCCESS,2026-08-23 09:24:00,WALLET
72,15,15,2499.00,SUCCESS,2026-02-23 11:26:00,CARD
73,15,15,2499.00,SUCCESS,2026-03-18 13:08:00,CARD
74,15,15,2499.00,SUCCESS,2026-04-18 09:00:00,NET_BANKING
75,15,15,2499.00,SUCCESS,2026-05-05 17:02:00,UPI
76,15,15,2499.00,SUCCESS,2026-06-07 15:39:00,UPI
77,15,15,2499.00,SUCCESS,2026-07-08 15:22:00,UPI
78,15,15,2499.00,SUCCESS,2026-08-06 10:47:00,CARD
79,16,16,2499.00,FAILED,2026-01-17 16:14:00,CARD
80,16,16,2499.00,SUCCESS,2026-02-09 16:01:00,WALLET
81,16,16,2499.00,SUCCESS,2026-03-25 08:29:00,CARD
82,16,16,2499.00,SUCCESS,2026-04-04 15:05:00,WALLET
83,16,16,2499.00,SUCCESS,2026-05-15 17:36:00,UPI
84,16,16,2499.00,SUCCESS,2026-06-15 17:19:00,WALLET
85,16,16,2499.00,SUCCESS,2026-07-12 09:23:00,NET_BANKING
86,16,16,2499.00,SUCCESS,2026-08-06 14:13:00,WALLET
87,17,17,2499.00,SUCCESS,2026-01-17 17:45:00,NET_BANKING
88,17,17,2499.00,SUCCESS,2026-02-18 18:50:00,WALLET
89,17,17,2499.00,SUCCESS,2026-03-25 09:41:00,NET_BANKING
90,17,17,2499.00,SUCCESS,2026-04-10 08:15:00,NET_BANKING
91,17,17,2499.00,SUCCESS,2026-05-14 17:08:00,WALLET
92,17,17,2499.00,SUCCESS,2026-06-15 11:29:00,WALLET
93,17,17,2499.00,SUCCESS,2026-07-07 13:36:00,NET_BANKING
94,17,17,2499.00,SUCCESS,2026-08-22 08:12:00,NET_BANKING
95,18,18,999.00,SUCCESS,2026-01-11 13:24:00,NET_BANKING
96,18,18,999.00,SUCCESS,2026-02-05 17:40:00,UPI
97,18,18,999.00,SUCCESS,2026-03-19 08:20:00,CARD
98,18,18,999.00,SUCCESS,2026-04-03 17:21:00,NET_BANKING
99,18,18,999.00,SUCCESS,2026-05-08 10:10:00,WALLET
100,18,18,999.00,SUCCESS,2026-06-13 08:28:00,CARD
101,18,18,999.00,SUCCESS,2026-07-01 16:53:00,WALLET
102,18,18,999.00,SUCCESS,2026-08-23 14:16:00,CARD
103,19,19,999.00,SUCCESS,2026-01-20 09:23:00,NET_BANKING
104,19,19,999.00,PENDING,2026-02-12 19:01:00,WALLET
105,19,19,999.00,SUCCESS,2026-03-18 19:00:00,WALLET
106,19,19,999.00,SUCCESS,2026-04-25 14:10:00,CARD
107,19,19,999.00,SUCCESS,2026-05-10 16:33:00,UPI
108,19,19,999.00,SUCCESS,2026-06-13 20:51:00,CARD
109,19,19,999.00,SUCCESS,2026-07-07 19:58:00,CARD
110,19,19,999.00,SUCCESS,2026-08-24 19:13:00,WALLET
111,20,20,999.00,SUCCESS,2026-07-01 08:32:00,NET_BANKING
112,20,20,999.00,FAILED,2026-08-05 10:52:00,CARD
113,21,21,2499.00,SUCCESS,2026-04-06 20:59:00,UPI
114,21,21,2499.00,SUCCESS,2026-05-05 09:24:00,UPI
115,21,21,2499.00,SUCCESS,2026-06-09 16:18:00,CARD
116,21,21,2499.00,SUCCESS,2026-07-18 15:26:00,WALLET
117,21,21,2499.00,SUCCESS,2026-08-24 16:32:00,WALLET
118,22,22,2499.00,SUCCESS,2026-05-07 17:36:00,NET_BANKING
119,22,22,2499.00,SUCCESS,2026-06-06 10:53:00,UPI
120,22,22,2499.00,SUCCESS,2026-07-18 20:15:00,UPI
121,22,22,2499.00,SUCCESS,2026-08-25 19:52:00,WALLET
122,23,23,999.00,SUCCESS,2026-01-20 10:09:00,CARD
123,23,23,999.00,SUCCESS,2026-02-16 13:08:00,UPI
124,23,23,999.00,SUCCESS,2026-03-18 17:04:00,WALLET
125,23,23,999.00,SUCCESS,2026-04-08 11:07:00,NET_BANKING
126,23,23,999.00,SUCCESS,2026-05-21 20:51:00,WALLET
127,23,23,999.00,SUCCESS,2026-06-07 15:58:00,CARD
128,23,23,999.00,SUCCESS,2026-07-22 14:10:00,UPI
129,23,23,999.00,SUCCESS,2026-08-15 19:44:00,NET_BANKING
130,24,24,2499.00,SUCCESS,2026-01-18 10:56:00,CARD
131,24,24,2499.00,FAILED,2026-02-02 10:55:00,WALLET
132,24,24,2499.00,FAILED,2026-03-03 11:53:00,UPI
133,24,24,2499.00,SUCCESS,2026-04-18 16:58:00,UPI
134,24,24,2499.00,SUCCESS,2026-05-03 17:48:00,NET_BANKING
135,24,24,2499.00,SUCCESS,2026-06-15 13:55:00,NET_BANKING
136,24,24,2499.00,SUCCESS,2026-07-20 08:09:00,WALLET
137,24,24,2499.00,SUCCESS,2026-08-24 12:44:00,UPI
138,25,25,2499.00,SUCCESS,2026-06-10 17:52:00,CARD
139,25,25,2499.00,SUCCESS,2026-07-06 14:17:00,CARD
140,25,25,2499.00,SUCCESS,2026-08-14 10:52:00,CARD
141,26,26,2499.00,SUCCESS,2026-01-16 13:15:00,CARD
142,26,26,2499.00,SUCCESS,2026-02-19 13:42:00,UPI
143,26,26,2499.00,SUCCESS,2026-03-18 18:04:00,CARD
144,26,26,2499.00,SUCCESS,2026-04-18 10:16:00,UPI
145,26,26,2499.00,SUCCESS,2026-05-09 19:59:00,WALLET
146,26,26,2499.00,SUCCESS,2026-06-21 16:11:00,WALLET
147,26,26,2499.00,SUCCESS,2026-07-25 20:15:00,UPI
148,26,26,2499.00,SUCCESS,2026-08-13 09:33:00,WALLET
149,27,27,999.00,SUCCESS,2026-01-12 08:37:00,UPI
150,27,27,999.00,SUCCESS,2026-02-12 17:25:00,CARD
151,27,27,999.00,SUCCESS,2026-03-11 11:05:00,NET_BANKING
152,27,27,999.00,SUCCESS,2026-04-15 12:45:00,NET_BANKING
153,27,27,999.00,SUCCESS,2026-05-20 13:36:00,NET_BANKING
154,27,27,999.00,SUCCESS,2026-06-02 13:09:00,UPI
155,27,27,999.00,SUCCESS,2026-07-02 12:04:00,UPI
156,27,27,999.00,FAILED,2026-08-15 11:10:00,UPI
157,28,28,2499.00,SUCCESS,2026-01-25 09:57:00,CARD
158,28,28,2499.00,SUCCESS,2026-02-10 15:26:00,UPI
159,28,28,2499.00,SUCCESS,2026-03-08 19:13:00,WALLET
160,28,28,2499.00,SUCCESS,2026-04-03 20:50:00,CARD
161,28,28,2499.00,SUCCESS,2026-05-21 19:13:00,WALLET
162,28,28,2499.00,SUCCESS,2026-06-08 16:26:00,UPI
163,28,28,2499.00,SUCCESS,2026-07-08 13:06:00,CARD
164,28,28,2499.00,SUCCESS,2026-08-24 14:32:00,UPI
165,29,29,999.00,SUCCESS,2026-01-01 16:20:00,WALLET
166,29,29,999.00,SUCCESS,2026-02-13 10:25:00,UPI
167,29,29,999.00,SUCCESS,2026-03-09 16:58:00,WALLET
168,29,29,999.00,SUCCESS,2026-04-23 10:01:00,UPI
169,30,30,999.00,SUCCESS,2026-01-24 13:37:00,CARD
170,30,30,999.00,SUCCESS,2026-02-15 19:23:00,NET_BANKING
171,30,30,999.00,SUCCESS,2026-03-14 20:19:00,UPI
172,30,30,999.00,SUCCESS,2026-04-24 08:10:00,WALLET
173,30,30,999.00,SUCCESS,2026-05-10 08:28:00,CARD
174,30,30,999.00,SUCCESS,2026-06-25 13:39:00,UPI
175,30,30,999.00,SUCCESS,2026-07-18 10:03:00,UPI
176,30,30,999.00,FAILED,2026-08-12 19:59:00,NET_BANKING
177,31,31,2499.00,SUCCESS,2026-01-24 20:05:00,UPI
178,31,31,2499.00,SUCCESS,2026-02-03 16:17:00,NET_BANKING
179,31,31,2499.00,SUCCESS,2026-03-11 17:40:00,NET_BANKING
180,31,31,2499.00,SUCCESS,2026-04-15 18:55:00,UPI
181,31,31,2499.00,SUCCESS,2026-05-13 17:33:00,NET_BANKING
182,31,31,2499.00,SUCCESS,2026-06-07 11:38:00,CARD
183,31,31,2499.00,SUCCESS,2026-07-21 12:35:00,CARD
184,31,31,2499.00,FAILED,2026-08-09 19:11:00,NET_BANKING
185,32,32,2499.00,SUCCESS,2026-06-22 10:56:00,WALLET
186,32,32,2499.00,SUCCESS,2026-07-12 16:39:00,UPI
187,32,32,2499.00,SUCCESS,2026-08-21 10:29:00,CARD
188,33,33,9999.00,SUCCESS,2026-07-03 20:52:00,CARD
189,33,33,9999.00,SUCCESS,2026-08-23 12:33:00,WALLET
190,34,34,2499.00,SUCCESS,2026-01-02 09:30:00,CARD
191,34,34,2499.00,SUCCESS,2026-02-12 12:22:00,CARD
192,34,34,2499.00,SUCCESS,2026-03-20 16:44:00,UPI
193,35,35,999.00,SUCCESS,2026-01-05 16:35:00,WALLET
194,35,35,999.00,SUCCESS,2026-02-10 12:46:00,WALLET
195,35,35,999.00,SUCCESS,2026-03-02 09:58:00,CARD
196,35,35,999.00,SUCCESS,2026-04-11 11:42:00,NET_BANKING
197,35,35,999.00,SUCCESS,2026-05-16 11:57:00,NET_BANKING
198,35,35,999.00,FAILED,2026-06-02 15:32:00,WALLET
199,35,35,999.00,SUCCESS,2026-07-11 08:37:00,NET_BANKING
200,35,35,999.00,SUCCESS,2026-08-11 18:45:00,NET_BANKING
201,36,36,999.00,SUCCESS,2026-02-19 18:05:00,CARD
202,36,36,999.00,SUCCESS,2026-03-17 08:44:00,NET_BANKING
203,36,36,999.00,SUCCESS,2026-04-09 18:53:00,WALLET
204,36,36,999.00,SUCCESS,2026-05-22 15:57:00,WALLET
205,36,36,999.00,SUCCESS,2026-06-25 15:12:00,UPI
206,36,36,999.00,SUCCESS,2026-07-16 13:39:00,CARD
207,36,36,999.00,SUCCESS,2026-08-24 09:20:00,UPI
208,37,37,999.00,SUCCESS,2026-01-12 12:13:00,CARD
209,37,37,999.00,SUCCESS,2026-02-02 20:12:00,CARD
210,37,37,999.00,SUCCESS,2026-03-18 12:36:00,NET_BANKING
211,37,37,999.00,SUCCESS,2026-04-08 16:29:00,WALLET
212,37,37,999.00,FAILED,2026-05-11 18:50:00,WALLET
213,37,37,999.00,SUCCESS,2026-06-14 12:12:00,UPI
214,37,37,999.00,SUCCESS,2026-07-19 13:12:00,NET_BANKING
215,37,37,999.00,SUCCESS,2026-08-17 10:14:00,CARD
216,38,38,2499.00,SUCCESS,2026-07-13 18:01:00,UPI
217,38,38,2499.00,SUCCESS,2026-08-10 10:33:00,CARD
218,39,39,999.00,SUCCESS,2026-03-21 18:05:00,UPI
219,39,39,999.00,SUCCESS,2026-04-03 15:33:00,UPI
220,41,41,999.00,SUCCESS,2026-05-10 19:30:00,CARD
221,41,41,999.00,SUCCESS,2026-06-22 14:52:00,CARD
222,41,41,999.00,SUCCESS,2026-07-19 13:54:00,NET_BANKING
223,41,41,999.00,SUCCESS,2026-08-09 09:18:00,CARD
224,42,42,2499.00,SUCCESS,2026-06-11 16:03:00,NET_BANKING
225,42,42,2499.00,SUCCESS,2026-07-07 16:47:00,WALLET
226,42,42,2499.00,SUCCESS,2026-08-02 12:54:00,UPI
227,43,43,2499.00,SUCCESS,2026-01-24 19:02:00,NET_BANKING
228,43,43,2499.00,SUCCESS,2026-02-19 18:47:00,CARD
229,43,43,2499.00,PENDING,2026-03-11 19:28:00,NET_BANKING
230,43,43,2499.00,SUCCESS,2026-04-12 13:55:00,UPI
231,43,43,2499.00,SUCCESS,2026-05-22 18:23:00,CARD
232,43,43,2499.00,SUCCESS,2026-06-25 11:15:00,CARD
233,43,43,2499.00,FAILED,2026-07-18 08:06:00,WALLET
234,43,43,2499.00,SUCCESS,2026-08-14 18:13:00,UPI
235,44,44,9999.00,SUCCESS,2026-01-02 20:57:00,UPI
236,44,44,9999.00,SUCCESS,2026-02-18 20:49:00,NET_BANKING
237,44,44,9999.00,SUCCESS,2026-03-19 20:52:00,NET_BANKING
238,44,44,9999.00,SUCCESS,2026-04-16 14:23:00,CARD
239,44,44,9999.00,SUCCESS,2026-05-23 12:37:00,NET_BANKING
240,44,44,9999.00,SUCCESS,2026-06-08 18:48:00,CARD
241,44,44,9999.00,SUCCESS,2026-07-11 16:01:00,NET_BANKING
242,44,44,9999.00,SUCCESS,2026-08-07 15:44:00,WALLET
243,45,45,9999.00,SUCCESS,2026-03-16 11:33:00,NET_BANKING
244,45,45,9999.00,SUCCESS,2026-04-14 16:21:00,NET_BANKING
245,45,45,9999.00,SUCCESS,2026-05-08 14:23:00,WALLET
246,45,45,9999.00,SUCCESS,2026-06-13 18:03:00,NET_BANKING
247,45,45,9999.00,SUCCESS,2026-07-09 15:44:00,UPI
248,45,45,9999.00,SUCCESS,2026-08-12 15:33:00,NET_BANKING
249,46,46,999.00,SUCCESS,2026-07-18 17:32:00,UPI
250,46,46,999.00,PENDING,2026-08-21 19:21:00,UPI
251,47,47,999.00,SUCCESS,2026-01-12 14:18:00,NET_BANKING
252,47,47,999.00,SUCCESS,2026-02-12 15:32:00,NET_BANKING
253,47,47,999.00,FAILED,2026-03-10 19:24:00,NET_BANKING
254,47,47,999.00,PENDING,2026-04-07 18:09:00,CARD
255,47,47,999.00,FAILED,2026-05-14 19:27:00,CARD
256,47,47,999.00,SUCCESS,2026-06-14 15:16:00,UPI
257,47,47,999.00,SUCCESS,2026-07-24 20:33:00,NET_BANKING
258,47,47,999.00,SUCCESS,2026-08-12 17:03:00,CARD
259,48,48,999.00,SUCCESS,2026-01-06 12:53:00,WALLET
260,48,48,999.00,SUCCESS,2026-02-24 13:49:00,CARD
261,48,48,999.00,SUCCESS,2026-03-22 14:43:00,UPI
262,48,48,999.00,FAILED,2026-04-02 13:03:00,WALLET
263,48,48,999.00,SUCCESS,2026-05-23 17:09:00,UPI
264,48,48,999.00,SUCCESS,2026-06-24 08:48:00,WALLET
265,48,48,999.00,SUCCESS,2026-07-21 10:14:00,UPI
266,48,48,999.00,SUCCESS,2026-08-01 11:26:00,NET_BANKING
267,49,49,2499.00,SUCCESS,2026-05-11 12:58:00,NET_BANKING
268,49,49,2499.00,SUCCESS,2026-06-15 09:13:00,WALLET
269,49,49,2499.00,FAILED,2026-07-15 17:16:00,NET_BANKING
270,49,49,2499.00,FAILED,2026-08-15 12:23:00,NET_BANKING
271,50,50,999.00,PENDING,2026-01-09 15:13:00,CARD
272,50,50,999.00,SUCCESS,2026-02-13 10:15:00,NET_BANKING
273,50,50,999.00,SUCCESS,2026-03-02 09:00:00,UPI
274,50,50,999.00,SUCCESS,2026-04-14 20:14:00,WALLET
275,50,50,999.00,SUCCESS,2026-05-02 09:56:00,WALLET
276,50,50,999.00,SUCCESS,2026-06-12 17:52:00,UPI
277,50,50,999.00,SUCCESS,2026-07-16 15:07:00,NET_BANKING
278,50,50,999.00,SUCCESS,2026-08-10 15:43:00,NET_BANKING
279,51,51,2499.00,SUCCESS,2026-04-22 11:44:00,CARD
280,51,51,2499.00,SUCCESS,2026-05-19 11:08:00,NET_BANKING
281,51,51,2499.00,SUCCESS,2026-06-13 17:49:00,CARD
282,51,51,2499.00,SUCCESS,2026-07-16 20:48:00,WALLET
283,51,51,2499.00,PENDING,2026-08-12 16:04:00,CARD
284,52,52,999.00,SUCCESS,2026-05-19 19:25:00,UPI
285,52,52,999.00,SUCCESS,2026-06-25 11:45:00,NET_BANKING
286,52,52,999.00,SUCCESS,2026-07-22 19:16:00,WALLET
287,52,52,999.00,FAILED,2026-08-17 09:53:00,WALLET
288,53,53,9999.00,SUCCESS,2026-01-20 10:59:00,CARD
289,53,53,9999.00,SUCCESS,2026-02-18 09:17:00,NET_BANKING
290,53,53,9999.00,SUCCESS,2026-03-25 08:44:00,CARD
291,53,53,9999.00,SUCCESS,2026-04-14 08:05:00,WALLET
292,53,53,9999.00,SUCCESS,2026-05-03 13:31:00,CARD
293,53,53,9999.00,SUCCESS,2026-06-17 14:28:00,UPI
294,53,53,9999.00,SUCCESS,2026-07-17 18:26:00,CARD
295,53,53,9999.00,FAILED,2026-08-04 18:03:00,NET_BANKING
296,54,54,2499.00,SUCCESS,2026-07-03 14:52:00,UPI
297,54,54,2499.00,SUCCESS,2026-08-18 10:11:00,WALLET
298,55,55,999.00,SUCCESS,2026-01-04 18:40:00,UPI
299,55,55,999.00,SUCCESS,2026-02-01 17:23:00,NET_BANKING
300,55,55,999.00,SUCCESS,2026-03-01 17:39:00,WALLET
301,55,55,999.00,SUCCESS,2026-04-06 08:01:00,NET_BANKING
302,55,55,999.00,SUCCESS,2026-05-23 19:50:00,WALLET
303,55,55,999.00,SUCCESS,2026-06-02 15:50:00,CARD
304,55,55,999.00,SUCCESS,2026-07-22 15:04:00,NET_BANKING
305,55,55,999.00,SUCCESS,2026-08-07 14:48:00,WALLET
306,56,56,999.00,SUCCESS,2026-01-17 19:53:00,NET_BANKING
307,56,56,999.00,SUCCESS,2026-02-21 15:26:00,WALLET
308,56,56,999.00,SUCCESS,2026-03-01 14:51:00,CARD
309,56,56,999.00,SUCCESS,2026-04-15 13:53:00,WALLET
310,56,56,999.00,SUCCESS,2026-05-02 08:13:00,NET_BANKING
311,56,56,999.00,SUCCESS,2026-06-09 20:09:00,NET_BANKING
312,56,56,999.00,SUCCESS,2026-07-09 17:13:00,NET_BANKING
313,56,56,999.00,SUCCESS,2026-08-01 13:31:00,CARD
314,57,57,2499.00,SUCCESS,2026-01-02 20:26:00,UPI
315,57,57,2499.00,SUCCESS,2026-02-02 13:34:00,WALLET
316,57,57,2499.00,SUCCESS,2026-03-09 11:15:00,WALLET
317,57,57,2499.00,SUCCESS,2026-04-17 17:30:00,NET_BANKING
318,57,57,2499.00,SUCCESS,2026-05-04 10:12:00,UPI
319,57,57,2499.00,SUCCESS,2026-06-15 09:05:00,NET_BANKING
320,57,57,2499.00,SUCCESS,2026-07-08 08:35:00,NET_BANKING
321,57,57,2499.00,SUCCESS,2026-08-07 16:31:00,UPI
322,58,58,999.00,SUCCESS,2026-04-25 19:32:00,WALLET
323,58,58,999.00,SUCCESS,2026-05-03 20:39:00,NET_BANKING
324,58,58,999.00,SUCCESS,2026-06-07 11:27:00,NET_BANKING
325,58,58,999.00,SUCCESS,2026-07-16 17:12:00,WALLET
326,58,58,999.00,SUCCESS,2026-08-03 16:31:00,CARD
327,59,59,2499.00,SUCCESS,2026-05-11 16:11:00,CARD
328,59,59,2499.00,SUCCESS,2026-06-13 16:03:00,UPI
329,59,59,2499.00,SUCCESS,2026-07-24 15:13:00,UPI
330,60,60,999.00,SUCCESS,2026-01-17 20:28:00,NET_BANKING
331,60,60,999.00,SUCCESS,2026-02-06 20:05:00,NET_BANKING
332,60,60,999.00,SUCCESS,2026-03-01 20:54:00,NET_BANKING
333,60,60,999.00,SUCCESS,2026-04-21 10:30:00,UPI
334,60,60,999.00,SUCCESS,2026-05-24 14:31:00,CARD
335,60,60,999.00,SUCCESS,2026-06-22 18:31:00,UPI
336,60,60,999.00,SUCCESS,2026-07-04 09:28:00,UPI
337,60,60,999.00,SUCCESS,2026-08-24 09:13:00,WALLET
338,61,61,999.00,SUCCESS,2026-01-04 15:14:00,CARD
339,61,61,999.00,SUCCESS,2026-02-06 09:08:00,NET_BANKING
340,61,61,999.00,SUCCESS,2026-03-02 16:14:00,CARD
341,61,61,999.00,SUCCESS,2026-04-08 08:14:00,UPI
342,61,61,999.00,SUCCESS,2026-05-21 20:08:00,WALLET
343,61,61,999.00,SUCCESS,2026-06-08 12:34:00,CARD
344,61,61,999.00,SUCCESS,2026-07-01 08:03:00,NET_BANKING
345,62,62,999.00,SUCCESS,2026-01-18 15:30:00,WALLET
346,62,62,999.00,SUCCESS,2026-02-02 14:18:00,NET_BANKING
347,62,62,999.00,SUCCESS,2026-03-04 16:29:00,WALLET
348,62,62,999.00,SUCCESS,2026-04-19 19:24:00,WALLET
349,62,62,999.00,SUCCESS,2026-05-03 15:48:00,WALLET
350,62,62,999.00,SUCCESS,2026-06-12 12:01:00,NET_BANKING
351,63,63,2499.00,SUCCESS,2026-01-18 15:05:00,NET_BANKING
352,63,63,2499.00,SUCCESS,2026-02-18 19:04:00,CARD
353,63,63,2499.00,SUCCESS,2026-03-06 14:47:00,UPI
354,63,63,2499.00,SUCCESS,2026-04-25 20:18:00,CARD
355,63,63,2499.00,SUCCESS,2026-05-12 19:36:00,WALLET
356,63,63,2499.00,SUCCESS,2026-06-21 13:17:00,CARD
357,63,63,2499.00,SUCCESS,2026-07-20 11:25:00,NET_BANKING
358,63,63,2499.00,SUCCESS,2026-08-24 08:42:00,CARD
359,66,66,9999.00,SUCCESS,2026-06-06 13:24:00,CARD
360,66,66,9999.00,FAILED,2026-07-09 10:39:00,UPI
361,66,66,9999.00,SUCCESS,2026-08-22 11:36:00,UPI
362,67,67,2499.00,SUCCESS,2026-02-06 10:09:00,UPI
363,67,67,2499.00,SUCCESS,2026-03-19 15:57:00,NET_BANKING
364,67,67,2499.00,SUCCESS,2026-04-09 14:07:00,NET_BANKING
365,67,67,2499.00,SUCCESS,2026-05-20 20:11:00,CARD
366,67,67,2499.00,SUCCESS,2026-06-06 15:35:00,WALLET
367,67,67,2499.00,SUCCESS,2026-07-17 16:30:00,WALLET
368,67,67,2499.00,SUCCESS,2026-08-15 13:35:00,CARD
369,68,68,2499.00,SUCCESS,2026-01-18 10:47:00,CARD
370,68,68,2499.00,FAILED,2026-02-16 19:43:00,WALLET
371,68,68,2499.00,FAILED,2026-03-21 17:08:00,NET_BANKING
372,68,68,2499.00,SUCCESS,2026-04-11 11:53:00,UPI
373,68,68,2499.00,SUCCESS,2026-05-06 11:15:00,WALLET
374,68,68,2499.00,SUCCESS,2026-06-15 10:02:00,NET_BANKING
375,68,68,2499.00,SUCCESS,2026-07-18 14:17:00,CARD
376,68,68,2499.00,PENDING,2026-08-21 09:49:00,NET_BANKING
377,69,69,2499.00,SUCCESS,2026-01-05 15:03:00,UPI
378,69,69,2499.00,SUCCESS,2026-02-23 17:24:00,UPI
379,69,69,2499.00,SUCCESS,2026-03-20 19:49:00,CARD
380,69,69,2499.00,SUCCESS,2026-04-01 13:18:00,CARD
381,69,69,2499.00,FAILED,2026-05-25 08:08:00,CARD
382,69,69,2499.00,FAILED,2026-06-11 11:16:00,NET_BANKING
383,69,69,2499.00,SUCCESS,2026-07-07 12:20:00,WALLET
384,69,69,2499.00,SUCCESS,2026-08-04 17:31:00,CARD
385,70,70,2499.00,SUCCESS,2026-01-20 16:03:00,UPI
386,70,70,2499.00,SUCCESS,2026-02-15 09:57:00,CARD
387,70,70,2499.00,SUCCESS,2026-03-20 17:46:00,NET_BANKING
388,70,70,2499.00,SUCCESS,2026-04-03 08:17:00,UPI
389,70,70,2499.00,SUCCESS,2026-05-19 10:42:00,WALLET
390,70,70,2499.00,SUCCESS,2026-06-23 12:04:00,UPI
391,70,70,2499.00,SUCCESS,2026-07-09 20:14:00,NET_BANKING
392,70,70,2499.00,FAILED,2026-08-03 20:30:00,UPI
393,71,71,2499.00,SUCCESS,2026-01-07 18:10:00,UPI
394,71,71,2499.00,SUCCESS,2026-02-03 20:05:00,WALLET
395,71,71,2499.00,SUCCESS,2026-03-07 13:09:00,WALLET
396,71,71,2499.00,SUCCESS,2026-04-02 08:37:00,CARD
397,71,71,2499.00,SUCCESS,2026-05-20 12:34:00,NET_BANKING
398,71,71,2499.00,SUCCESS,2026-06-04 14:33:00,NET_BANKING
399,71,71,2499.00,SUCCESS,2026-07-12 17:21:00,NET_BANKING
400,71,71,2499.00,SUCCESS,2026-08-25 11:08:00,NET_BANKING
401,72,72,999.00,SUCCESS,2026-01-25 09:59:00,NET_BANKING
402,72,72,999.00,SUCCESS,2026-02-16 13:08:00,NET_BANKING
403,72,72,999.00,SUCCESS,2026-03-08 16:03:00,NET_BANKING
404,72,72,999.00,SUCCESS,2026-04-20 17:34:00,WALLET
405,72,72,999.00,SUCCESS,2026-05-06 08:03:00,NET_BANKING
406,72,72,999.00,SUCCESS,2026-06-21 12:37:00,NET_BANKING
407,72,72,999.00,SUCCESS,2026-07-22 13:44:00,NET_BANKING
408,72,72,999.00,FAILED,2026-08-22 19:24:00,UPI
409,73,73,999.00,SUCCESS,2026-03-06 15:07:00,WALLET
410,73,73,999.00,SUCCESS,2026-04-08 14:27:00,NET_BANKING
411,73,73,999.00,PENDING,2026-05-25 08:46:00,CARD
412,73,73,999.00,SUCCESS,2026-06-04 14:12:00,WALLET
413,73,73,999.00,SUCCESS,2026-07-01 12:08:00,CARD
414,73,73,999.00,SUCCESS,2026-08-19 16:24:00,UPI
415,74,74,999.00,SUCCESS,2026-01-21 09:27:00,CARD
416,74,74,999.00,SUCCESS,2026-02-24 09:22:00,NET_BANKING
417,75,75,2499.00,SUCCESS,2026-01-20 16:01:00,NET_BANKING
418,75,75,2499.00,SUCCESS,2026-02-01 09:57:00,WALLET
419,75,75,2499.00,SUCCESS,2026-03-18 13:28:00,NET_BANKING
420,75,75,2499.00,SUCCESS,2026-04-15 20:06:00,UPI
421,75,75,2499.00,SUCCESS,2026-05-16 14:04:00,NET_BANKING
422,75,75,2499.00,SUCCESS,2026-06-18 19:31:00,WALLET
423,75,75,2499.00,SUCCESS,2026-07-25 10:58:00,NET_BANKING
424,75,75,2499.00,SUCCESS,2026-08-10 16:39:00,NET_BANKING
425,76,76,999.00,SUCCESS,2026-01-02 20:54:00,CARD
426,76,76,999.00,SUCCESS,2026-02-24 11:49:00,CARD
427,76,76,999.00,SUCCESS,2026-03-09 12:38:00,NET_BANKING
428,76,76,999.00,SUCCESS,2026-04-23 14:18:00,WALLET
429,76,76,999.00,SUCCESS,2026-05-15 09:18:00,WALLET
430,76,76,999.00,SUCCESS,2026-06-24 08:25:00,UPI
431,76,76,999.00,SUCCESS,2026-07-14 20:35:00,NET_BANKING
432,76,76,999.00,SUCCESS,2026-08-20 13:17:00,WALLET
433,78,78,999.00,SUCCESS,2026-01-08 10:22:00,WALLET
434,78,78,999.00,FAILED,2026-02-21 20:08:00,CARD
435,78,78,999.00,SUCCESS,2026-03-11 20:24:00,UPI
436,78,78,999.00,SUCCESS,2026-04-14 08:49:00,WALLET
437,78,78,999.00,SUCCESS,2026-05-03 16:31:00,CARD
438,78,78,999.00,SUCCESS,2026-06-20 12:50:00,WALLET
439,78,78,999.00,SUCCESS,2026-07-09 16:59:00,NET_BANKING
440,78,78,999.00,SUCCESS,2026-08-22 08:19:00,WALLET
441,79,79,999.00,SUCCESS,2026-03-22 09:02:00,CARD
442,79,79,999.00,SUCCESS,2026-04-25 20:35:00,UPI
443,79,79,999.00,SUCCESS,2026-05-13 14:39:00,WALLET
444,79,79,999.00,SUCCESS,2026-06-03 11:32:00,NET_BANKING
445,79,79,999.00,SUCCESS,2026-07-10 16:34:00,NET_BANKING
446,79,79,999.00,SUCCESS,2026-08-08 10:21:00,UPI
447,81,81,999.00,SUCCESS,2026-01-06 15:09:00,CARD
448,81,81,999.00,SUCCESS,2026-02-24 08:06:00,NET_BANKING
449,81,81,999.00,SUCCESS,2026-03-13 12:12:00,UPI
450,81,81,999.00,SUCCESS,2026-04-24 13:37:00,WALLET
451,81,81,999.00,PENDING,2026-05-24 09:59:00,NET_BANKING
452,81,81,999.00,SUCCESS,2026-06-25 12:24:00,UPI
453,81,81,999.00,PENDING,2026-07-16 19:53:00,UPI
454,81,81,999.00,SUCCESS,2026-08-05 08:55:00,UPI
455,82,82,999.00,SUCCESS,2026-01-23 18:38:00,WALLET
456,82,82,999.00,SUCCESS,2026-02-08 17:07:00,WALLET
457,82,82,999.00,SUCCESS,2026-03-22 12:11:00,WALLET
458,82,82,999.00,SUCCESS,2026-04-02 15:52:00,CARD
459,82,82,999.00,SUCCESS,2026-05-11 08:19:00,NET_BANKING
460,82,82,999.00,SUCCESS,2026-06-01 09:07:00,CARD
461,82,82,999.00,SUCCESS,2026-07-25 18:33:00,UPI
462,82,82,999.00,SUCCESS,2026-08-14 13:03:00,CARD
463,83,83,2499.00,SUCCESS,2026-06-15 11:43:00,NET_BANKING
464,83,83,2499.00,SUCCESS,2026-07-06 20:34:00,UPI
465,83,83,2499.00,FAILED,2026-08-14 11:10:00,NET_BANKING
466,84,84,2499.00,SUCCESS,2026-01-23 20:17:00,UPI
467,84,84,2499.00,SUCCESS,2026-02-24 08:30:00,NET_BANKING
468,84,84,2499.00,SUCCESS,2026-03-07 13:17:00,UPI
469,84,84,2499.00,SUCCESS,2026-04-14 17:04:00,CARD
470,84,84,2499.00,SUCCESS,2026-05-02 09:31:00,UPI
471,84,84,2499.00,SUCCESS,2026-06-12 17:40:00,NET_BANKING
472,84,84,2499.00,SUCCESS,2026-07-04 12:33:00,UPI
473,84,84,2499.00,SUCCESS,2026-08-16 13:41:00,CARD
474,85,85,999.00,SUCCESS,2026-01-03 17:11:00,NET_BANKING
475,85,85,999.00,SUCCESS,2026-02-02 09:32:00,UPI
476,86,86,2499.00,SUCCESS,2026-01-02 15:42:00,UPI
477,86,86,2499.00,SUCCESS,2026-02-22 13:36:00,UPI
478,86,86,2499.00,SUCCESS,2026-03-11 19:25:00,CARD
479,86,86,2499.00,SUCCESS,2026-04-16 14:07:00,NET_BANKING
480,86,86,2499.00,SUCCESS,2026-05-17 09:34:00,UPI
481,86,86,2499.00,SUCCESS,2026-06-05 14:00:00,UPI
482,86,86,2499.00,SUCCESS,2026-07-05 20:06:00,WALLET
483,86,86,2499.00,SUCCESS,2026-08-20 15:30:00,NET_BANKING
484,87,87,2499.00,SUCCESS,2026-07-09 20:20:00,NET_BANKING
485,87,87,2499.00,SUCCESS,2026-08-21 16:17:00,CARD
486,88,88,999.00,SUCCESS,2026-04-13 19:11:00,WALLET
487,88,88,999.00,SUCCESS,2026-05-01 16:02:00,UPI
488,88,88,999.00,SUCCESS,2026-06-07 18:24:00,UPI
489,88,88,999.00,SUCCESS,2026-07-12 13:02:00,NET_BANKING
490,88,88,999.00,SUCCESS,2026-08-17 16:25:00,UPI
491,89,89,2499.00,SUCCESS,2026-08-17 16:50:00,CARD
492,90,90,2499.00,SUCCESS,2026-01-06 10:47:00,WALLET
493,90,90,2499.00,SUCCESS,2026-02-02 16:16:00,WALLET
494,90,90,2499.00,SUCCESS,2026-03-13 19:15:00,NET_BANKING
495,90,90,2499.00,SUCCESS,2026-04-07 19:57:00,NET_BANKING
496,90,90,2499.00,SUCCESS,2026-05-08 10:15:00,UPI
497,90,90,2499.00,SUCCESS,2026-06-09 09:09:00,UPI
498,90,90,2499.00,SUCCESS,2026-07-25 20:05:00,NET_BANKING
499,90,90,2499.00,SUCCESS,2026-08-12 20:31:00,UPI
500,91,91,999.00,SUCCESS,2026-03-22 11:47:00,WALLET
501,91,91,999.00,SUCCESS,2026-04-20 08:14:00,NET_BANKING
502,91,91,999.00,SUCCESS,2026-05-23 20:20:00,UPI
503,91,91,999.00,SUCCESS,2026-06-21 16:00:00,UPI
504,91,91,999.00,SUCCESS,2026-07-12 11:05:00,CARD
505,91,91,999.00,SUCCESS,2026-08-22 15:32:00,UPI
506,93,93,2499.00,SUCCESS,2026-01-21 19:20:00,NET_BANKING
507,93,93,2499.00,SUCCESS,2026-02-10 20:40:00,UPI
508,93,93,2499.00,SUCCESS,2026-03-23 19:09:00,WALLET
509,93,93,2499.00,SUCCESS,2026-04-07 10:53:00,NET_BANKING
510,93,93,2499.00,SUCCESS,2026-05-09 18:35:00,WALLET
511,93,93,2499.00,SUCCESS,2026-06-22 20:22:00,UPI
512,93,93,2499.00,FAILED,2026-07-21 15:16:00,UPI
513,93,93,2499.00,SUCCESS,2026-08-14 18:36:00,WALLET
514,94,94,2499.00,SUCCESS,2026-04-25 19:54:00,WALLET
515,94,94,2499.00,SUCCESS,2026-05-14 11:01:00,NET_BANKING
516,94,94,2499.00,SUCCESS,2026-06-10 11:49:00,NET_BANKING
517,94,94,2499.00,SUCCESS,2026-07-08 17:37:00,WALLET
518,94,94,2499.00,SUCCESS,2026-08-07 12:18:00,CARD
519,95,95,999.00,SUCCESS,2026-08-17 14:10:00,UPI
520,96,96,2499.00,SUCCESS,2026-01-05 13:39:00,NET_BANKING
521,96,96,2499.00,SUCCESS,2026-02-12 10:30:00,NET_BANKING
522,96,96,2499.00,SUCCESS,2026-03-15 17:40:00,NET_BANKING
523,96,96,2499.00,SUCCESS,2026-04-01 18:41:00,UPI
524,96,96,2499.00,PENDING,2026-05-07 16:38:00,WALLET
525,96,96,2499.00,SUCCESS,2026-06-08 19:32:00,NET_BANKING
526,96,96,2499.00,SUCCESS,2026-07-21 15:30:00,WALLET
527,97,97,999.00,SUCCESS,2026-01-03 14:13:00,NET_BANKING
528,97,97,999.00,SUCCESS,2026-02-24 16:15:00,CARD
529,97,97,999.00,SUCCESS,2026-03-11 15:09:00,WALLET
530,97,97,999.00,SUCCESS,2026-04-17 18:55:00,WALLET
531,97,97,999.00,SUCCESS,2026-05-08 08:04:00,WALLET
532,97,97,999.00,SUCCESS,2026-06-15 18:54:00,NET_BANKING
533,97,97,999.00,SUCCESS,2026-07-23 14:23:00,WALLET
534,97,97,999.00,SUCCESS,2026-08-10 11:45:00,UPI
535,98,98,999.00,SUCCESS,2026-07-16 11:51:00,NET_BANKING
536,98,98,999.00,SUCCESS,2026-08-08 13:57:00,CARD
537,99,99,999.00,SUCCESS,2026-01-24 20:09:00,UPI
538,99,99,999.00,SUCCESS,2026-02-19 14:24:00,UPI
539,99,99,999.00,SUCCESS,2026-03-07 12:33:00,WALLET
540,99,99,999.00,SUCCESS,2026-04-12 18:41:00,NET_BANKING
541,99,99,999.00,SUCCESS,2026-05-08 15:48:00,CARD
542,99,99,999.00,SUCCESS,2026-06-22 19:07:00,UPI
543,99,99,999.00,SUCCESS,2026-07-10 20:59:00,UPI
544,99,99,999.00,SUCCESS,2026-08-16 11:34:00,CARD
545,100,100,2499.00,SUCCESS,2026-03-07 10:51:00,NET_BANKING
546,100,100,2499.00,SUCCESS,2026-04-25 09:58:00,CARD
547,100,100,2499.00,SUCCESS,2026-05-11 09:15:00,NET_BANKING
548,100,100,2499.00,SUCCESS,2026-06-08 12:39:00,NET_BANKING
549,100,100,2499.00,SUCCESS,2026-07-11 08:38:00,WALLET
550,100,100,2499.00,SUCCESS,2026-08-07 12:28:00,UPI
551,101,101,9999.00,SUCCESS,2026-02-07 14:46:00,NET_BANKING
552,101,101,9999.00,SUCCESS,2026-03-23 14:49:00,WALLET
553,101,101,9999.00,SUCCESS,2026-04-05 19:14:00,NET_BANKING
554,101,101,9999.00,SUCCESS,2026-05-14 20:04:00,UPI
555,101,101,9999.00,SUCCESS,2026-06-10 11:30:00,WALLET
556,101,101,9999.00,SUCCESS,2026-07-13 14:13:00,NET_BANKING
557,101,101,9999.00,SUCCESS,2026-08-13 16:45:00,NET_BANKING
558,102,102,999.00,SUCCESS,2026-01-21 10:14:00,NET_BANKING
559,102,102,999.00,SUCCESS,2026-02-03 13:47:00,UPI
560,102,102,999.00,SUCCESS,2026-03-02 14:26:00,WALLET
561,102,102,999.00,SUCCESS,2026-04-20 11:03:00,WALLET
562,102,102,999.00,SUCCESS,2026-05-16 08:59:00,WALLET
563,102,102,999.00,SUCCESS,2026-06-25 15:20:00,NET_BANKING
564,102,102,999.00,SUCCESS,2026-07-20 12:21:00,WALLET
565,102,102,999.00,SUCCESS,2026-08-15 18:55:00,UPI
566,103,103,9999.00,SUCCESS,2026-01-03 17:05:00,WALLET
567,103,103,9999.00,SUCCESS,2026-02-08 20:06:00,WALLET
568,103,103,9999.00,SUCCESS,2026-03-22 12:58:00,NET_BANKING
569,103,103,9999.00,SUCCESS,2026-04-16 17:35:00,UPI
570,103,103,9999.00,SUCCESS,2026-05-22 15:19:00,WALLET
571,103,103,9999.00,SUCCESS,2026-06-03 17:50:00,WALLET
572,103,103,9999.00,SUCCESS,2026-07-24 20:11:00,CARD
573,103,103,9999.00,SUCCESS,2026-08-25 12:56:00,NET_BANKING
574,104,104,2499.00,PENDING,2026-02-16 11:05:00,CARD
575,104,104,2499.00,SUCCESS,2026-03-14 15:33:00,NET_BANKING
576,104,104,2499.00,SUCCESS,2026-04-18 17:00:00,CARD
577,104,104,2499.00,SUCCESS,2026-05-01 17:44:00,UPI
578,104,104,2499.00,SUCCESS,2026-06-25 14:43:00,WALLET
579,104,104,2499.00,SUCCESS,2026-07-23 12:41:00,WALLET
580,104,104,2499.00,SUCCESS,2026-08-01 08:53:00,WALLET
581,105,105,2499.00,SUCCESS,2026-01-18 13:56:00,UPI
582,105,105,2499.00,SUCCESS,2026-02-03 16:59:00,WALLET
583,105,105,2499.00,SUCCESS,2026-03-12 15:43:00,WALLET
584,105,105,2499.00,SUCCESS,2026-04-17 11:23:00,WALLET
585,105,105,2499.00,SUCCESS,2026-05-16 16:30:00,UPI
586,105,105,2499.00,SUCCESS,2026-06-08 17:55:00,CARD
587,105,105,2499.00,SUCCESS,2026-07-21 18:59:00,NET_BANKING
588,105,105,2499.00,SUCCESS,2026-08-15 18:38:00,UPI
589,106,106,9999.00,SUCCESS,2026-07-08 19:32:00,NET_BANKING
590,107,107,2499.00,SUCCESS,2026-08-05 19:24:00,WALLET
591,108,108,2499.00,SUCCESS,2026-01-25 10:22:00,UPI
592,108,108,2499.00,SUCCESS,2026-02-18 09:52:00,UPI
593,108,108,2499.00,SUCCESS,2026-03-08 08:22:00,CARD
594,108,108,2499.00,SUCCESS,2026-04-06 15:42:00,NET_BANKING
595,108,108,2499.00,SUCCESS,2026-05-24 15:31:00,NET_BANKING
596,108,108,2499.00,SUCCESS,2026-06-08 19:36:00,UPI
597,108,108,2499.00,SUCCESS,2026-07-22 17:23:00,CARD
598,108,108,2499.00,SUCCESS,2026-08-08 15:39:00,WALLET
599,109,109,999.00,SUCCESS,2026-01-16 09:55:00,CARD
600,109,109,999.00,SUCCESS,2026-02-19 15:51:00,WALLET
601,109,109,999.00,SUCCESS,2026-03-10 11:07:00,NET_BANKING
602,109,109,999.00,SUCCESS,2026-04-09 16:42:00,NET_BANKING
603,109,109,999.00,FAILED,2026-05-18 19:52:00,CARD
604,109,109,999.00,SUCCESS,2026-06-22 09:33:00,WALLET
605,109,109,999.00,SUCCESS,2026-07-24 15:06:00,CARD
606,109,109,999.00,SUCCESS,2026-08-02 17:21:00,NET_BANKING
607,110,110,999.00,SUCCESS,2026-02-15 09:32:00,UPI
608,110,110,999.00,SUCCESS,2026-03-08 09:57:00,UPI
609,111,111,999.00,SUCCESS,2026-07-17 17:33:00,NET_BANKING
610,111,111,999.00,SUCCESS,2026-08-01 14:11:00,WALLET
611,112,112,999.00,SUCCESS,2026-01-04 19:04:00,UPI
612,112,112,999.00,SUCCESS,2026-02-10 10:47:00,CARD
613,112,112,999.00,SUCCESS,2026-03-11 09:32:00,WALLET
614,112,112,999.00,SUCCESS,2026-04-22 16:55:00,CARD
615,112,112,999.00,SUCCESS,2026-05-17 14:08:00,WALLET
616,112,112,999.00,SUCCESS,2026-06-05 10:12:00,WALLET
617,112,112,999.00,SUCCESS,2026-07-14 18:33:00,NET_BANKING
618,112,112,999.00,SUCCESS,2026-08-21 08:10:00,UPI
619,114,114,999.00,SUCCESS,2026-01-12 16:15:00,UPI
620,114,114,999.00,FAILED,2026-02-14 17:18:00,CARD
621,114,114,999.00,SUCCESS,2026-03-12 14:28:00,NET_BANKING
622,116,116,2499.00,SUCCESS,2026-03-18 16:09:00,CARD
623,116,116,2499.00,SUCCESS,2026-04-19 14:12:00,WALLET
624,116,116,2499.00,SUCCESS,2026-05-22 13:28:00,NET_BANKING
625,116,116,2499.00,SUCCESS,2026-06-03 18:18:00,WALLET
626,116,116,2499.00,SUCCESS,2026-07-04 17:59:00,WALLET
627,116,116,2499.00,SUCCESS,2026-08-20 18:52:00,UPI
628,117,117,2499.00,SUCCESS,2026-02-10 13:10:00,CARD
629,117,117,2499.00,SUCCESS,2026-03-25 09:57:00,WALLET
630,117,117,2499.00,SUCCESS,2026-04-04 19:41:00,CARD
631,117,117,2499.00,SUCCESS,2026-05-24 18:52:00,WALLET
632,117,117,2499.00,SUCCESS,2026-06-17 18:37:00,NET_BANKING
633,117,117,2499.00,SUCCESS,2026-07-23 10:47:00,NET_BANKING
634,117,117,2499.00,SUCCESS,2026-08-04 17:59:00,UPI
635,118,118,2499.00,SUCCESS,2026-07-13 17:45:00,CARD
636,118,118,2499.00,SUCCESS,2026-08-11 10:21:00,WALLET
637,119,119,2499.00,SUCCESS,2026-07-07 16:33:00,UPI
638,119,119,2499.00,SUCCESS,2026-08-13 12:10:00,CARD
639,120,120,2499.00,SUCCESS,2026-08-18 16:16:00,UPI
640,121,121,2499.00,SUCCESS,2026-01-01 08:03:00,WALLET
641,121,121,2499.00,SUCCESS,2026-02-01 19:56:00,CARD
642,121,121,2499.00,SUCCESS,2026-03-19 14:09:00,WALLET
643,121,121,2499.00,FAILED,2026-04-16 11:42:00,CARD
644,121,121,2499.00,SUCCESS,2026-05-08 16:19:00,CARD
645,121,121,2499.00,SUCCESS,2026-06-19 19:19:00,WALLET
646,121,121,2499.00,SUCCESS,2026-07-01 18:19:00,CARD
647,121,121,2499.00,SUCCESS,2026-08-10 08:34:00,NET_BANKING
648,122,122,2499.00,SUCCESS,2026-01-08 20:46:00,UPI
649,122,122,2499.00,SUCCESS,2026-02-21 18:43:00,NET_BANKING
650,122,122,2499.00,SUCCESS,2026-03-18 16:15:00,WALLET
651,122,122,2499.00,SUCCESS,2026-04-20 15:47:00,NET_BANKING
652,122,122,2499.00,FAILED,2026-05-01 16:59:00,CARD
653,122,122,2499.00,SUCCESS,2026-06-16 15:12:00,WALLET
654,122,122,2499.00,SUCCESS,2026-07-02 12:45:00,WALLET
655,122,122,2499.00,SUCCESS,2026-08-23 10:49:00,CARD
656,124,124,2499.00,SUCCESS,2026-08-07 13:35:00,UPI
657,125,125,999.00,SUCCESS,2026-01-13 11:45:00,CARD
658,125,125,999.00,SUCCESS,2026-02-08 17:39:00,WALLET
659,125,125,999.00,SUCCESS,2026-03-11 08:20:00,CARD
660,125,125,999.00,SUCCESS,2026-04-12 15:42:00,CARD
661,125,125,999.00,SUCCESS,2026-05-14 09:57:00,WALLET
662,125,125,999.00,SUCCESS,2026-06-11 13:02:00,CARD
663,125,125,999.00,SUCCESS,2026-07-14 09:45:00,WALLET
664,125,125,999.00,SUCCESS,2026-08-09 10:31:00,NET_BANKING
665,126,126,2499.00,SUCCESS,2026-05-23 20:22:00,NET_BANKING
666,126,126,2499.00,SUCCESS,2026-06-22 09:40:00,UPI
667,126,126,2499.00,FAILED,2026-07-10 13:42:00,WALLET
668,126,126,2499.00,FAILED,2026-08-17 08:20:00,NET_BANKING
669,127,127,2499.00,SUCCESS,2026-03-20 08:27:00,NET_BANKING
670,127,127,2499.00,SUCCESS,2026-04-18 18:33:00,NET_BANKING
671,127,127,2499.00,SUCCESS,2026-05-07 09:57:00,UPI
672,127,127,2499.00,SUCCESS,2026-06-15 17:14:00,UPI
673,127,127,2499.00,SUCCESS,2026-07-22 10:37:00,UPI
674,127,127,2499.00,SUCCESS,2026-08-06 15:40:00,NET_BANKING
675,128,128,2499.00,SUCCESS,2026-03-06 12:50:00,WALLET
676,128,128,2499.00,FAILED,2026-04-10 12:14:00,NET_BANKING
677,128,128,2499.00,SUCCESS,2026-05-13 13:34:00,WALLET
678,128,128,2499.00,SUCCESS,2026-06-12 12:22:00,CARD
679,128,128,2499.00,SUCCESS,2026-07-07 10:46:00,CARD
680,128,128,2499.00,SUCCESS,2026-08-19 19:12:00,NET_BANKING
681,129,129,999.00,SUCCESS,2026-01-24 17:42:00,UPI
682,129,129,999.00,SUCCESS,2026-02-22 10:36:00,UPI
683,129,129,999.00,SUCCESS,2026-03-17 18:47:00,UPI
684,129,129,999.00,SUCCESS,2026-04-12 18:27:00,WALLET
685,129,129,999.00,SUCCESS,2026-05-16 16:14:00,CARD
686,129,129,999.00,SUCCESS,2026-06-17 16:14:00,WALLET
687,129,129,999.00,SUCCESS,2026-07-03 10:01:00,UPI
688,129,129,999.00,SUCCESS,2026-08-09 14:17:00,WALLET
689,130,130,999.00,SUCCESS,2026-03-04 09:40:00,WALLET
690,130,130,999.00,SUCCESS,2026-04-17 18:55:00,WALLET
691,130,130,999.00,SUCCESS,2026-05-10 18:07:00,NET_BANKING
692,130,130,999.00,SUCCESS,2026-06-15 10:22:00,NET_BANKING
693,130,130,999.00,SUCCESS,2026-07-03 16:16:00,WALLET
694,130,130,999.00,SUCCESS,2026-08-01 10:53:00,UPI
695,132,132,999.00,SUCCESS,2026-06-25 19:31:00,NET_BANKING
696,132,132,999.00,SUCCESS,2026-07-16 19:23:00,WALLET
697,132,132,999.00,SUCCESS,2026-08-14 13:55:00,CARD
698,133,133,2499.00,SUCCESS,2026-01-14 11:21:00,UPI
699,133,133,2499.00,PENDING,2026-02-10 14:39:00,NET_BANKING
700,133,133,2499.00,SUCCESS,2026-03-17 08:08:00,CARD
701,133,133,2499.00,SUCCESS,2026-04-08 18:03:00,WALLET
702,133,133,2499.00,SUCCESS,2026-05-04 10:45:00,NET_BANKING
703,133,133,2499.00,PENDING,2026-06-25 11:44:00,WALLET
704,133,133,2499.00,SUCCESS,2026-07-17 09:19:00,CARD
705,133,133,2499.00,SUCCESS,2026-08-23 19:58:00,NET_BANKING
706,135,135,2499.00,SUCCESS,2026-01-21 08:21:00,WALLET
707,135,135,2499.00,SUCCESS,2026-02-11 18:06:00,CARD
708,135,135,2499.00,SUCCESS,2026-03-08 08:54:00,CARD
709,135,135,2499.00,FAILED,2026-04-16 10:13:00,NET_BANKING
710,135,135,2499.00,SUCCESS,2026-05-19 20:34:00,UPI
711,135,135,2499.00,FAILED,2026-06-12 19:01:00,WALLET
712,135,135,2499.00,SUCCESS,2026-07-12 11:19:00,WALLET
713,135,135,2499.00,PENDING,2026-08-21 11:54:00,WALLET
714,136,136,999.00,SUCCESS,2026-01-04 14:56:00,UPI
715,136,136,999.00,SUCCESS,2026-02-23 13:52:00,CARD
716,136,136,999.00,SUCCESS,2026-03-13 15:22:00,NET_BANKING
717,136,136,999.00,SUCCESS,2026-04-18 16:22:00,CARD
718,136,136,999.00,SUCCESS,2026-05-25 17:04:00,NET_BANKING
719,136,136,999.00,SUCCESS,2026-06-19 13:19:00,UPI
720,136,136,999.00,SUCCESS,2026-07-02 17:07:00,UPI
721,136,136,999.00,SUCCESS,2026-08-09 10:40:00,CARD
722,137,137,2499.00,SUCCESS,2026-02-16 08:53:00,CARD
723,137,137,2499.00,SUCCESS,2026-03-13 12:28:00,WALLET
724,137,137,2499.00,SUCCESS,2026-04-01 10:49:00,CARD
725,137,137,2499.00,SUCCESS,2026-05-17 16:45:00,CARD
726,137,137,2499.00,SUCCESS,2026-06-20 18:06:00,UPI
727,137,137,2499.00,SUCCESS,2026-07-23 13:48:00,NET_BANKING
728,137,137,2499.00,SUCCESS,2026-08-16 11:14:00,WALLET
729,138,138,999.00,SUCCESS,2026-01-24 10:47:00,UPI
730,138,138,999.00,SUCCESS,2026-02-07 17:24:00,NET_BANKING
731,138,138,999.00,SUCCESS,2026-03-13 12:58:00,NET_BANKING
732,138,138,999.00,SUCCESS,2026-04-16 12:29:00,WALLET
733,138,138,999.00,SUCCESS,2026-05-22 17:55:00,NET_BANKING
734,138,138,999.00,SUCCESS,2026-06-14 09:57:00,CARD
735,138,138,999.00,FAILED,2026-07-03 08:17:00,WALLET
736,138,138,999.00,PENDING,2026-08-17 15:02:00,UPI
737,139,139,999.00,SUCCESS,2026-06-09 13:20:00,NET_BANKING
738,139,139,999.00,SUCCESS,2026-07-12 08:52:00,WALLET
739,139,139,999.00,SUCCESS,2026-08-20 10:21:00,CARD
740,140,140,2499.00,SUCCESS,2026-01-14 18:31:00,CARD
741,140,140,2499.00,SUCCESS,2026-02-08 13:41:00,CARD
742,140,140,2499.00,SUCCESS,2026-03-24 16:20:00,NET_BANKING
743,140,140,2499.00,SUCCESS,2026-04-09 14:53:00,CARD
744,140,140,2499.00,SUCCESS,2026-05-10 19:54:00,UPI
745,140,140,2499.00,SUCCESS,2026-06-02 20:53:00,WALLET
746,140,140,2499.00,SUCCESS,2026-07-20 10:08:00,UPI
747,140,140,2499.00,SUCCESS,2026-08-20 20:36:00,UPI
748,141,141,999.00,SUCCESS,2026-06-04 20:11:00,WALLET
749,141,141,999.00,SUCCESS,2026-07-02 10:05:00,CARD
750,141,141,999.00,SUCCESS,2026-08-09 11:49:00,WALLET
751,142,142,999.00,SUCCESS,2026-07-07 11:50:00,CARD
752,142,142,999.00,SUCCESS,2026-08-16 17:50:00,NET_BANKING
753,143,143,999.00,SUCCESS,2026-03-10 17:51:00,UPI
754,143,143,999.00,SUCCESS,2026-04-01 11:19:00,NET_BANKING
755,144,144,9999.00,SUCCESS,2026-01-12 16:21:00,UPI
756,144,144,9999.00,PENDING,2026-02-01 17:20:00,NET_BANKING
757,144,144,9999.00,SUCCESS,2026-03-24 11:03:00,UPI
758,144,144,9999.00,SUCCESS,2026-04-09 15:58:00,NET_BANKING
759,144,144,9999.00,SUCCESS,2026-05-13 14:55:00,NET_BANKING
760,144,144,9999.00,SUCCESS,2026-06-09 12:57:00,WALLET
761,144,144,9999.00,SUCCESS,2026-07-04 18:46:00,NET_BANKING
762,144,144,9999.00,SUCCESS,2026-08-01 16:14:00,WALLET
763,145,145,2499.00,SUCCESS,2026-01-21 09:05:00,WALLET
764,145,145,2499.00,FAILED,2026-02-15 13:08:00,WALLET
765,145,145,2499.00,SUCCESS,2026-03-04 17:25:00,CARD
766,145,145,2499.00,SUCCESS,2026-04-06 20:26:00,UPI
767,145,145,2499.00,SUCCESS,2026-05-08 09:06:00,UPI
768,145,145,2499.00,SUCCESS,2026-06-11 17:12:00,NET_BANKING
769,145,145,2499.00,SUCCESS,2026-07-24 15:09:00,CARD
770,145,145,2499.00,SUCCESS,2026-08-19 10:49:00,WALLET
771,146,146,9999.00,SUCCESS,2026-01-02 12:10:00,WALLET
772,146,146,9999.00,SUCCESS,2026-02-08 12:39:00,WALLET
773,146,146,9999.00,FAILED,2026-03-01 11:44:00,WALLET
774,146,146,9999.00,SUCCESS,2026-04-12 20:05:00,UPI
775,146,146,9999.00,SUCCESS,2026-05-11 13:11:00,CARD
776,146,146,9999.00,SUCCESS,2026-06-09 17:15:00,UPI
777,146,146,9999.00,SUCCESS,2026-07-17 11:43:00,WALLET
778,146,146,9999.00,SUCCESS,2026-08-23 10:10:00,WALLET
779,147,147,999.00,FAILED,2026-05-01 09:03:00,WALLET
780,148,148,2499.00,SUCCESS,2026-07-19 13:05:00,WALLET
781,148,148,2499.00,SUCCESS,2026-08-25 16:25:00,CARD
782,149,149,2499.00,SUCCESS,2026-08-25 15:14:00,UPI
783,150,150,999.00,SUCCESS,2026-01-07 17:46:00,UPI
784,150,150,999.00,SUCCESS,2026-02-02 15:56:00,WALLET
785,150,150,999.00,SUCCESS,2026-03-14 19:30:00,NET_BANKING
786,150,150,999.00,SUCCESS,2026-04-19 12:05:00,CARD
787,150,150,999.00,SUCCESS,2026-05-08 09:12:00,NET_BANKING
788,150,150,999.00,SUCCESS,2026-06-20 12:27:00,CARD
789,150,150,999.00,SUCCESS,2026-07-04 19:32:00,CARD
790,150,150,999.00,SUCCESS,2026-08-16 10:26:00,CARD
791,151,151,999.00,SUCCESS,2026-05-21 14:38:00,WALLET
792,151,151,999.00,SUCCESS,2026-06-21 19:29:00,CARD
793,151,151,999.00,FAILED,2026-07-17 13:37:00,WALLET
794,151,151,999.00,SUCCESS,2026-08-07 19:01:00,CARD
795,152,152,999.00,SUCCESS,2026-01-22 17:19:00,CARD
796,152,152,999.00,SUCCESS,2026-02-02 13:56:00,WALLET
797,152,152,999.00,FAILED,2026-03-18 10:20:00,WALLET
798,152,152,999.00,SUCCESS,2026-04-04 09:36:00,NET_BANKING
799,152,152,999.00,SUCCESS,2026-05-22 15:43:00,NET_BANKING
800,152,152,999.00,SUCCESS,2026-06-09 08:00:00,UPI
801,152,152,999.00,SUCCESS,2026-07-09 12:57:00,UPI
802,152,152,999.00,SUCCESS,2026-08-23 19:36:00,UPI
803,153,153,2499.00,SUCCESS,2026-07-16 15:35:00,CARD
804,153,153,2499.00,SUCCESS,2026-08-04 19:12:00,NET_BANKING
805,155,155,999.00,SUCCESS,2026-06-18 08:58:00,WALLET
806,155,155,999.00,SUCCESS,2026-07-15 16:03:00,NET_BANKING
807,155,155,999.00,SUCCESS,2026-08-20 17:18:00,WALLET
808,158,158,2499.00,SUCCESS,2026-01-02 12:46:00,UPI
809,158,158,2499.00,SUCCESS,2026-02-11 08:13:00,NET_BANKING
810,158,158,2499.00,SUCCESS,2026-03-03 19:41:00,WALLET
811,158,158,2499.00,SUCCESS,2026-04-18 19:42:00,WALLET
812,158,158,2499.00,SUCCESS,2026-05-25 16:42:00,CARD
813,158,158,2499.00,SUCCESS,2026-06-18 11:24:00,UPI
814,158,158,2499.00,SUCCESS,2026-07-17 11:58:00,WALLET
815,158,158,2499.00,SUCCESS,2026-08-15 11:51:00,UPI
816,159,159,999.00,SUCCESS,2026-08-22 18:24:00,NET_BANKING
817,160,160,999.00,SUCCESS,2026-05-05 17:53:00,WALLET
818,160,160,999.00,SUCCESS,2026-06-19 15:07:00,UPI
819,160,160,999.00,SUCCESS,2026-07-09 10:14:00,CARD
820,160,160,999.00,SUCCESS,2026-08-13 18:51:00,NET_BANKING
821,161,161,9999.00,SUCCESS,2026-05-10 08:36:00,CARD
822,161,161,9999.00,SUCCESS,2026-06-21 11:42:00,NET_BANKING
823,161,161,9999.00,SUCCESS,2026-07-25 09:25:00,NET_BANKING
824,161,161,9999.00,SUCCESS,2026-08-16 18:34:00,UPI
825,162,162,999.00,SUCCESS,2026-01-07 10:26:00,NET_BANKING
826,162,162,999.00,SUCCESS,2026-02-20 13:15:00,UPI
827,162,162,999.00,SUCCESS,2026-03-21 13:56:00,UPI
828,162,162,999.00,SUCCESS,2026-04-20 17:20:00,WALLET
829,162,162,999.00,SUCCESS,2026-05-03 12:33:00,UPI
830,162,162,999.00,SUCCESS,2026-06-04 13:18:00,NET_BANKING
831,162,162,999.00,SUCCESS,2026-07-08 15:56:00,NET_BANKING
832,162,162,999.00,SUCCESS,2026-08-01 11:05:00,NET_BANKING
833,163,163,999.00,SUCCESS,2026-06-08 20:41:00,NET_BANKING
834,163,163,999.00,SUCCESS,2026-07-14 08:03:00,UPI
835,163,163,999.00,FAILED,2026-08-22 11:39:00,WALLET
836,164,164,2499.00,FAILED,2026-01-25 19:11:00,NET_BANKING
837,164,164,2499.00,SUCCESS,2026-02-06 20:18:00,NET_BANKING
838,164,164,2499.00,SUCCESS,2026-03-01 19:41:00,CARD
839,164,164,2499.00,SUCCESS,2026-04-24 18:45:00,NET_BANKING
840,164,164,2499.00,SUCCESS,2026-05-01 20:51:00,CARD
841,164,164,2499.00,SUCCESS,2026-06-05 16:59:00,UPI
842,164,164,2499.00,SUCCESS,2026-07-20 18:59:00,NET_BANKING
843,164,164,2499.00,SUCCESS,2026-08-11 19:37:00,WALLET
844,165,165,999.00,SUCCESS,2026-01-20 17:07:00,WALLET
845,165,165,999.00,SUCCESS,2026-02-01 14:47:00,WALLET
846,165,165,999.00,SUCCESS,2026-03-05 17:26:00,NET_BANKING
847,165,165,999.00,SUCCESS,2026-04-12 13:08:00,NET_BANKING
848,165,165,999.00,SUCCESS,2026-05-24 14:55:00,UPI
849,165,165,999.00,SUCCESS,2026-06-08 14:56:00,CARD
850,165,165,999.00,SUCCESS,2026-07-25 16:57:00,UPI
851,165,165,999.00,SUCCESS,2026-08-02 10:55:00,CARD
852,167,167,9999.00,SUCCESS,2026-02-19 10:53:00,WALLET
853,167,167,9999.00,SUCCESS,2026-03-11 17:30:00,NET_BANKING
854,167,167,9999.00,SUCCESS,2026-04-16 19:52:00,CARD
855,167,167,9999.00,SUCCESS,2026-05-06 14:10:00,NET_BANKING
856,167,167,9999.00,SUCCESS,2026-06-01 14:45:00,NET_BANKING
857,167,167,9999.00,SUCCESS,2026-07-16 14:16:00,WALLET
858,167,167,9999.00,SUCCESS,2026-08-15 14:15:00,NET_BANKING
859,168,168,999.00,SUCCESS,2026-04-20 17:29:00,NET_BANKING
860,168,168,999.00,SUCCESS,2026-05-12 10:30:00,UPI
861,168,168,999.00,SUCCESS,2026-06-22 09:26:00,CARD
862,168,168,999.00,SUCCESS,2026-07-21 08:24:00,WALLET
863,168,168,999.00,SUCCESS,2026-08-01 13:28:00,UPI
864,172,172,2499.00,SUCCESS,2026-01-25 15:47:00,UPI
865,172,172,2499.00,SUCCESS,2026-02-09 09:31:00,UPI
866,173,173,999.00,SUCCESS,2026-02-03 13:03:00,NET_BANKING
867,173,173,999.00,SUCCESS,2026-03-22 10:18:00,UPI
868,173,173,999.00,SUCCESS,2026-04-08 09:38:00,WALLET
869,173,173,999.00,SUCCESS,2026-05-11 10:36:00,WALLET
870,173,173,999.00,SUCCESS,2026-06-12 12:54:00,CARD
871,173,173,999.00,SUCCESS,2026-07-24 13:35:00,NET_BANKING
872,173,173,999.00,FAILED,2026-08-17 16:09:00,WALLET
873,174,174,999.00,SUCCESS,2026-06-24 20:47:00,NET_BANKING
874,174,174,999.00,SUCCESS,2026-07-07 18:39:00,UPI
875,174,174,999.00,SUCCESS,2026-08-23 14:15:00,NET_BANKING
876,175,175,999.00,PENDING,2026-02-22 09:46:00,CARD
877,175,175,999.00,SUCCESS,2026-03-23 15:19:00,CARD
878,175,175,999.00,SUCCESS,2026-04-02 11:11:00,NET_BANKING
879,175,175,999.00,SUCCESS,2026-05-17 19:24:00,CARD
880,175,175,999.00,SUCCESS,2026-06-03 20:19:00,UPI
881,175,175,999.00,SUCCESS,2026-07-01 14:42:00,CARD
882,175,175,999.00,SUCCESS,2026-08-25 14:14:00,NET_BANKING
883,176,176,9999.00,SUCCESS,2026-01-08 09:43:00,WALLET
884,176,176,9999.00,SUCCESS,2026-02-05 11:50:00,NET_BANKING
885,176,176,9999.00,FAILED,2026-03-01 13:51:00,WALLET
886,176,176,9999.00,SUCCESS,2026-04-03 08:04:00,UPI
887,176,176,9999.00,SUCCESS,2026-05-21 16:41:00,CARD
888,176,176,9999.00,SUCCESS,2026-06-07 14:24:00,NET_BANKING
889,176,176,9999.00,SUCCESS,2026-07-20 16:59:00,UPI
890,176,176,9999.00,SUCCESS,2026-08-11 18:09:00,WALLET
891,177,177,2499.00,SUCCESS,2026-07-20 16:06:00,CARD
892,177,177,2499.00,SUCCESS,2026-08-10 13:10:00,CARD
893,178,178,2499.00,SUCCESS,2026-06-16 19:48:00,WALLET
894,178,178,2499.00,SUCCESS,2026-07-09 17:46:00,NET_BANKING
895,178,178,2499.00,FAILED,2026-08-05 17:21:00,NET_BANKING
896,179,179,9999.00,SUCCESS,2026-02-11 12:30:00,WALLET
897,179,179,9999.00,SUCCESS,2026-03-15 14:47:00,CARD
898,179,179,9999.00,SUCCESS,2026-04-22 11:12:00,WALLET
899,179,179,9999.00,SUCCESS,2026-05-17 15:10:00,WALLET
900,179,179,9999.00,SUCCESS,2026-06-11 08:07:00,WALLET
901,179,179,9999.00,SUCCESS,2026-07-07 20:25:00,WALLET
902,179,179,9999.00,SUCCESS,2026-08-18 17:47:00,UPI
903,180,180,999.00,SUCCESS,2026-06-04 14:40:00,CARD
904,180,180,999.00,PENDING,2026-07-03 15:55:00,CARD
905,180,180,999.00,SUCCESS,2026-08-17 11:48:00,NET_BANKING
906,181,181,999.00,SUCCESS,2026-08-19 08:43:00,CARD
907,183,183,999.00,SUCCESS,2026-01-22 18:00:00,CARD
908,183,183,999.00,SUCCESS,2026-02-18 16:20:00,UPI
909,183,183,999.00,SUCCESS,2026-03-05 08:51:00,NET_BANKING
910,183,183,999.00,SUCCESS,2026-04-15 20:15:00,WALLET
911,183,183,999.00,SUCCESS,2026-05-01 12:36:00,WALLET
912,183,183,999.00,SUCCESS,2026-06-01 08:31:00,UPI
913,183,183,999.00,FAILED,2026-07-20 18:23:00,NET_BANKING
914,183,183,999.00,SUCCESS,2026-08-06 20:12:00,WALLET
915,184,184,9999.00,SUCCESS,2026-07-24 19:37:00,WALLET
916,184,184,9999.00,SUCCESS,2026-08-06 15:44:00,WALLET
917,185,185,2499.00,SUCCESS,2026-02-25 18:25:00,WALLET
918,185,185,2499.00,SUCCESS,2026-03-19 14:08:00,WALLET
919,185,185,2499.00,SUCCESS,2026-04-19 12:06:00,WALLET
920,185,185,2499.00,SUCCESS,2026-05-03 15:28:00,UPI
921,185,185,2499.00,SUCCESS,2026-06-20 14:19:00,UPI
922,185,185,2499.00,SUCCESS,2026-07-13 16:21:00,CARD
923,185,185,2499.00,SUCCESS,2026-08-04 12:32:00,NET_BANKING
924,186,186,999.00,FAILED,2026-01-25 11:51:00,CARD
925,186,186,999.00,SUCCESS,2026-02-01 10:49:00,WALLET
926,186,186,999.00,SUCCESS,2026-03-07 16:38:00,NET_BANKING
927,186,186,999.00,SUCCESS,2026-04-17 18:51:00,CARD
928,186,186,999.00,SUCCESS,2026-05-13 10:30:00,WALLET
929,186,186,999.00,SUCCESS,2026-06-09 15:35:00,WALLET
930,186,186,999.00,FAILED,2026-07-06 14:13:00,WALLET
931,186,186,999.00,SUCCESS,2026-08-21 08:38:00,CARD
932,188,188,9999.00,SUCCESS,2026-04-20 16:32:00,NET_BANKING
933,188,188,9999.00,SUCCESS,2026-05-21 09:40:00,NET_BANKING
934,188,188,9999.00,FAILED,2026-06-21 18:52:00,UPI
935,188,188,9999.00,SUCCESS,2026-07-17 11:50:00,UPI
936,188,188,9999.00,FAILED,2026-08-15 16:10:00,CARD
937,189,189,2499.00,SUCCESS,2026-01-10 16:09:00,NET_BANKING
938,189,189,2499.00,SUCCESS,2026-02-21 09:40:00,UPI
939,189,189,2499.00,SUCCESS,2026-03-21 15:08:00,WALLET
940,189,189,2499.00,SUCCESS,2026-04-13 09:03:00,NET_BANKING
941,189,189,2499.00,SUCCESS,2026-05-04 16:10:00,UPI
942,189,189,2499.00,SUCCESS,2026-06-12 12:45:00,UPI
943,189,189,2499.00,SUCCESS,2026-07-05 18:19:00,UPI
944,189,189,2499.00,SUCCESS,2026-08-23 15:24:00,NET_BANKING
945,190,190,999.00,SUCCESS,2026-01-17 15:44:00,CARD
946,190,190,999.00,SUCCESS,2026-02-22 18:20:00,CARD
947,190,190,999.00,SUCCESS,2026-03-06 08:34:00,UPI
948,190,190,999.00,SUCCESS,2026-04-14 18:15:00,CARD
949,190,190,999.00,SUCCESS,2026-05-19 15:44:00,WALLET
950,190,190,999.00,SUCCESS,2026-06-14 12:52:00,NET_BANKING
951,190,190,999.00,SUCCESS,2026-07-04 20:44:00,NET_BANKING
952,190,190,999.00,SUCCESS,2026-08-01 08:03:00,NET_BANKING
953,191,191,9999.00,SUCCESS,2026-06-05 18:34:00,CARD
954,191,191,9999.00,SUCCESS,2026-07-21 11:07:00,CARD
955,191,191,9999.00,SUCCESS,2026-08-09 19:50:00,WALLET
956,192,192,2499.00,SUCCESS,2026-05-15 14:42:00,NET_BANKING
957,192,192,2499.00,SUCCESS,2026-06-22 12:30:00,NET_BANKING
958,192,192,2499.00,SUCCESS,2026-07-21 15:37:00,CARD
959,192,192,2499.00,FAILED,2026-08-05 13:21:00,NET_BANKING
960,195,195,2499.00,SUCCESS,2026-01-15 08:16:00,UPI
961,195,195,2499.00,SUCCESS,2026-02-21 19:32:00,CARD
962,195,195,2499.00,SUCCESS,2026-03-20 10:02:00,NET_BANKING
963,195,195,2499.00,SUCCESS,2026-04-14 11:54:00,NET_BANKING
964,195,195,2499.00,SUCCESS,2026-05-02 08:21:00,CARD
965,195,195,2499.00,SUCCESS,2026-06-04 10:21:00,NET_BANKING
966,195,195,2499.00,SUCCESS,2026-07-16 10:15:00,CARD
967,195,195,2499.00,SUCCESS,2026-08-14 15:49:00,CARD
968,196,196,999.00,SUCCESS,2026-01-22 17:01:00,CARD
969,196,196,999.00,FAILED,2026-02-10 11:36:00,UPI
970,196,196,999.00,SUCCESS,2026-03-10 13:11:00,WALLET
971,196,196,999.00,SUCCESS,2026-04-24 14:29:00,NET_BANKING
972,196,196,999.00,SUCCESS,2026-05-09 12:14:00,NET_BANKING
973,196,196,999.00,FAILED,2026-06-24 15:12:00,WALLET
974,196,196,999.00,SUCCESS,2026-07-17 18:16:00,UPI
975,196,196,999.00,SUCCESS,2026-08-14 18:24:00,NET_BANKING
976,197,197,999.00,FAILED,2026-06-23 09:43:00,NET_BANKING
977,197,197,999.00,SUCCESS,2026-07-18 20:07:00,UPI
978,197,197,999.00,SUCCESS,2026-08-21 18:08:00,WALLET
979,198,198,9999.00,SUCCESS,2026-01-23 14:41:00,CARD
980,198,198,9999.00,SUCCESS,2026-02-12 19:23:00,WALLET
981,198,198,9999.00,SUCCESS,2026-03-19 08:54:00,UPI
982,198,198,9999.00,SUCCESS,2026-04-03 18:30:00,WALLET
983,198,198,9999.00,PENDING,2026-05-16 15:12:00,WALLET
984,198,198,9999.00,SUCCESS,2026-06-18 15:25:00,WALLET
985,198,198,9999.00,SUCCESS,2026-07-18 20:21:00,CARD
986,198,198,9999.00,FAILED,2026-08-17 20:14:00,CARD
987,200,200,2499.00,SUCCESS,2026-02-22 19:40:00,UPI
988,200,200,2499.00,PENDING,2026-03-04 14:22:00,NET_BANKING
989,200,200,2499.00,SUCCESS,2026-04-11 10:05:00,UPI
990,200,200,2499.00,SUCCESS,2026-05-19 12:56:00,WALLET
991,200,200,2499.00,SUCCESS,2026-06-13 08:36:00,WALLET
992,200,200,2499.00,SUCCESS,2026-07-07 17:29:00,NET_BANKING
993,200,200,2499.00,SUCCESS,2026-08-14 16:09:00,CARD
994,201,201,2499.00,SUCCESS,2026-04-17 08:23:00,WALLET
995,201,201,2499.00,SUCCESS,2026-05-15 15:08:00,NET_BANKING
996,201,201,2499.00,SUCCESS,2026-06-25 08:00:00,UPI
997,201,201,2499.00,FAILED,2026-07-22 11:57:00,UPI
998,201,201,2499.00,SUCCESS,2026-08-21 08:32:00,WALLET
999,202,202,999.00,SUCCESS,2026-04-07 11:33:00,WALLET
1000,202,202,999.00,SUCCESS,2026-05-10 19:13:00,UPI
1001,202,202,999.00,FAILED,2026-06-19 17:45:00,UPI
1002,202,202,999.00,SUCCESS,2026-07-04 18:36:00,NET_BANKING
1003,202,202,999.00,SUCCESS,2026-08-05 17:31:00,WALLET
1004,203,203,999.00,SUCCESS,2026-06-13 08:20:00,UPI
1005,203,203,999.00,SUCCESS,2026-07-06 16:10:00,WALLET
1006,203,203,999.00,FAILED,2026-08-11 13:53:00,UPI
1007,204,204,999.00,SUCCESS,2026-05-01 08:58:00,NET_BANKING
1008,204,204,999.00,SUCCESS,2026-06-20 10:24:00,WALLET
1009,204,204,999.00,SUCCESS,2026-07-24 20:33:00,NET_BANKING
1010,204,204,999.00,SUCCESS,2026-08-16 09:17:00,WALLET
1011,205,205,9999.00,SUCCESS,2026-08-23 14:25:00,CARD
1012,206,206,999.00,SUCCESS,2026-01-04 09:22:00,UPI
1013,206,206,999.00,SUCCESS,2026-02-20 10:47:00,WALLET
1014,206,206,999.00,SUCCESS,2026-03-11 14:30:00,CARD
1015,206,206,999.00,SUCCESS,2026-04-04 09:12:00,CARD
1016,206,206,999.00,SUCCESS,2026-05-03 14:31:00,UPI
1017,206,206,999.00,SUCCESS,2026-06-12 20:34:00,CARD
1018,206,206,999.00,SUCCESS,2026-07-13 20:34:00,NET_BANKING
1019,206,206,999.00,SUCCESS,2026-08-03 15:59:00,CARD
1020,207,207,999.00,SUCCESS,2026-02-14 11:39:00,WALLET
1021,207,207,999.00,SUCCESS,2026-03-08 10:45:00,CARD
1022,207,207,999.00,SUCCESS,2026-04-06 10:17:00,WALLET
1023,207,207,999.00,SUCCESS,2026-05-08 10:37:00,UPI
1024,207,207,999.00,SUCCESS,2026-06-09 10:33:00,UPI
1025,207,207,999.00,SUCCESS,2026-07-08 14:45:00,NET_BANKING
1026,207,207,999.00,SUCCESS,2026-08-19 10:43:00,WALLET
1027,208,208,2499.00,SUCCESS,2026-01-10 17:44:00,UPI
1028,208,208,2499.00,SUCCESS,2026-02-24 11:08:00,CARD
1029,208,208,2499.00,PENDING,2026-03-07 19:21:00,NET_BANKING
1030,208,208,2499.00,FAILED,2026-04-13 10:59:00,WALLET
1031,208,208,2499.00,SUCCESS,2026-05-02 16:50:00,UPI
1032,208,208,2499.00,SUCCESS,2026-06-14 10:23:00,NET_BANKING
1033,208,208,2499.00,SUCCESS,2026-07-13 11:47:00,WALLET
1034,208,208,2499.00,FAILED,2026-08-21 11:32:00,WALLET
1035,209,209,999.00,SUCCESS,2026-07-02 11:07:00,WALLET
1036,209,209,999.00,SUCCESS,2026-08-23 14:32:00,UPI
1037,211,211,999.00,SUCCESS,2026-01-23 15:53:00,UPI
1038,211,211,999.00,SUCCESS,2026-02-01 15:21:00,CARD
1039,211,211,999.00,SUCCESS,2026-03-21 09:49:00,CARD
1040,211,211,999.00,SUCCESS,2026-04-18 19:22:00,CARD
1041,211,211,999.00,SUCCESS,2026-05-01 09:07:00,UPI
1042,211,211,999.00,SUCCESS,2026-06-23 12:27:00,NET_BANKING
1043,211,211,999.00,SUCCESS,2026-07-03 10:51:00,WALLET
1044,211,211,999.00,SUCCESS,2026-08-21 08:25:00,WALLET
1045,212,212,9999.00,SUCCESS,2026-06-21 12:07:00,NET_BANKING
1046,212,212,9999.00,SUCCESS,2026-07-21 19:53:00,UPI
1047,212,212,9999.00,SUCCESS,2026-08-24 08:56:00,CARD
1048,213,213,999.00,SUCCESS,2026-05-20 18:17:00,UPI
1049,213,213,999.00,SUCCESS,2026-06-18 18:04:00,CARD
1050,213,213,999.00,SUCCESS,2026-07-15 18:45:00,UPI
1051,213,213,999.00,SUCCESS,2026-08-06 13:51:00,NET_BANKING
1052,214,214,999.00,SUCCESS,2026-03-17 11:10:00,CARD
1053,214,214,999.00,SUCCESS,2026-04-01 14:58:00,NET_BANKING
1054,214,214,999.00,SUCCESS,2026-05-16 11:23:00,UPI
1055,214,214,999.00,SUCCESS,2026-06-01 12:29:00,NET_BANKING
1056,214,214,999.00,SUCCESS,2026-07-06 20:30:00,UPI
1057,214,214,999.00,PENDING,2026-08-24 10:16:00,WALLET
1058,215,215,9999.00,SUCCESS,2026-01-13 13:13:00,NET_BANKING
1059,215,215,9999.00,SUCCESS,2026-02-20 17:18:00,NET_BANKING
1060,215,215,9999.00,SUCCESS,2026-03-06 15:32:00,UPI
1061,215,215,9999.00,SUCCESS,2026-04-14 14:28:00,UPI
1062,215,215,9999.00,SUCCESS,2026-05-14 17:08:00,WALLET
1063,215,215,9999.00,SUCCESS,2026-06-22 15:41:00,WALLET
1064,215,215,9999.00,SUCCESS,2026-07-08 14:41:00,WALLET
1065,215,215,9999.00,SUCCESS,2026-08-03 10:30:00,UPI
1066,216,216,2499.00,SUCCESS,2026-01-12 18:22:00,UPI
1067,216,216,2499.00,SUCCESS,2026-02-24 17:36:00,UPI
1068,216,216,2499.00,SUCCESS,2026-03-24 12:56:00,UPI
1069,216,216,2499.00,SUCCESS,2026-04-23 12:13:00,WALLET
1070,216,216,2499.00,SUCCESS,2026-05-24 16:14:00,UPI
1071,216,216,2499.00,SUCCESS,2026-06-24 12:35:00,UPI
1072,216,216,2499.00,SUCCESS,2026-07-10 08:51:00,WALLET
1073,216,216,2499.00,SUCCESS,2026-08-07 10:18:00,NET_BANKING
1074,217,217,999.00,SUCCESS,2026-04-17 08:45:00,CARD
1075,217,217,999.00,SUCCESS,2026-05-11 13:00:00,UPI
1076,217,217,999.00,SUCCESS,2026-06-17 20:10:00,NET_BANKING
1077,217,217,999.00,SUCCESS,2026-07-04 20:39:00,NET_BANKING
1078,217,217,999.00,SUCCESS,2026-08-18 13:04:00,UPI
1079,218,218,999.00,SUCCESS,2026-01-08 18:26:00,WALLET
1080,218,218,999.00,SUCCESS,2026-02-05 15:47:00,NET_BANKING
1081,218,218,999.00,SUCCESS,2026-03-02 13:41:00,WALLET
1082,218,218,999.00,SUCCESS,2026-04-09 12:34:00,UPI
1083,218,218,999.00,SUCCESS,2026-05-03 18:55:00,UPI
1084,218,218,999.00,SUCCESS,2026-06-25 13:10:00,NET_BANKING
1085,218,218,999.00,SUCCESS,2026-07-13 13:15:00,CARD
1086,218,218,999.00,SUCCESS,2026-08-24 09:17:00,WALLET
1087,219,219,2499.00,SUCCESS,2026-07-22 13:04:00,WALLET
1088,219,219,2499.00,FAILED,2026-08-20 18:39:00,UPI
1089,221,221,999.00,SUCCESS,2026-01-02 20:31:00,CARD
1090,221,221,999.00,SUCCESS,2026-02-22 08:48:00,CARD
1091,222,222,2499.00,PENDING,2026-08-25 10:42:00,UPI
1092,223,223,999.00,SUCCESS,2026-06-25 13:11:00,CARD
1093,223,223,999.00,PENDING,2026-07-14 10:06:00,CARD
1094,223,223,999.00,FAILED,2026-08-07 15:36:00,WALLET
1095,224,224,2499.00,SUCCESS,2026-03-21 16:28:00,UPI
1096,224,224,2499.00,SUCCESS,2026-04-05 08:01:00,WALLET
1097,224,224,2499.00,SUCCESS,2026-05-07 16:53:00,NET_BANKING
1098,224,224,2499.00,SUCCESS,2026-06-13 20:28:00,WALLET
1099,224,224,2499.00,SUCCESS,2026-07-08 15:31:00,CARD
1100,224,224,2499.00,SUCCESS,2026-08-23 10:32:00,WALLET
1101,225,225,999.00,SUCCESS,2026-03-07 10:12:00,WALLET
1102,225,225,999.00,SUCCESS,2026-04-22 14:24:00,CARD
1103,225,225,999.00,SUCCESS,2026-05-01 12:38:00,CARD
1104,225,225,999.00,SUCCESS,2026-06-07 18:34:00,WALLET
1105,225,225,999.00,SUCCESS,2026-07-11 14:16:00,UPI
1106,225,225,999.00,SUCCESS,2026-08-14 09:57:00,WALLET
1107,226,226,999.00,SUCCESS,2026-05-21 09:50:00,UPI
1108,226,226,999.00,SUCCESS,2026-06-12 08:59:00,WALLET
1109,226,226,999.00,SUCCESS,2026-07-03 14:45:00,UPI
1110,226,226,999.00,SUCCESS,2026-08-22 20:11:00,WALLET
1111,227,227,999.00,SUCCESS,2026-07-17 11:41:00,WALLET
1112,227,227,999.00,SUCCESS,2026-08-07 20:59:00,CARD
1113,228,228,2499.00,SUCCESS,2026-02-20 15:23:00,NET_BANKING
1114,228,228,2499.00,SUCCESS,2026-03-24 16:10:00,WALLET
1115,228,228,2499.00,SUCCESS,2026-04-24 12:37:00,CARD
1116,228,228,2499.00,SUCCESS,2026-05-09 15:34:00,NET_BANKING
1117,228,228,2499.00,SUCCESS,2026-06-14 19:44:00,CARD
1118,228,228,2499.00,SUCCESS,2026-07-22 17:08:00,NET_BANKING
1119,228,228,2499.00,SUCCESS,2026-08-08 13:52:00,WALLET
1120,229,229,2499.00,SUCCESS,2026-07-05 09:33:00,UPI
1121,230,230,999.00,SUCCESS,2026-02-22 11:55:00,NET_BANKING
1122,230,230,999.00,FAILED,2026-03-06 10:01:00,CARD
1123,230,230,999.00,SUCCESS,2026-04-08 15:39:00,NET_BANKING
1124,230,230,999.00,SUCCESS,2026-05-01 12:58:00,UPI
1125,230,230,999.00,SUCCESS,2026-06-23 20:10:00,WALLET
1126,230,230,999.00,SUCCESS,2026-07-16 14:03:00,UPI
1127,230,230,999.00,SUCCESS,2026-08-08 16:36:00,UPI
1128,231,231,999.00,SUCCESS,2026-02-15 12:14:00,WALLET
1129,231,231,999.00,SUCCESS,2026-03-11 16:52:00,WALLET
1130,231,231,999.00,SUCCESS,2026-04-24 15:58:00,WALLET
1131,231,231,999.00,SUCCESS,2026-05-08 10:03:00,NET_BANKING
1132,231,231,999.00,SUCCESS,2026-06-01 15:12:00,CARD
1133,231,231,999.00,SUCCESS,2026-07-15 20:23:00,NET_BANKING
1134,231,231,999.00,SUCCESS,2026-08-09 08:48:00,NET_BANKING
1135,232,232,2499.00,SUCCESS,2026-02-21 18:45:00,WALLET
1136,232,232,2499.00,FAILED,2026-03-05 14:28:00,UPI
1137,232,232,2499.00,SUCCESS,2026-04-23 20:58:00,WALLET
1138,232,232,2499.00,SUCCESS,2026-05-23 08:32:00,CARD
1139,232,232,2499.00,SUCCESS,2026-06-25 16:46:00,NET_BANKING
1140,232,232,2499.00,SUCCESS,2026-07-11 09:05:00,WALLET
1141,232,232,2499.00,SUCCESS,2026-08-16 10:49:00,WALLET
1142,233,233,9999.00,SUCCESS,2026-01-16 13:40:00,CARD
1143,234,234,999.00,FAILED,2026-06-16 11:56:00,CARD
1144,234,234,999.00,SUCCESS,2026-07-03 11:50:00,UPI
1145,234,234,999.00,SUCCESS,2026-08-23 19:34:00,WALLET
1146,235,235,2499.00,SUCCESS,2026-01-15 08:44:00,UPI
1147,235,235,2499.00,SUCCESS,2026-02-17 08:59:00,UPI
1148,235,235,2499.00,SUCCESS,2026-03-16 19:07:00,CARD
1149,235,235,2499.00,SUCCESS,2026-04-11 16:55:00,NET_BANKING
1150,236,236,2499.00,SUCCESS,2026-01-19 08:42:00,UPI
1151,236,236,2499.00,SUCCESS,2026-02-12 18:28:00,UPI
1152,236,236,2499.00,SUCCESS,2026-03-12 16:13:00,NET_BANKING
1153,236,236,2499.00,SUCCESS,2026-04-17 11:01:00,NET_BANKING
1154,236,236,2499.00,SUCCESS,2026-05-20 16:11:00,UPI
1155,236,236,2499.00,SUCCESS,2026-06-23 20:41:00,CARD
1156,236,236,2499.00,SUCCESS,2026-07-19 13:04:00,WALLET
1157,236,236,2499.00,SUCCESS,2026-08-22 09:10:00,NET_BANKING
1158,237,237,2499.00,SUCCESS,2026-05-14 10:55:00,CARD
1159,237,237,2499.00,SUCCESS,2026-06-15 13:17:00,NET_BANKING
1160,237,237,2499.00,SUCCESS,2026-07-10 14:29:00,NET_BANKING
1161,237,237,2499.00,SUCCESS,2026-08-11 08:03:00,NET_BANKING
1162,239,239,2499.00,SUCCESS,2026-01-15 19:43:00,NET_BANKING
1163,239,239,2499.00,SUCCESS,2026-02-11 10:06:00,UPI
1164,239,239,2499.00,SUCCESS,2026-03-07 18:58:00,UPI
1165,239,239,2499.00,SUCCESS,2026-04-23 10:41:00,WALLET
1166,239,239,2499.00,SUCCESS,2026-05-06 18:29:00,UPI
1167,239,239,2499.00,FAILED,2026-06-08 17:44:00,CARD
1168,239,239,2499.00,SUCCESS,2026-07-12 18:36:00,WALLET
1169,239,239,2499.00,SUCCESS,2026-08-20 11:35:00,CARD
1170,240,240,999.00,SUCCESS,2026-01-04 17:23:00,UPI
1171,240,240,999.00,SUCCESS,2026-02-06 12:46:00,UPI
1172,241,241,999.00,SUCCESS,2026-01-06 20:41:00,CARD
1173,241,241,999.00,SUCCESS,2026-02-25 17:45:00,UPI
1174,241,241,999.00,SUCCESS,2026-03-09 20:19:00,UPI
1175,241,241,999.00,SUCCESS,2026-04-12 15:44:00,WALLET
1176,241,241,999.00,SUCCESS,2026-05-10 17:05:00,NET_BANKING
1177,241,241,999.00,SUCCESS,2026-06-11 10:44:00,WALLET
1178,241,241,999.00,SUCCESS,2026-07-09 14:51:00,UPI
1179,241,241,999.00,SUCCESS,2026-08-23 18:02:00,WALLET
1180,242,242,9999.00,SUCCESS,2026-05-25 19:51:00,UPI
1181,243,243,999.00,SUCCESS,2026-01-18 13:58:00,NET_BANKING
1182,243,243,999.00,SUCCESS,2026-02-14 20:56:00,UPI
1183,243,243,999.00,SUCCESS,2026-03-18 15:31:00,UPI
1184,243,243,999.00,SUCCESS,2026-04-11 16:48:00,UPI
1185,243,243,999.00,SUCCESS,2026-05-23 16:35:00,WALLET
1186,243,243,999.00,SUCCESS,2026-06-25 09:20:00,CARD
1187,243,243,999.00,SUCCESS,2026-07-05 14:12:00,NET_BANKING
1188,243,243,999.00,SUCCESS,2026-08-07 16:17:00,WALLET
1189,244,244,2499.00,SUCCESS,2026-06-20 20:53:00,UPI
1190,244,244,2499.00,SUCCESS,2026-07-15 11:29:00,CARD
1191,244,244,2499.00,SUCCESS,2026-08-14 19:23:00,WALLET
1192,245,245,999.00,SUCCESS,2026-08-20 13:40:00,NET_BANKING
1193,246,246,2499.00,SUCCESS,2026-08-06 20:01:00,CARD
1194,247,247,2499.00,SUCCESS,2026-02-22 11:31:00,CARD
1195,247,247,2499.00,SUCCESS,2026-03-11 19:47:00,NET_BANKING
1196,247,247,2499.00,SUCCESS,2026-04-21 14:52:00,UPI
1197,247,247,2499.00,SUCCESS,2026-05-20 09:31:00,NET_BANKING
1198,247,247,2499.00,SUCCESS,2026-06-05 15:13:00,UPI
1199,247,247,2499.00,SUCCESS,2026-07-10 20:55:00,UPI
1200,247,247,2499.00,SUCCESS,2026-08-06 18:00:00,NET_BANKING
1201,249,249,999.00,FAILED,2026-02-16 11:22:00,WALLET
1202,249,249,999.00,FAILED,2026-03-05 17:05:00,NET_BANKING
1203,249,249,999.00,SUCCESS,2026-04-01 13:12:00,WALLET
1204,249,249,999.00,PENDING,2026-05-08 20:50:00,UPI
1205,249,249,999.00,SUCCESS,2026-06-25 11:39:00,CARD
1206,249,249,999.00,SUCCESS,2026-07-07 17:41:00,WALLET
1207,249,249,999.00,SUCCESS,2026-08-09 14:16:00,NET_BANKING
1208,250,250,999.00,SUCCESS,2026-07-19 11:15:00,CARD
1209,250,250,999.00,SUCCESS,2026-08-01 14:26:00,NET_BANKING
1210,251,251,9999.00,PENDING,2026-01-21 15:19:00,UPI
1211,251,251,9999.00,SUCCESS,2026-02-13 16:14:00,NET_BANKING
1212,251,251,9999.00,SUCCESS,2026-03-05 14:26:00,WALLET
1213,251,251,9999.00,SUCCESS,2026-04-02 15:16:00,CARD
1214,251,251,9999.00,SUCCESS,2026-05-22 20:21:00,UPI
1215,251,251,9999.00,FAILED,2026-06-19 15:00:00,NET_BANKING
1216,251,251,9999.00,SUCCESS,2026-07-23 11:50:00,WALLET
1217,251,251,9999.00,SUCCESS,2026-08-17 12:00:00,NET_BANKING
1218,252,252,999.00,SUCCESS,2026-01-20 12:30:00,CARD
1219,252,252,999.00,SUCCESS,2026-02-04 11:38:00,CARD
1220,252,252,999.00,SUCCESS,2026-03-24 14:14:00,NET_BANKING
1221,252,252,999.00,SUCCESS,2026-04-06 15:00:00,WALLET
1222,252,252,999.00,SUCCESS,2026-05-12 10:05:00,WALLET
1223,252,252,999.00,SUCCESS,2026-06-02 16:52:00,NET_BANKING
1224,252,252,999.00,SUCCESS,2026-07-23 20:33:00,CARD
1225,252,252,999.00,SUCCESS,2026-08-24 09:21:00,WALLET
1226,253,253,999.00,SUCCESS,2026-05-03 20:08:00,UPI
1227,253,253,999.00,SUCCESS,2026-06-03 13:34:00,WALLET
1228,253,253,999.00,SUCCESS,2026-07-06 11:15:00,NET_BANKING
1229,253,253,999.00,SUCCESS,2026-08-02 18:00:00,CARD
1230,254,254,2499.00,SUCCESS,2026-06-22 19:18:00,CARD
1231,254,254,2499.00,SUCCESS,2026-07-08 15:22:00,WALLET
1232,254,254,2499.00,SUCCESS,2026-08-14 16:12:00,WALLET
1233,255,255,2499.00,SUCCESS,2026-01-23 16:50:00,CARD
1234,255,255,2499.00,SUCCESS,2026-02-09 14:52:00,UPI
1235,255,255,2499.00,SUCCESS,2026-03-18 16:31:00,CARD
1236,255,255,2499.00,SUCCESS,2026-04-16 08:09:00,UPI
1237,255,255,2499.00,SUCCESS,2026-05-24 09:32:00,UPI
1238,255,255,2499.00,SUCCESS,2026-06-12 10:56:00,WALLET
1239,255,255,2499.00,SUCCESS,2026-07-15 10:49:00,WALLET
1240,255,255,2499.00,FAILED,2026-08-13 12:26:00,UPI
1241,256,256,2499.00,SUCCESS,2026-08-22 11:06:00,CARD
1242,257,257,2499.00,SUCCESS,2026-08-16 16:37:00,NET_BANKING
1243,258,258,999.00,SUCCESS,2026-04-22 10:05:00,NET_BANKING
1244,258,258,999.00,SUCCESS,2026-05-04 08:47:00,CARD
1245,258,258,999.00,SUCCESS,2026-06-19 12:56:00,CARD
1246,258,258,999.00,SUCCESS,2026-07-21 20:05:00,UPI
1247,258,258,999.00,SUCCESS,2026-08-21 19:52:00,WALLET
1248,259,259,999.00,PENDING,2026-03-14 08:41:00,UPI
1249,259,259,999.00,FAILED,2026-04-20 11:55:00,UPI
1250,259,259,999.00,SUCCESS,2026-05-04 20:24:00,CARD
1251,259,259,999.00,SUCCESS,2026-06-22 14:53:00,UPI
1252,259,259,999.00,SUCCESS,2026-07-03 08:17:00,CARD
1253,259,259,999.00,FAILED,2026-08-11 17:59:00,WALLET
1254,260,260,999.00,SUCCESS,2026-03-07 18:58:00,CARD
1255,260,260,999.00,SUCCESS,2026-04-07 17:34:00,WALLET
1256,260,260,999.00,SUCCESS,2026-05-17 10:34:00,WALLET
1257,260,260,999.00,SUCCESS,2026-06-12 12:36:00,UPI
1258,260,260,999.00,SUCCESS,2026-07-04 16:43:00,CARD
1259,260,260,999.00,SUCCESS,2026-08-23 16:22:00,NET_BANKING
1260,261,261,999.00,SUCCESS,2026-06-23 18:39:00,CARD
1261,261,261,999.00,SUCCESS,2026-07-04 20:14:00,NET_BANKING
1262,261,261,999.00,SUCCESS,2026-08-06 12:32:00,UPI
1263,262,262,999.00,SUCCESS,2026-03-17 16:57:00,UPI
1264,262,262,999.00,SUCCESS,2026-04-22 10:06:00,WALLET
1265,262,262,999.00,SUCCESS,2026-05-09 10:21:00,UPI
1266,262,262,999.00,SUCCESS,2026-06-14 12:20:00,UPI
1267,262,262,999.00,SUCCESS,2026-07-01 15:24:00,NET_BANKING
1268,262,262,999.00,SUCCESS,2026-08-21 12:16:00,CARD
1269,263,263,999.00,SUCCESS,2026-01-10 16:28:00,NET_BANKING
1270,263,263,999.00,SUCCESS,2026-02-18 18:14:00,CARD
1271,263,263,999.00,SUCCESS,2026-03-06 19:44:00,NET_BANKING
1272,263,263,999.00,SUCCESS,2026-04-07 19:42:00,WALLET
1273,263,263,999.00,SUCCESS,2026-05-20 16:52:00,WALLET
1274,263,263,999.00,SUCCESS,2026-06-04 13:41:00,WALLET
1275,263,263,999.00,SUCCESS,2026-07-04 12:10:00,WALLET
1276,263,263,999.00,SUCCESS,2026-08-03 10:28:00,NET_BANKING
1277,264,264,999.00,FAILED,2026-05-24 08:36:00,NET_BANKING
1278,264,264,999.00,SUCCESS,2026-06-12 17:02:00,NET_BANKING
1279,264,264,999.00,SUCCESS,2026-07-13 16:34:00,NET_BANKING
1280,264,264,999.00,SUCCESS,2026-08-08 11:06:00,CARD
1281,265,265,2499.00,FAILED,2026-01-04 19:26:00,WALLET
1282,265,265,2499.00,SUCCESS,2026-02-14 09:07:00,WALLET
1283,265,265,2499.00,FAILED,2026-03-21 08:31:00,CARD
1284,265,265,2499.00,SUCCESS,2026-04-01 09:08:00,CARD
1285,265,265,2499.00,SUCCESS,2026-05-12 15:25:00,WALLET
1286,265,265,2499.00,PENDING,2026-06-07 13:24:00,NET_BANKING
1287,265,265,2499.00,SUCCESS,2026-07-10 14:31:00,WALLET
1288,265,265,2499.00,SUCCESS,2026-08-04 18:50:00,WALLET
1289,266,266,999.00,SUCCESS,2026-01-23 10:33:00,CARD
1290,266,266,999.00,SUCCESS,2026-02-11 11:09:00,CARD
1291,266,266,999.00,SUCCESS,2026-03-05 20:18:00,NET_BANKING
1292,266,266,999.00,SUCCESS,2026-04-21 13:20:00,CARD
1293,266,266,999.00,SUCCESS,2026-05-17 09:36:00,NET_BANKING
1294,266,266,999.00,SUCCESS,2026-06-15 17:06:00,WALLET
1295,266,266,999.00,SUCCESS,2026-07-16 20:28:00,WALLET
1296,266,266,999.00,SUCCESS,2026-08-11 18:24:00,NET_BANKING
1297,267,267,2499.00,SUCCESS,2026-02-08 13:08:00,UPI
1298,267,267,2499.00,SUCCESS,2026-03-25 10:31:00,UPI
1299,267,267,2499.00,FAILED,2026-04-21 16:55:00,CARD
1300,267,267,2499.00,SUCCESS,2026-05-24 18:08:00,NET_BANKING
1301,267,267,2499.00,SUCCESS,2026-06-07 11:38:00,NET_BANKING
1302,267,267,2499.00,SUCCESS,2026-07-13 12:15:00,CARD
1303,267,267,2499.00,FAILED,2026-08-01 09:31:00,WALLET
1304,268,268,999.00,SUCCESS,2026-05-19 09:44:00,WALLET
1305,268,268,999.00,SUCCESS,2026-06-18 10:25:00,NET_BANKING
1306,268,268,999.00,SUCCESS,2026-07-04 13:20:00,NET_BANKING
1307,268,268,999.00,SUCCESS,2026-08-02 16:04:00,CARD
1308,269,269,2499.00,SUCCESS,2026-04-09 14:13:00,WALLET
1309,269,269,2499.00,SUCCESS,2026-05-19 15:52:00,UPI
1310,269,269,2499.00,SUCCESS,2026-06-23 20:21:00,WALLET
1311,269,269,2499.00,SUCCESS,2026-07-11 19:02:00,CARD
1312,269,269,2499.00,SUCCESS,2026-08-25 18:28:00,NET_BANKING
1313,271,271,999.00,SUCCESS,2026-02-17 18:05:00,UPI
1314,271,271,999.00,SUCCESS,2026-03-16 10:47:00,NET_BANKING
1315,272,272,2499.00,SUCCESS,2026-06-24 11:06:00,NET_BANKING
1316,272,272,2499.00,FAILED,2026-07-11 17:01:00,NET_BANKING
1317,272,272,2499.00,SUCCESS,2026-08-12 17:24:00,UPI
1318,273,273,9999.00,SUCCESS,2026-01-05 20:15:00,UPI
1319,273,273,9999.00,SUCCESS,2026-02-05 09:41:00,CARD
1320,273,273,9999.00,SUCCESS,2026-03-09 11:13:00,UPI
1321,273,273,9999.00,SUCCESS,2026-04-10 18:40:00,WALLET
1322,273,273,9999.00,SUCCESS,2026-05-25 11:02:00,NET_BANKING
1323,273,273,9999.00,SUCCESS,2026-06-23 16:36:00,WALLET
1324,273,273,9999.00,SUCCESS,2026-07-09 17:43:00,NET_BANKING
1325,273,273,9999.00,SUCCESS,2026-08-22 12:47:00,CARD
1326,274,274,999.00,SUCCESS,2026-02-23 11:40:00,WALLET
1327,274,274,999.00,SUCCESS,2026-03-25 20:01:00,CARD
1328,274,274,999.00,SUCCESS,2026-04-16 19:58:00,UPI
1329,274,274,999.00,SUCCESS,2026-05-05 20:54:00,NET_BANKING
1330,274,274,999.00,SUCCESS,2026-06-05 19:27:00,CARD
1331,274,274,999.00,SUCCESS,2026-07-08 09:34:00,CARD
1332,274,274,999.00,SUCCESS,2026-08-25 09:30:00,UPI
1333,275,275,999.00,SUCCESS,2026-01-04 20:06:00,UPI
1334,276,276,999.00,SUCCESS,2026-06-06 15:25:00,UPI
1335,277,277,2499.00,SUCCESS,2026-01-21 15:45:00,UPI
1336,277,277,2499.00,FAILED,2026-02-18 11:31:00,UPI
1337,277,277,2499.00,SUCCESS,2026-03-18 11:17:00,CARD
1338,277,277,2499.00,SUCCESS,2026-04-24 16:52:00,WALLET
1339,277,277,2499.00,SUCCESS,2026-05-12 20:24:00,UPI
1340,277,277,2499.00,SUCCESS,2026-06-14 17:06:00,NET_BANKING
1341,277,277,2499.00,SUCCESS,2026-07-19 10:43:00,WALLET
1342,277,277,2499.00,SUCCESS,2026-08-11 09:12:00,WALLET
1343,278,278,999.00,SUCCESS,2026-01-17 10:42:00,UPI
1344,278,278,999.00,SUCCESS,2026-02-19 20:33:00,WALLET
1345,278,278,999.00,SUCCESS,2026-03-23 12:12:00,UPI
1346,280,280,2499.00,SUCCESS,2026-01-21 13:09:00,WALLET
1347,280,280,2499.00,SUCCESS,2026-02-08 12:25:00,UPI
1348,280,280,2499.00,SUCCESS,2026-03-14 20:09:00,CARD
1349,280,280,2499.00,SUCCESS,2026-04-20 19:01:00,WALLET
1350,280,280,2499.00,SUCCESS,2026-05-23 16:07:00,CARD
1351,280,280,2499.00,SUCCESS,2026-06-04 08:29:00,NET_BANKING
1352,280,280,2499.00,SUCCESS,2026-07-06 17:30:00,NET_BANKING
1353,280,280,2499.00,SUCCESS,2026-08-08 10:36:00,NET_BANKING
1354,281,281,999.00,SUCCESS,2026-01-06 13:34:00,CARD
1355,281,281,999.00,SUCCESS,2026-02-07 11:06:00,UPI
1356,281,281,999.00,SUCCESS,2026-03-20 08:32:00,UPI
1357,281,281,999.00,SUCCESS,2026-04-04 19:30:00,WALLET
1358,281,281,999.00,SUCCESS,2026-05-07 11:48:00,WALLET
1359,281,281,999.00,SUCCESS,2026-06-12 11:27:00,NET_BANKING
1360,281,281,999.00,SUCCESS,2026-07-13 09:49:00,WALLET
1361,281,281,999.00,SUCCESS,2026-08-08 17:57:00,NET_BANKING
1362,282,282,999.00,SUCCESS,2026-02-17 08:31:00,UPI
1363,282,282,999.00,SUCCESS,2026-03-01 14:16:00,UPI
1364,282,282,999.00,SUCCESS,2026-04-25 14:20:00,UPI
1365,282,282,999.00,SUCCESS,2026-05-19 14:47:00,WALLET
1366,282,282,999.00,SUCCESS,2026-06-19 14:03:00,UPI
1367,282,282,999.00,SUCCESS,2026-07-17 11:15:00,UPI
1368,282,282,999.00,SUCCESS,2026-08-14 12:05:00,CARD
1369,283,283,999.00,SUCCESS,2026-01-18 18:23:00,WALLET
1370,283,283,999.00,SUCCESS,2026-02-13 08:24:00,CARD
1371,283,283,999.00,SUCCESS,2026-03-09 13:43:00,UPI
1372,283,283,999.00,SUCCESS,2026-04-03 13:26:00,CARD
1373,283,283,999.00,SUCCESS,2026-05-20 20:29:00,NET_BANKING
1374,283,283,999.00,SUCCESS,2026-06-22 16:32:00,NET_BANKING
1375,283,283,999.00,SUCCESS,2026-07-24 13:43:00,WALLET
1376,283,283,999.00,SUCCESS,2026-08-12 08:09:00,UPI
1377,284,284,9999.00,FAILED,2026-01-21 20:32:00,WALLET
1378,284,284,9999.00,FAILED,2026-02-20 13:34:00,WALLET
1379,284,284,9999.00,SUCCESS,2026-03-14 09:20:00,UPI
1380,284,284,9999.00,SUCCESS,2026-04-09 17:38:00,CARD
1381,284,284,9999.00,SUCCESS,2026-05-21 16:42:00,UPI
1382,284,284,9999.00,SUCCESS,2026-06-15 20:31:00,NET_BANKING
1383,284,284,9999.00,SUCCESS,2026-07-05 14:53:00,UPI
1384,284,284,9999.00,SUCCESS,2026-08-06 13:43:00,CARD
1385,285,285,2499.00,SUCCESS,2026-06-24 17:54:00,UPI
1386,285,285,2499.00,SUCCESS,2026-07-14 20:51:00,NET_BANKING
1387,285,285,2499.00,SUCCESS,2026-08-21 15:10:00,CARD
1388,286,286,999.00,FAILED,2026-06-07 08:21:00,NET_BANKING
1389,286,286,999.00,SUCCESS,2026-07-14 14:27:00,NET_BANKING
1390,286,286,999.00,SUCCESS,2026-08-03 15:16:00,WALLET
1391,288,288,2499.00,SUCCESS,2026-08-14 19:52:00,CARD
1392,289,289,999.00,SUCCESS,2026-06-09 20:28:00,NET_BANKING
1393,289,289,999.00,SUCCESS,2026-07-21 11:00:00,NET_BANKING
1394,289,289,999.00,SUCCESS,2026-08-10 17:36:00,WALLET
1395,290,290,999.00,FAILED,2026-01-16 14:39:00,NET_BANKING
1396,290,290,999.00,SUCCESS,2026-02-20 20:11:00,WALLET
1397,290,290,999.00,SUCCESS,2026-03-24 15:57:00,WALLET
1398,290,290,999.00,SUCCESS,2026-04-04 13:14:00,CARD
1399,290,290,999.00,SUCCESS,2026-05-09 08:57:00,WALLET
1400,290,290,999.00,SUCCESS,2026-06-17 09:53:00,WALLET
1401,290,290,999.00,SUCCESS,2026-07-11 12:57:00,CARD
1402,290,290,999.00,SUCCESS,2026-08-11 15:01:00,NET_BANKING
1403,291,291,999.00,SUCCESS,2026-01-16 11:18:00,CARD
1404,291,291,999.00,SUCCESS,2026-02-03 16:46:00,UPI
1405,291,291,999.00,SUCCESS,2026-03-13 20:18:00,CARD
1406,291,291,999.00,SUCCESS,2026-04-25 10:03:00,WALLET
1407,291,291,999.00,SUCCESS,2026-05-06 16:01:00,WALLET
1408,291,291,999.00,SUCCESS,2026-06-03 19:17:00,CARD
1409,291,291,999.00,SUCCESS,2026-07-12 13:39:00,UPI
1410,291,291,999.00,FAILED,2026-08-17 20:28:00,UPI
1411,292,292,2499.00,SUCCESS,2026-06-19 13:14:00,UPI
1412,292,292,2499.00,SUCCESS,2026-07-19 16:39:00,CARD
1413,292,292,2499.00,SUCCESS,2026-08-17 09:25:00,WALLET
1414,293,293,999.00,SUCCESS,2026-01-04 14:21:00,WALLET
1415,293,293,999.00,SUCCESS,2026-02-25 09:37:00,UPI
1416,293,293,999.00,SUCCESS,2026-03-18 09:56:00,UPI
1417,293,293,999.00,SUCCESS,2026-04-10 18:16:00,UPI
1418,293,293,999.00,SUCCESS,2026-05-13 14:40:00,UPI
1419,293,293,999.00,SUCCESS,2026-06-09 17:58:00,NET_BANKING
1420,293,293,999.00,SUCCESS,2026-07-08 16:01:00,UPI
1421,293,293,999.00,SUCCESS,2026-08-17 10:54:00,CARD
1422,294,294,999.00,SUCCESS,2026-02-11 19:47:00,NET_BANKING
1423,294,294,999.00,SUCCESS,2026-03-23 16:01:00,WALLET
1424,294,294,999.00,SUCCESS,2026-04-25 09:09:00,NET_BANKING
1425,294,294,999.00,SUCCESS,2026-05-04 16:18:00,UPI
1426,294,294,999.00,SUCCESS,2026-06-17 09:52:00,WALLET
1427,294,294,999.00,SUCCESS,2026-07-24 08:39:00,CARD
1428,294,294,999.00,FAILED,2026-08-04 14:55:00,NET_BANKING
1429,295,295,2499.00,SUCCESS,2026-01-11 19:49:00,NET_BANKING
1430,295,295,2499.00,SUCCESS,2026-02-03 09:44:00,NET_BANKING
1431,295,295,2499.00,SUCCESS,2026-03-10 09:48:00,CARD
1432,295,295,2499.00,SUCCESS,2026-04-10 10:16:00,CARD
1433,295,295,2499.00,PENDING,2026-05-12 16:05:00,WALLET
1434,295,295,2499.00,SUCCESS,2026-06-04 16:54:00,NET_BANKING
1435,295,295,2499.00,SUCCESS,2026-07-23 16:31:00,WALLET
1436,295,295,2499.00,SUCCESS,2026-08-17 20:32:00,WALLET
1437,296,296,999.00,SUCCESS,2026-01-22 19:16:00,UPI
1438,296,296,999.00,SUCCESS,2026-02-24 16:23:00,UPI
1439,296,296,999.00,SUCCESS,2026-03-14 08:30:00,UPI
1440,296,296,999.00,SUCCESS,2026-04-10 18:39:00,WALLET
1441,296,296,999.00,FAILED,2026-05-20 13:55:00,UPI
1442,296,296,999.00,SUCCESS,2026-06-01 14:50:00,CARD
1443,296,296,999.00,SUCCESS,2026-07-24 20:49:00,CARD
1444,296,296,999.00,SUCCESS,2026-08-06 10:41:00,CARD
1445,297,297,2499.00,SUCCESS,2026-02-14 13:49:00,CARD
1446,297,297,2499.00,SUCCESS,2026-03-02 19:44:00,CARD
1447,297,297,2499.00,SUCCESS,2026-04-04 10:12:00,NET_BANKING
1448,297,297,2499.00,SUCCESS,2026-05-05 11:23:00,WALLET
1449,297,297,2499.00,SUCCESS,2026-06-08 16:11:00,CARD
1450,297,297,2499.00,SUCCESS,2026-07-15 19:40:00,WALLET
1451,297,297,2499.00,SUCCESS,2026-08-13 11:38:00,NET_BANKING
1452,299,299,999.00,SUCCESS,2026-01-23 10:29:00,UPI
1453,299,299,999.00,SUCCESS,2026-02-02 20:41:00,CARD
1454,299,299,999.00,SUCCESS,2026-03-19 12:20:00,NET_BANKING
1455,299,299,999.00,SUCCESS,2026-04-21 09:03:00,CARD
1456,299,299,999.00,SUCCESS,2026-05-14 10:59:00,CARD
1457,299,299,999.00,SUCCESS,2026-06-02 14:43:00,UPI
1458,299,299,999.00,FAILED,2026-07-01 12:16:00,UPI
1459,299,299,999.00,SUCCESS,2026-08-03 12:36:00,UPI
1460,300,300,999.00,FAILED,2026-08-03 15:13:00,NET_BANKING
1461,301,301,999.00,SUCCESS,2026-01-03 15:16:00,WALLET
1462,301,301,999.00,SUCCESS,2026-02-13 13:06:00,CARD
1463,301,301,999.00,SUCCESS,2026-03-11 13:43:00,UPI
1464,301,301,999.00,SUCCESS,2026-04-20 17:59:00,WALLET
1465,301,301,999.00,SUCCESS,2026-05-22 18:24:00,CARD
1466,301,301,999.00,SUCCESS,2026-06-01 12:21:00,UPI
1467,301,301,999.00,SUCCESS,2026-07-06 15:42:00,NET_BANKING
1468,301,301,999.00,SUCCESS,2026-08-06 20:50:00,NET_BANKING
1469,302,302,2499.00,SUCCESS,2026-01-07 10:30:00,NET_BANKING
1470,302,302,2499.00,SUCCESS,2026-02-21 12:35:00,NET_BANKING
1471,302,302,2499.00,SUCCESS,2026-03-15 14:11:00,WALLET
1472,302,302,2499.00,SUCCESS,2026-04-16 12:15:00,NET_BANKING
1473,302,302,2499.00,SUCCESS,2026-05-24 13:07:00,WALLET
1474,302,302,2499.00,SUCCESS,2026-06-01 13:09:00,CARD
1475,302,302,2499.00,SUCCESS,2026-07-08 09:18:00,NET_BANKING
1476,302,302,2499.00,SUCCESS,2026-08-17 15:55:00,UPI
1477,303,303,999.00,SUCCESS,2026-03-07 08:56:00,NET_BANKING
1478,303,303,999.00,SUCCESS,2026-04-01 12:22:00,UPI
1479,303,303,999.00,SUCCESS,2026-05-13 13:21:00,NET_BANKING
1480,303,303,999.00,SUCCESS,2026-06-09 15:15:00,UPI
1481,303,303,999.00,SUCCESS,2026-07-25 18:57:00,WALLET
1482,303,303,999.00,SUCCESS,2026-08-09 18:37:00,NET_BANKING
1483,304,304,999.00,SUCCESS,2026-04-17 13:51:00,WALLET
1484,304,304,999.00,SUCCESS,2026-05-17 20:14:00,NET_BANKING
1485,304,304,999.00,SUCCESS,2026-06-14 09:04:00,CARD
1486,304,304,999.00,SUCCESS,2026-07-18 15:36:00,NET_BANKING
1487,304,304,999.00,SUCCESS,2026-08-22 08:44:00,NET_BANKING
1488,305,305,2499.00,SUCCESS,2026-01-24 14:11:00,CARD
1489,305,305,2499.00,SUCCESS,2026-02-12 08:46:00,NET_BANKING
1490,305,305,2499.00,SUCCESS,2026-03-09 09:41:00,WALLET
1491,305,305,2499.00,SUCCESS,2026-04-17 14:23:00,WALLET
1492,305,305,2499.00,SUCCESS,2026-05-16 10:28:00,UPI
1493,305,305,2499.00,SUCCESS,2026-06-12 12:49:00,UPI
1494,305,305,2499.00,SUCCESS,2026-07-24 08:48:00,NET_BANKING
1495,305,305,2499.00,SUCCESS,2026-08-01 10:03:00,NET_BANKING
1496,307,307,2499.00,FAILED,2026-04-07 15:18:00,WALLET
1497,307,307,2499.00,SUCCESS,2026-05-03 17:31:00,UPI
1498,307,307,2499.00,SUCCESS,2026-06-12 16:24:00,WALLET
1499,307,307,2499.00,SUCCESS,2026-07-02 15:47:00,UPI
1500,307,307,2499.00,SUCCESS,2026-08-06 15:48:00,UPI
1501,309,309,999.00,SUCCESS,2026-01-16 10:15:00,UPI
1502,309,309,999.00,SUCCESS,2026-02-19 20:54:00,CARD
1503,309,309,999.00,FAILED,2026-03-16 08:33:00,WALLET
1504,309,309,999.00,SUCCESS,2026-04-21 16:53:00,NET_BANKING
1505,309,309,999.00,SUCCESS,2026-05-16 15:05:00,UPI
1506,309,309,999.00,SUCCESS,2026-06-07 20:10:00,NET_BANKING
1507,309,309,999.00,SUCCESS,2026-07-25 18:41:00,CARD
1508,309,309,999.00,SUCCESS,2026-08-11 08:42:00,UPI
1509,310,310,9999.00,FAILED,2026-06-24 13:29:00,UPI
1510,310,310,9999.00,SUCCESS,2026-07-24 18:12:00,NET_BANKING
1511,310,310,9999.00,SUCCESS,2026-08-22 08:13:00,CARD
1512,311,311,2499.00,SUCCESS,2026-06-25 08:36:00,UPI
1513,311,311,2499.00,SUCCESS,2026-07-11 10:16:00,UPI
1514,311,311,2499.00,SUCCESS,2026-08-24 15:24:00,NET_BANKING
1515,312,312,2499.00,SUCCESS,2026-01-24 11:07:00,UPI
1516,312,312,2499.00,SUCCESS,2026-02-25 08:54:00,UPI
1517,312,312,2499.00,SUCCESS,2026-03-20 19:38:00,NET_BANKING
1518,312,312,2499.00,SUCCESS,2026-04-07 15:02:00,NET_BANKING
1519,312,312,2499.00,SUCCESS,2026-05-20 09:30:00,WALLET
1520,312,312,2499.00,SUCCESS,2026-06-01 20:52:00,NET_BANKING
1521,312,312,2499.00,SUCCESS,2026-07-05 10:13:00,CARD
1522,312,312,2499.00,SUCCESS,2026-08-23 12:51:00,WALLET
1523,313,313,999.00,SUCCESS,2026-04-08 17:14:00,CARD
1524,313,313,999.00,SUCCESS,2026-05-10 20:32:00,UPI
1525,313,313,999.00,SUCCESS,2026-06-01 18:18:00,CARD
1526,313,313,999.00,SUCCESS,2026-07-16 16:19:00,UPI
1527,313,313,999.00,SUCCESS,2026-08-25 14:54:00,UPI
1528,314,314,2499.00,SUCCESS,2026-01-12 09:26:00,WALLET
1529,314,314,2499.00,SUCCESS,2026-02-03 12:30:00,NET_BANKING
1530,314,314,2499.00,SUCCESS,2026-03-16 20:29:00,CARD
1531,314,314,2499.00,SUCCESS,2026-04-05 19:30:00,CARD
1532,314,314,2499.00,SUCCESS,2026-05-20 14:32:00,CARD
1533,314,314,2499.00,SUCCESS,2026-06-02 09:38:00,NET_BANKING
1534,314,314,2499.00,SUCCESS,2026-07-03 10:58:00,UPI
1535,314,314,2499.00,FAILED,2026-08-04 10:18:00,CARD
1536,315,315,2499.00,FAILED,2026-03-25 09:20:00,UPI
1537,315,315,2499.00,SUCCESS,2026-04-07 08:44:00,CARD
1538,315,315,2499.00,SUCCESS,2026-05-07 16:49:00,CARD
1539,316,316,999.00,SUCCESS,2026-06-15 12:59:00,NET_BANKING
1540,316,316,999.00,SUCCESS,2026-07-18 09:43:00,WALLET
1541,316,316,999.00,SUCCESS,2026-08-08 13:57:00,UPI
1542,317,317,999.00,SUCCESS,2026-01-10 09:21:00,NET_BANKING
1543,317,317,999.00,SUCCESS,2026-02-21 20:25:00,CARD
1544,317,317,999.00,SUCCESS,2026-03-22 17:49:00,NET_BANKING
1545,317,317,999.00,SUCCESS,2026-04-04 14:32:00,NET_BANKING
1546,317,317,999.00,SUCCESS,2026-05-19 13:34:00,UPI
1547,317,317,999.00,SUCCESS,2026-06-01 08:32:00,NET_BANKING
1548,317,317,999.00,SUCCESS,2026-07-20 14:13:00,NET_BANKING
1549,317,317,999.00,SUCCESS,2026-08-24 12:51:00,NET_BANKING
1550,318,318,999.00,SUCCESS,2026-02-25 09:58:00,WALLET
1551,318,318,999.00,SUCCESS,2026-03-13 08:08:00,UPI
1552,318,318,999.00,SUCCESS,2026-04-20 19:36:00,NET_BANKING
1553,318,318,999.00,SUCCESS,2026-05-05 08:28:00,NET_BANKING
1554,318,318,999.00,SUCCESS,2026-06-19 17:39:00,UPI
1555,318,318,999.00,SUCCESS,2026-07-20 16:15:00,NET_BANKING
1556,318,318,999.00,PENDING,2026-08-07 18:42:00,WALLET
1557,319,319,2499.00,FAILED,2026-01-05 10:34:00,WALLET
1558,319,319,2499.00,FAILED,2026-02-22 11:26:00,CARD
1559,319,319,2499.00,SUCCESS,2026-03-24 17:38:00,WALLET
1560,319,319,2499.00,SUCCESS,2026-04-11 15:08:00,NET_BANKING
1561,319,319,2499.00,SUCCESS,2026-05-25 20:09:00,CARD
1562,319,319,2499.00,SUCCESS,2026-06-13 19:32:00,UPI
1563,319,319,2499.00,SUCCESS,2026-07-02 13:26:00,UPI
1564,319,319,2499.00,FAILED,2026-08-25 13:13:00,UPI
1565,321,321,9999.00,SUCCESS,2026-02-12 13:09:00,WALLET
1566,321,321,9999.00,SUCCESS,2026-03-05 20:31:00,WALLET
1567,321,321,9999.00,SUCCESS,2026-04-15 12:41:00,UPI
1568,321,321,9999.00,FAILED,2026-05-11 11:19:00,UPI
1569,321,321,9999.00,SUCCESS,2026-06-19 08:19:00,CARD
1570,321,321,9999.00,SUCCESS,2026-07-25 09:01:00,NET_BANKING
1571,321,321,9999.00,SUCCESS,2026-08-11 20:33:00,UPI
1572,322,322,2499.00,SUCCESS,2026-01-15 18:40:00,CARD
1573,322,322,2499.00,SUCCESS,2026-02-21 19:54:00,WALLET
1574,322,322,2499.00,SUCCESS,2026-03-24 11:10:00,WALLET
1575,322,322,2499.00,SUCCESS,2026-04-13 15:04:00,NET_BANKING
1576,322,322,2499.00,SUCCESS,2026-05-03 15:12:00,NET_BANKING
1577,322,322,2499.00,SUCCESS,2026-06-04 11:45:00,UPI
1578,322,322,2499.00,SUCCESS,2026-07-02 08:01:00,NET_BANKING
1579,322,322,2499.00,FAILED,2026-08-01 18:37:00,CARD
1580,323,323,999.00,SUCCESS,2026-08-02 14:53:00,CARD
1581,324,324,9999.00,SUCCESS,2026-01-14 20:52:00,NET_BANKING
1582,324,324,9999.00,SUCCESS,2026-02-25 17:40:00,WALLET
1583,324,324,9999.00,SUCCESS,2026-03-04 16:55:00,WALLET
1584,324,324,9999.00,SUCCESS,2026-04-01 14:46:00,WALLET
1585,324,324,9999.00,SUCCESS,2026-05-02 19:29:00,WALLET
1586,325,325,999.00,SUCCESS,2026-01-24 10:30:00,UPI
1587,325,325,999.00,SUCCESS,2026-02-08 14:31:00,UPI
1588,325,325,999.00,SUCCESS,2026-03-02 10:40:00,NET_BANKING
1589,325,325,999.00,SUCCESS,2026-04-16 14:31:00,WALLET
1590,325,325,999.00,SUCCESS,2026-05-07 17:38:00,UPI
1591,325,325,999.00,SUCCESS,2026-06-21 11:17:00,NET_BANKING
1592,325,325,999.00,SUCCESS,2026-07-17 20:44:00,UPI
1593,325,325,999.00,FAILED,2026-08-12 09:43:00,NET_BANKING
1594,326,326,2499.00,SUCCESS,2026-06-10 12:31:00,UPI
1595,326,326,2499.00,SUCCESS,2026-07-08 16:51:00,CARD
1596,326,326,2499.00,PENDING,2026-08-14 08:38:00,UPI
1597,327,327,2499.00,SUCCESS,2026-08-20 08:10:00,CARD
1598,328,328,2499.00,SUCCESS,2026-05-09 08:03:00,WALLET
1599,328,328,2499.00,FAILED,2026-06-13 15:13:00,CARD
1600,328,328,2499.00,SUCCESS,2026-07-23 08:55:00,UPI
1601,328,328,2499.00,SUCCESS,2026-08-11 14:59:00,UPI
1602,329,329,2499.00,SUCCESS,2026-05-15 18:21:00,WALLET
1603,329,329,2499.00,SUCCESS,2026-06-01 13:50:00,WALLET
1604,329,329,2499.00,SUCCESS,2026-07-10 09:29:00,WALLET
1605,329,329,2499.00,SUCCESS,2026-08-24 09:26:00,CARD
1606,330,330,9999.00,SUCCESS,2026-03-06 10:17:00,WALLET
1607,330,330,9999.00,SUCCESS,2026-04-02 16:46:00,CARD
1608,330,330,9999.00,SUCCESS,2026-05-21 16:55:00,WALLET
1609,330,330,9999.00,SUCCESS,2026-06-22 14:53:00,CARD
1610,330,330,9999.00,SUCCESS,2026-07-25 15:18:00,UPI
1611,330,330,9999.00,SUCCESS,2026-08-17 20:53:00,CARD
1612,331,331,2499.00,SUCCESS,2026-01-08 17:14:00,CARD
1613,331,331,2499.00,SUCCESS,2026-02-03 20:57:00,WALLET
1614,331,331,2499.00,SUCCESS,2026-03-03 12:27:00,CARD
1615,331,331,2499.00,SUCCESS,2026-04-19 09:44:00,NET_BANKING
1616,331,331,2499.00,SUCCESS,2026-05-22 19:48:00,UPI
1617,331,331,2499.00,SUCCESS,2026-06-19 14:20:00,CARD
1618,331,331,2499.00,SUCCESS,2026-07-12 20:24:00,WALLET
1619,331,331,2499.00,SUCCESS,2026-08-16 09:41:00,CARD
1620,332,332,2499.00,SUCCESS,2026-01-01 13:19:00,CARD
1621,332,332,2499.00,FAILED,2026-02-13 19:57:00,UPI
1622,332,332,2499.00,SUCCESS,2026-03-25 10:36:00,WALLET
1623,332,332,2499.00,SUCCESS,2026-04-20 15:15:00,CARD
1624,332,332,2499.00,SUCCESS,2026-05-01 14:50:00,UPI
1625,332,332,2499.00,SUCCESS,2026-06-05 14:13:00,WALLET
1626,332,332,2499.00,SUCCESS,2026-07-04 14:26:00,WALLET
1627,332,332,2499.00,SUCCESS,2026-08-10 09:07:00,NET_BANKING
1628,333,333,2499.00,SUCCESS,2026-05-10 11:47:00,NET_BANKING
1629,333,333,2499.00,SUCCESS,2026-06-21 15:42:00,WALLET
1630,333,333,2499.00,SUCCESS,2026-07-22 13:22:00,NET_BANKING
1631,333,333,2499.00,SUCCESS,2026-08-19 13:11:00,UPI
1632,334,334,999.00,SUCCESS,2026-04-06 19:59:00,NET_BANKING
1633,334,334,999.00,SUCCESS,2026-05-22 14:51:00,CARD
1634,334,334,999.00,SUCCESS,2026-06-09 08:15:00,UPI
1635,334,334,999.00,SUCCESS,2026-07-02 12:25:00,CARD
1636,334,334,999.00,SUCCESS,2026-08-06 12:44:00,NET_BANKING
1637,336,336,9999.00,SUCCESS,2026-01-15 20:42:00,CARD
1638,336,336,9999.00,SUCCESS,2026-02-14 18:19:00,WALLET
1639,336,336,9999.00,SUCCESS,2026-03-14 20:16:00,CARD
1640,336,336,9999.00,SUCCESS,2026-04-10 10:30:00,CARD
1641,336,336,9999.00,SUCCESS,2026-05-23 15:52:00,UPI
1642,336,336,9999.00,SUCCESS,2026-06-16 10:28:00,NET_BANKING
1643,336,336,9999.00,SUCCESS,2026-07-14 19:38:00,WALLET
1644,336,336,9999.00,SUCCESS,2026-08-17 13:41:00,CARD
1645,337,337,2499.00,SUCCESS,2026-01-20 13:07:00,NET_BANKING
1646,337,337,2499.00,SUCCESS,2026-02-05 08:23:00,CARD
1647,337,337,2499.00,SUCCESS,2026-03-21 16:58:00,UPI
1648,337,337,2499.00,SUCCESS,2026-04-23 09:35:00,NET_BANKING
1649,337,337,2499.00,SUCCESS,2026-05-01 08:24:00,WALLET
1650,337,337,2499.00,SUCCESS,2026-06-22 14:12:00,CARD
1651,337,337,2499.00,SUCCESS,2026-07-24 09:48:00,UPI
1652,337,337,2499.00,FAILED,2026-08-21 19:00:00,WALLET
1653,338,338,2499.00,PENDING,2026-07-20 17:52:00,NET_BANKING
1654,338,338,2499.00,SUCCESS,2026-08-22 14:22:00,UPI
1655,339,339,2499.00,SUCCESS,2026-05-02 14:14:00,UPI
1656,339,339,2499.00,SUCCESS,2026-06-02 17:00:00,CARD
1657,339,339,2499.00,SUCCESS,2026-07-13 10:05:00,WALLET
1658,339,339,2499.00,SUCCESS,2026-08-04 08:17:00,CARD
1659,340,340,999.00,SUCCESS,2026-04-25 17:11:00,CARD
1660,340,340,999.00,SUCCESS,2026-05-04 09:06:00,NET_BANKING
1661,340,340,999.00,SUCCESS,2026-06-24 13:30:00,UPI
1662,340,340,999.00,SUCCESS,2026-07-17 09:18:00,CARD
1663,340,340,999.00,SUCCESS,2026-08-10 15:47:00,UPI
1664,341,341,999.00,SUCCESS,2026-01-17 08:39:00,CARD
1665,341,341,999.00,SUCCESS,2026-02-06 17:44:00,WALLET
1666,341,341,999.00,FAILED,2026-03-02 08:45:00,WALLET
1667,341,341,999.00,SUCCESS,2026-04-13 10:06:00,UPI
1668,341,341,999.00,SUCCESS,2026-05-05 11:48:00,WALLET
1669,341,341,999.00,SUCCESS,2026-06-24 10:48:00,UPI
1670,341,341,999.00,SUCCESS,2026-07-04 11:43:00,WALLET
1671,342,342,2499.00,SUCCESS,2026-01-21 14:42:00,WALLET
1672,342,342,2499.00,SUCCESS,2026-02-05 11:37:00,CARD
1673,342,342,2499.00,SUCCESS,2026-03-02 16:15:00,CARD
1674,342,342,2499.00,SUCCESS,2026-04-02 13:37:00,CARD
1675,342,342,2499.00,SUCCESS,2026-05-17 17:17:00,WALLET
1676,342,342,2499.00,SUCCESS,2026-06-13 13:39:00,UPI
1677,342,342,2499.00,SUCCESS,2026-07-22 14:24:00,NET_BANKING
1678,342,342,2499.00,FAILED,2026-08-22 11:23:00,WALLET
1679,343,343,2499.00,SUCCESS,2026-01-21 14:49:00,WALLET
1680,343,343,2499.00,SUCCESS,2026-02-05 18:16:00,UPI
1681,343,343,2499.00,SUCCESS,2026-03-05 12:19:00,CARD
1682,343,343,2499.00,SUCCESS,2026-04-10 12:57:00,CARD
1683,343,343,2499.00,SUCCESS,2026-05-17 14:37:00,NET_BANKING
1684,343,343,2499.00,SUCCESS,2026-06-21 13:32:00,WALLET
1685,343,343,2499.00,SUCCESS,2026-07-08 16:16:00,NET_BANKING
1686,343,343,2499.00,SUCCESS,2026-08-22 15:25:00,UPI
1687,344,344,9999.00,SUCCESS,2026-01-08 10:38:00,CARD
1688,344,344,9999.00,SUCCESS,2026-02-02 15:28:00,WALLET
1689,344,344,9999.00,FAILED,2026-03-21 15:01:00,CARD
1690,344,344,9999.00,SUCCESS,2026-04-02 13:30:00,NET_BANKING
1691,344,344,9999.00,SUCCESS,2026-05-03 08:56:00,UPI
1692,344,344,9999.00,SUCCESS,2026-06-23 08:21:00,UPI
1693,344,344,9999.00,SUCCESS,2026-07-24 17:03:00,CARD
1694,344,344,9999.00,SUCCESS,2026-08-21 14:58:00,UPI
1695,346,346,2499.00,SUCCESS,2026-01-24 10:53:00,UPI
1696,346,346,2499.00,SUCCESS,2026-02-09 12:34:00,WALLET
1697,346,346,2499.00,SUCCESS,2026-03-19 12:35:00,WALLET
1698,346,346,2499.00,SUCCESS,2026-04-21 20:44:00,NET_BANKING
1699,346,346,2499.00,SUCCESS,2026-05-19 09:15:00,CARD
1700,346,346,2499.00,PENDING,2026-06-23 11:31:00,NET_BANKING
1701,346,346,2499.00,SUCCESS,2026-07-10 14:38:00,NET_BANKING
1702,347,347,2499.00,SUCCESS,2026-01-10 11:40:00,WALLET
1703,347,347,2499.00,SUCCESS,2026-02-08 11:44:00,CARD
1704,347,347,2499.00,SUCCESS,2026-03-19 16:04:00,UPI
1705,347,347,2499.00,SUCCESS,2026-04-17 14:26:00,CARD
1706,347,347,2499.00,SUCCESS,2026-05-12 14:20:00,UPI
1707,347,347,2499.00,FAILED,2026-06-02 14:50:00,NET_BANKING
1708,347,347,2499.00,SUCCESS,2026-07-05 09:37:00,CARD
1709,347,347,2499.00,SUCCESS,2026-08-13 14:35:00,NET_BANKING
1710,348,348,999.00,SUCCESS,2026-03-14 12:01:00,WALLET
1711,348,348,999.00,SUCCESS,2026-04-14 16:58:00,WALLET
1712,348,348,999.00,SUCCESS,2026-05-15 12:25:00,WALLET
1713,348,348,999.00,FAILED,2026-06-03 13:29:00,WALLET
1714,348,348,999.00,SUCCESS,2026-07-19 20:07:00,CARD
1715,348,348,999.00,SUCCESS,2026-08-06 10:14:00,UPI
1716,349,349,999.00,SUCCESS,2026-01-07 18:05:00,CARD
1717,349,349,999.00,SUCCESS,2026-02-15 09:19:00,WALLET
1718,349,349,999.00,SUCCESS,2026-03-08 19:22:00,UPI
1719,349,349,999.00,SUCCESS,2026-04-11 19:22:00,UPI
1720,349,349,999.00,SUCCESS,2026-05-07 15:39:00,WALLET
1721,349,349,999.00,SUCCESS,2026-06-24 14:24:00,NET_BANKING
1722,349,349,999.00,SUCCESS,2026-07-12 19:10:00,NET_BANKING
1723,349,349,999.00,SUCCESS,2026-08-19 12:17:00,CARD
1724,350,350,999.00,SUCCESS,2026-06-18 14:12:00,UPI
1725,350,350,999.00,SUCCESS,2026-07-02 11:09:00,WALLET
1726,350,350,999.00,SUCCESS,2026-08-21 10:47:00,CARD
1727,351,351,999.00,SUCCESS,2026-06-20 09:55:00,UPI
1728,351,351,999.00,SUCCESS,2026-07-08 15:02:00,NET_BANKING
1729,351,351,999.00,SUCCESS,2026-08-17 13:48:00,UPI
1730,352,352,999.00,SUCCESS,2026-05-15 18:35:00,CARD
1731,352,352,999.00,SUCCESS,2026-06-07 15:40:00,WALLET
1732,352,352,999.00,SUCCESS,2026-07-25 17:45:00,WALLET
1733,352,352,999.00,SUCCESS,2026-08-01 12:45:00,UPI
1734,353,353,2499.00,SUCCESS,2026-03-06 16:55:00,CARD
1735,353,353,2499.00,SUCCESS,2026-04-08 20:45:00,CARD
1736,353,353,2499.00,SUCCESS,2026-05-05 14:14:00,NET_BANKING
1737,353,353,2499.00,SUCCESS,2026-06-24 14:29:00,CARD
1738,353,353,2499.00,SUCCESS,2026-07-05 20:17:00,NET_BANKING
1739,353,353,2499.00,SUCCESS,2026-08-02 20:14:00,NET_BANKING
1740,354,354,999.00,FAILED,2026-01-10 15:12:00,UPI
1741,354,354,999.00,SUCCESS,2026-02-06 14:08:00,NET_BANKING
1742,354,354,999.00,SUCCESS,2026-03-08 12:35:00,WALLET
1743,354,354,999.00,SUCCESS,2026-04-02 10:32:00,NET_BANKING
1744,354,354,999.00,SUCCESS,2026-05-22 15:58:00,UPI
1745,354,354,999.00,SUCCESS,2026-06-15 17:29:00,CARD
1746,354,354,999.00,SUCCESS,2026-07-05 14:22:00,NET_BANKING
1747,354,354,999.00,SUCCESS,2026-08-11 17:28:00,CARD
1748,355,355,999.00,SUCCESS,2026-07-16 13:42:00,CARD
1749,355,355,999.00,FAILED,2026-08-06 13:27:00,WALLET
1750,356,356,999.00,SUCCESS,2026-03-14 15:29:00,CARD
1751,356,356,999.00,SUCCESS,2026-04-06 11:35:00,UPI
1752,356,356,999.00,SUCCESS,2026-05-10 10:55:00,WALLET
1753,356,356,999.00,SUCCESS,2026-06-11 10:59:00,UPI
1754,356,356,999.00,SUCCESS,2026-07-17 14:33:00,NET_BANKING
1755,356,356,999.00,SUCCESS,2026-08-16 13:43:00,WALLET
1756,357,357,999.00,SUCCESS,2026-05-13 13:38:00,WALLET
1757,357,357,999.00,SUCCESS,2026-06-10 15:09:00,UPI
1758,357,357,999.00,SUCCESS,2026-07-23 16:04:00,CARD
1759,357,357,999.00,FAILED,2026-08-25 10:11:00,UPI
1760,359,359,2499.00,SUCCESS,2026-01-09 15:09:00,NET_BANKING
1761,359,359,2499.00,SUCCESS,2026-02-22 09:48:00,NET_BANKING
1762,359,359,2499.00,SUCCESS,2026-03-09 19:28:00,WALLET
1763,359,359,2499.00,SUCCESS,2026-04-23 12:44:00,WALLET
1764,359,359,2499.00,SUCCESS,2026-05-04 18:16:00,UPI
1765,359,359,2499.00,SUCCESS,2026-06-25 09:21:00,WALLET
1766,359,359,2499.00,SUCCESS,2026-07-13 19:36:00,WALLET
1767,359,359,2499.00,FAILED,2026-08-08 10:50:00,UPI
1768,360,360,2499.00,SUCCESS,2026-05-21 12:36:00,NET_BANKING
1769,361,361,999.00,SUCCESS,2026-07-18 20:49:00,UPI
1770,361,361,999.00,SUCCESS,2026-08-09 16:47:00,UPI
1771,362,362,999.00,SUCCESS,2026-06-01 12:01:00,NET_BANKING
1772,362,362,999.00,FAILED,2026-07-04 15:59:00,WALLET
1773,362,362,999.00,SUCCESS,2026-08-08 09:42:00,UPI
1774,363,363,2499.00,SUCCESS,2026-01-05 17:15:00,UPI
1775,363,363,2499.00,SUCCESS,2026-02-23 11:07:00,WALLET
1776,363,363,2499.00,SUCCESS,2026-03-13 13:29:00,WALLET
1777,364,364,999.00,SUCCESS,2026-01-17 19:07:00,CARD
1778,364,364,999.00,SUCCESS,2026-02-25 10:30:00,UPI
1779,364,364,999.00,SUCCESS,2026-03-14 11:33:00,UPI
1780,364,364,999.00,SUCCESS,2026-04-06 14:02:00,CARD
1781,364,364,999.00,SUCCESS,2026-05-03 18:22:00,NET_BANKING
1782,364,364,999.00,SUCCESS,2026-06-06 19:04:00,NET_BANKING
1783,364,364,999.00,SUCCESS,2026-07-09 10:46:00,CARD
1784,364,364,999.00,SUCCESS,2026-08-17 16:12:00,NET_BANKING
1785,365,365,2499.00,SUCCESS,2026-01-09 09:18:00,NET_BANKING
1786,365,365,2499.00,SUCCESS,2026-02-14 10:17:00,CARD
1787,365,365,2499.00,SUCCESS,2026-03-24 18:28:00,CARD
1788,365,365,2499.00,SUCCESS,2026-04-15 15:31:00,CARD
1789,365,365,2499.00,SUCCESS,2026-05-15 15:24:00,WALLET
1790,365,365,2499.00,SUCCESS,2026-06-06 08:24:00,UPI
1791,365,365,2499.00,SUCCESS,2026-07-18 12:59:00,UPI
1792,365,365,2499.00,SUCCESS,2026-08-10 16:05:00,UPI
1793,366,366,2499.00,SUCCESS,2026-03-16 10:08:00,WALLET
1794,366,366,2499.00,SUCCESS,2026-04-10 14:59:00,CARD
1795,366,366,2499.00,SUCCESS,2026-05-25 16:27:00,CARD
1796,366,366,2499.00,SUCCESS,2026-06-04 09:19:00,UPI
1797,366,366,2499.00,SUCCESS,2026-07-09 11:45:00,NET_BANKING
1798,366,366,2499.00,SUCCESS,2026-08-09 17:27:00,CARD
1799,367,367,2499.00,SUCCESS,2026-01-08 09:31:00,NET_BANKING
1800,367,367,2499.00,SUCCESS,2026-02-24 10:39:00,WALLET
1801,367,367,2499.00,SUCCESS,2026-03-06 12:21:00,CARD
1802,367,367,2499.00,SUCCESS,2026-04-03 13:21:00,UPI
1803,367,367,2499.00,SUCCESS,2026-05-08 16:05:00,UPI
1804,367,367,2499.00,SUCCESS,2026-06-11 17:40:00,CARD
1805,367,367,2499.00,SUCCESS,2026-07-25 10:09:00,WALLET
1806,367,367,2499.00,FAILED,2026-08-12 13:20:00,UPI
1807,368,368,999.00,SUCCESS,2026-01-21 17:42:00,CARD
1808,368,368,999.00,SUCCESS,2026-02-18 11:26:00,CARD
1809,368,368,999.00,SUCCESS,2026-03-17 12:09:00,NET_BANKING
1810,368,368,999.00,SUCCESS,2026-04-06 16:48:00,CARD
1811,368,368,999.00,SUCCESS,2026-05-03 11:54:00,NET_BANKING
1812,368,368,999.00,SUCCESS,2026-06-02 20:01:00,WALLET
1813,368,368,999.00,SUCCESS,2026-07-08 19:02:00,UPI
1814,368,368,999.00,SUCCESS,2026-08-11 17:53:00,UPI
1815,369,369,999.00,SUCCESS,2026-04-25 13:35:00,WALLET
1816,369,369,999.00,SUCCESS,2026-05-07 14:45:00,UPI
1817,369,369,999.00,SUCCESS,2026-06-21 12:59:00,NET_BANKING
1818,369,369,999.00,SUCCESS,2026-07-22 15:58:00,CARD
1819,369,369,999.00,SUCCESS,2026-08-07 17:16:00,UPI
1820,370,370,2499.00,SUCCESS,2026-01-24 17:20:00,UPI
1821,370,370,2499.00,SUCCESS,2026-02-18 10:19:00,NET_BANKING
1822,370,370,2499.00,SUCCESS,2026-03-14 13:16:00,WALLET
1823,370,370,2499.00,SUCCESS,2026-04-12 11:55:00,WALLET
1824,370,370,2499.00,SUCCESS,2026-05-04 18:35:00,UPI
1825,370,370,2499.00,SUCCESS,2026-06-22 12:36:00,UPI
1826,370,370,2499.00,SUCCESS,2026-07-23 10:51:00,UPI
1827,370,370,2499.00,SUCCESS,2026-08-04 12:26:00,UPI
1828,371,371,999.00,SUCCESS,2026-06-04 19:57:00,WALLET
1829,371,371,999.00,SUCCESS,2026-07-13 12:08:00,WALLET
1830,371,371,999.00,SUCCESS,2026-08-17 16:44:00,WALLET
1831,373,373,999.00,SUCCESS,2026-01-10 16:30:00,NET_BANKING
1832,373,373,999.00,SUCCESS,2026-02-19 11:38:00,UPI
1833,373,373,999.00,SUCCESS,2026-03-24 14:22:00,WALLET
1834,373,373,999.00,SUCCESS,2026-04-07 14:04:00,WALLET
1835,373,373,999.00,SUCCESS,2026-05-21 17:13:00,UPI
1836,373,373,999.00,SUCCESS,2026-06-13 18:05:00,CARD
1837,373,373,999.00,SUCCESS,2026-07-02 19:44:00,WALLET
1838,373,373,999.00,SUCCESS,2026-08-17 10:49:00,NET_BANKING
1839,374,374,2499.00,SUCCESS,2026-01-12 17:09:00,WALLET
1840,374,374,2499.00,SUCCESS,2026-02-20 20:36:00,NET_BANKING
1841,374,374,2499.00,SUCCESS,2026-03-09 15:13:00,NET_BANKING
1842,374,374,2499.00,SUCCESS,2026-04-06 11:54:00,WALLET
1843,374,374,2499.00,SUCCESS,2026-05-23 18:00:00,NET_BANKING
1844,374,374,2499.00,SUCCESS,2026-06-01 20:59:00,UPI
1845,374,374,2499.00,SUCCESS,2026-07-04 12:50:00,UPI
1846,374,374,2499.00,FAILED,2026-08-24 18:02:00,CARD
1847,375,375,999.00,SUCCESS,2026-01-20 11:02:00,CARD
1848,375,375,999.00,SUCCESS,2026-02-24 14:07:00,UPI
1849,375,375,999.00,SUCCESS,2026-03-05 12:02:00,CARD
1850,375,375,999.00,SUCCESS,2026-04-20 11:12:00,CARD
1851,375,375,999.00,SUCCESS,2026-05-13 20:44:00,NET_BANKING
1852,375,375,999.00,SUCCESS,2026-06-02 17:34:00,UPI
1853,375,375,999.00,SUCCESS,2026-07-16 08:31:00,UPI
1854,375,375,999.00,SUCCESS,2026-08-12 19:29:00,WALLET
1855,376,376,9999.00,SUCCESS,2026-07-06 14:35:00,WALLET
1856,376,376,9999.00,SUCCESS,2026-08-15 09:09:00,UPI
1857,377,377,999.00,SUCCESS,2026-04-18 14:33:00,UPI
1858,377,377,999.00,SUCCESS,2026-05-17 20:18:00,CARD
1859,378,378,2499.00,SUCCESS,2026-03-09 13:34:00,UPI
1860,378,378,2499.00,SUCCESS,2026-04-11 13:16:00,WALLET
1861,378,378,2499.00,SUCCESS,2026-05-06 10:21:00,CARD
1862,378,378,2499.00,SUCCESS,2026-06-22 13:14:00,NET_BANKING
1863,378,378,2499.00,SUCCESS,2026-07-04 11:57:00,NET_BANKING
1864,378,378,2499.00,SUCCESS,2026-08-06 18:32:00,UPI
1865,379,379,2499.00,SUCCESS,2026-01-01 12:01:00,WALLET
1866,379,379,2499.00,SUCCESS,2026-02-14 20:28:00,NET_BANKING
1867,379,379,2499.00,SUCCESS,2026-03-25 13:43:00,NET_BANKING
1868,379,379,2499.00,SUCCESS,2026-04-12 14:29:00,UPI
1869,379,379,2499.00,SUCCESS,2026-05-05 16:45:00,WALLET
1870,379,379,2499.00,SUCCESS,2026-06-07 17:22:00,WALLET
1871,379,379,2499.00,SUCCESS,2026-07-02 09:32:00,UPI
1872,379,379,2499.00,SUCCESS,2026-08-15 19:25:00,CARD
1873,380,380,999.00,SUCCESS,2026-01-21 08:23:00,CARD
1874,380,380,999.00,SUCCESS,2026-02-10 10:22:00,WALLET
1875,380,380,999.00,SUCCESS,2026-03-02 12:35:00,UPI
1876,380,380,999.00,SUCCESS,2026-04-07 12:14:00,CARD
1877,380,380,999.00,SUCCESS,2026-05-02 15:04:00,WALLET
1878,380,380,999.00,SUCCESS,2026-06-09 09:13:00,CARD
1879,380,380,999.00,SUCCESS,2026-07-14 18:28:00,CARD
1880,380,380,999.00,SUCCESS,2026-08-18 11:42:00,WALLET
1881,381,381,2499.00,SUCCESS,2026-01-23 11:06:00,CARD
1882,381,381,2499.00,SUCCESS,2026-02-10 12:08:00,CARD
1883,381,381,2499.00,SUCCESS,2026-03-02 17:02:00,NET_BANKING
1884,381,381,2499.00,SUCCESS,2026-04-15 20:09:00,NET_BANKING
1885,381,381,2499.00,SUCCESS,2026-05-16 18:38:00,UPI
1886,381,381,2499.00,SUCCESS,2026-06-04 17:50:00,UPI
1887,381,381,2499.00,SUCCESS,2026-07-22 13:18:00,NET_BANKING
1888,382,382,999.00,SUCCESS,2026-06-22 15:59:00,NET_BANKING
1889,382,382,999.00,SUCCESS,2026-07-05 11:56:00,NET_BANKING
1890,382,382,999.00,SUCCESS,2026-08-25 10:31:00,CARD
1891,383,383,999.00,SUCCESS,2026-01-22 08:21:00,WALLET
1892,383,383,999.00,SUCCESS,2026-02-01 11:50:00,WALLET
1893,383,383,999.00,SUCCESS,2026-03-12 12:43:00,NET_BANKING
1894,383,383,999.00,SUCCESS,2026-04-22 10:06:00,WALLET
1895,383,383,999.00,PENDING,2026-05-25 17:15:00,WALLET
1896,383,383,999.00,SUCCESS,2026-06-18 17:13:00,CARD
1897,383,383,999.00,SUCCESS,2026-07-03 20:44:00,WALLET
1898,383,383,999.00,SUCCESS,2026-08-20 17:36:00,UPI
1899,384,384,2499.00,SUCCESS,2026-03-08 08:24:00,NET_BANKING
1900,384,384,2499.00,SUCCESS,2026-04-02 09:34:00,CARD
1901,384,384,2499.00,SUCCESS,2026-05-12 13:56:00,CARD
1902,384,384,2499.00,SUCCESS,2026-06-09 10:47:00,CARD
1903,384,384,2499.00,SUCCESS,2026-07-12 20:04:00,UPI
1904,384,384,2499.00,SUCCESS,2026-08-10 10:32:00,UPI
1905,385,385,999.00,SUCCESS,2026-01-01 14:35:00,NET_BANKING
1906,385,385,999.00,SUCCESS,2026-02-19 09:01:00,CARD
1907,385,385,999.00,SUCCESS,2026-03-21 11:52:00,NET_BANKING
1908,385,385,999.00,SUCCESS,2026-04-10 10:02:00,WALLET
1909,385,385,999.00,SUCCESS,2026-05-22 14:56:00,NET_BANKING
1910,385,385,999.00,SUCCESS,2026-06-04 09:10:00,CARD
1911,385,385,999.00,SUCCESS,2026-07-15 09:20:00,UPI
1912,385,385,999.00,SUCCESS,2026-08-01 14:31:00,CARD
1913,387,387,9999.00,SUCCESS,2026-06-02 16:46:00,UPI
1914,387,387,9999.00,FAILED,2026-07-02 20:19:00,UPI
1915,387,387,9999.00,SUCCESS,2026-08-16 19:59:00,UPI
1916,388,388,2499.00,SUCCESS,2026-01-12 17:15:00,WALLET
1917,388,388,2499.00,FAILED,2026-02-07 18:39:00,UPI
1918,388,388,2499.00,SUCCESS,2026-03-02 15:59:00,UPI
1919,388,388,2499.00,SUCCESS,2026-04-24 17:21:00,UPI
1920,388,388,2499.00,SUCCESS,2026-05-19 12:07:00,WALLET
1921,388,388,2499.00,SUCCESS,2026-06-04 09:05:00,NET_BANKING
1922,388,388,2499.00,SUCCESS,2026-07-03 14:43:00,WALLET
1923,388,388,2499.00,SUCCESS,2026-08-04 08:07:00,WALLET
1924,389,389,999.00,SUCCESS,2026-05-18 18:09:00,CARD
1925,389,389,999.00,SUCCESS,2026-06-10 10:26:00,WALLET
1926,389,389,999.00,SUCCESS,2026-07-05 18:39:00,UPI
1927,389,389,999.00,SUCCESS,2026-08-07 08:56:00,WALLET
1928,390,390,2499.00,FAILED,2026-01-14 13:27:00,WALLET
1929,390,390,2499.00,SUCCESS,2026-02-15 19:06:00,CARD
1930,390,390,2499.00,SUCCESS,2026-03-22 14:52:00,UPI
1931,390,390,2499.00,SUCCESS,2026-04-22 16:58:00,CARD
1932,390,390,2499.00,SUCCESS,2026-05-07 10:44:00,NET_BANKING
1933,390,390,2499.00,SUCCESS,2026-06-07 16:45:00,NET_BANKING
1934,390,390,2499.00,SUCCESS,2026-07-22 16:28:00,NET_BANKING
1935,390,390,2499.00,SUCCESS,2026-08-20 12:57:00,CARD
1936,391,391,999.00,SUCCESS,2026-02-03 16:17:00,NET_BANKING
1937,391,391,999.00,SUCCESS,2026-03-13 14:42:00,NET_BANKING
1938,391,391,999.00,SUCCESS,2026-04-20 12:35:00,NET_BANKING
1939,391,391,999.00,SUCCESS,2026-05-25 14:48:00,WALLET
1940,391,391,999.00,SUCCESS,2026-06-13 14:19:00,NET_BANKING
1941,391,391,999.00,SUCCESS,2026-07-16 19:56:00,UPI
1942,391,391,999.00,SUCCESS,2026-08-13 12:50:00,NET_BANKING
1943,392,392,999.00,SUCCESS,2026-05-16 16:21:00,CARD
1944,392,392,999.00,SUCCESS,2026-06-21 15:11:00,CARD
1945,392,392,999.00,SUCCESS,2026-07-11 17:50:00,UPI
1946,392,392,999.00,SUCCESS,2026-08-06 11:20:00,WALLET
1947,393,393,9999.00,SUCCESS,2026-01-12 17:35:00,NET_BANKING
1948,393,393,9999.00,SUCCESS,2026-02-21 12:33:00,UPI
1949,393,393,9999.00,SUCCESS,2026-03-03 12:32:00,CARD
1950,393,393,9999.00,SUCCESS,2026-04-05 11:08:00,NET_BANKING
1951,393,393,9999.00,SUCCESS,2026-05-14 08:48:00,UPI
1952,393,393,9999.00,SUCCESS,2026-06-09 17:52:00,WALLET
1953,393,393,9999.00,SUCCESS,2026-07-24 12:40:00,UPI
1954,393,393,9999.00,FAILED,2026-08-25 18:30:00,UPI
1955,394,394,999.00,SUCCESS,2026-08-11 13:18:00,NET_BANKING
1956,395,395,2499.00,SUCCESS,2026-01-14 15:10:00,WALLET
1957,395,395,2499.00,SUCCESS,2026-02-07 17:56:00,NET_BANKING
1958,395,395,2499.00,SUCCESS,2026-03-17 17:49:00,NET_BANKING
1959,395,395,2499.00,SUCCESS,2026-04-06 08:21:00,WALLET
1960,395,395,2499.00,SUCCESS,2026-05-21 19:46:00,UPI
1961,395,395,2499.00,SUCCESS,2026-06-12 09:41:00,UPI
1962,395,395,2499.00,SUCCESS,2026-07-14 17:36:00,CARD
1963,395,395,2499.00,SUCCESS,2026-08-13 19:51:00,UPI
1964,396,396,999.00,SUCCESS,2026-01-08 11:18:00,NET_BANKING
1965,396,396,999.00,SUCCESS,2026-02-08 17:49:00,NET_BANKING
1966,396,396,999.00,SUCCESS,2026-03-06 17:08:00,CARD
1967,396,396,999.00,SUCCESS,2026-04-08 14:53:00,CARD
1968,396,396,999.00,SUCCESS,2026-05-23 18:41:00,UPI
1969,396,396,999.00,SUCCESS,2026-06-14 08:34:00,CARD
1970,396,396,999.00,SUCCESS,2026-07-09 13:43:00,WALLET
1971,396,396,999.00,SUCCESS,2026-08-22 19:48:00,UPI
1972,397,397,999.00,SUCCESS,2026-01-13 17:46:00,WALLET
1973,397,397,999.00,SUCCESS,2026-02-15 09:56:00,NET_BANKING
1974,397,397,999.00,SUCCESS,2026-03-01 08:33:00,WALLET
1975,397,397,999.00,SUCCESS,2026-04-07 17:15:00,NET_BANKING
1976,397,397,999.00,SUCCESS,2026-05-12 14:06:00,WALLET
1977,397,397,999.00,SUCCESS,2026-06-18 11:47:00,UPI
1978,397,397,999.00,FAILED,2026-07-10 14:18:00,NET_BANKING
1979,397,397,999.00,SUCCESS,2026-08-25 20:03:00,WALLET
1980,398,398,999.00,FAILED,2026-01-17 08:06:00,NET_BANKING
1981,398,398,999.00,SUCCESS,2026-02-18 14:33:00,NET_BANKING
1982,398,398,999.00,SUCCESS,2026-03-09 19:09:00,UPI
1983,398,398,999.00,SUCCESS,2026-04-21 18:11:00,UPI
1984,398,398,999.00,SUCCESS,2026-05-10 11:38:00,UPI
1985,398,398,999.00,SUCCESS,2026-06-09 20:13:00,UPI
1986,398,398,999.00,SUCCESS,2026-07-21 09:28:00,UPI
1987,398,398,999.00,SUCCESS,2026-08-20 19:27:00,NET_BANKING
1988,400,400,2499.00,FAILED,2026-02-19 14:01:00,WALLET
1989,400,400,2499.00,PENDING,2026-03-05 13:55:00,UPI
1990,400,400,2499.00,SUCCESS,2026-04-15 09:57:00,WALLET
1991,400,400,2499.00,SUCCESS,2026-05-19 17:54:00,WALLET
1992,400,400,2499.00,SUCCESS,2026-06-25 19:40:00,WALLET
1993,400,400,2499.00,SUCCESS,2026-07-12 09:48:00,CARD
1994,400,400,2499.00,SUCCESS,2026-08-19 20:02:00,WALLET
1995,401,401,9999.00,SUCCESS,2026-01-22 17:03:00,WALLET
1996,401,401,9999.00,SUCCESS,2026-02-07 12:08:00,NET_BANKING
1997,401,401,9999.00,SUCCESS,2026-03-05 18:59:00,WALLET
1998,401,401,9999.00,SUCCESS,2026-04-22 19:04:00,WALLET
1999,401,401,9999.00,SUCCESS,2026-05-22 09:36:00,WALLET
2000,401,401,9999.00,SUCCESS,2026-06-24 13:06:00,CARD
2001,401,401,9999.00,SUCCESS,2026-07-05 09:56:00,WALLET
2002,401,401,9999.00,SUCCESS,2026-08-19 20:57:00,UPI
2003,402,402,2499.00,SUCCESS,2026-05-09 14:22:00,WALLET
2004,402,402,2499.00,SUCCESS,2026-06-23 20:50:00,NET_BANKING
2005,402,402,2499.00,SUCCESS,2026-07-16 13:41:00,NET_BANKING
2006,402,402,2499.00,SUCCESS,2026-08-14 13:19:00,CARD
2007,403,403,2499.00,SUCCESS,2026-01-12 20:04:00,NET_BANKING
2008,403,403,2499.00,SUCCESS,2026-02-12 12:03:00,NET_BANKING
2009,403,403,2499.00,SUCCESS,2026-03-12 08:20:00,UPI
2010,403,403,2499.00,SUCCESS,2026-04-07 11:54:00,WALLET
2011,403,403,2499.00,SUCCESS,2026-05-15 11:05:00,UPI
2012,403,403,2499.00,SUCCESS,2026-06-25 08:44:00,WALLET
2013,403,403,2499.00,SUCCESS,2026-07-01 19:46:00,CARD
2014,403,403,2499.00,SUCCESS,2026-08-16 09:34:00,UPI
2015,404,404,999.00,SUCCESS,2026-01-08 11:09:00,CARD
2016,404,404,999.00,SUCCESS,2026-02-06 15:56:00,WALLET
2017,404,404,999.00,SUCCESS,2026-03-03 16:31:00,CARD
2018,404,404,999.00,SUCCESS,2026-04-02 11:43:00,NET_BANKING
2019,404,404,999.00,SUCCESS,2026-05-14 09:28:00,UPI
2020,404,404,999.00,SUCCESS,2026-06-20 10:30:00,UPI
2021,404,404,999.00,SUCCESS,2026-07-01 18:14:00,CARD
2022,404,404,999.00,SUCCESS,2026-08-14 17:30:00,UPI
2023,405,405,2499.00,SUCCESS,2026-07-11 12:07:00,CARD
2024,405,405,2499.00,SUCCESS,2026-08-13 11:40:00,CARD
2025,406,406,2499.00,FAILED,2026-01-16 11:37:00,WALLET
2026,406,406,2499.00,SUCCESS,2026-02-21 13:56:00,WALLET
2027,406,406,2499.00,SUCCESS,2026-03-21 14:45:00,NET_BANKING
2028,406,406,2499.00,SUCCESS,2026-04-15 12:37:00,WALLET
2029,406,406,2499.00,SUCCESS,2026-05-15 09:21:00,UPI
2030,406,406,2499.00,SUCCESS,2026-06-14 14:09:00,NET_BANKING
2031,406,406,2499.00,SUCCESS,2026-07-05 12:51:00,NET_BANKING
2032,406,406,2499.00,SUCCESS,2026-08-18 14:16:00,CARD
2033,407,407,2499.00,SUCCESS,2026-01-17 09:14:00,NET_BANKING
2034,407,407,2499.00,SUCCESS,2026-02-03 15:14:00,UPI
2035,407,407,2499.00,SUCCESS,2026-03-12 17:40:00,UPI
2036,407,407,2499.00,SUCCESS,2026-04-19 18:42:00,NET_BANKING
2037,407,407,2499.00,SUCCESS,2026-05-05 11:49:00,NET_BANKING
2038,407,407,2499.00,SUCCESS,2026-06-12 13:59:00,NET_BANKING
2039,407,407,2499.00,SUCCESS,2026-07-16 16:42:00,CARD
2040,407,407,2499.00,PENDING,2026-08-24 17:30:00,NET_BANKING
2041,408,408,999.00,SUCCESS,2026-05-09 20:35:00,CARD
2042,408,408,999.00,SUCCESS,2026-06-22 08:55:00,NET_BANKING
2043,408,408,999.00,SUCCESS,2026-07-07 10:12:00,NET_BANKING
2044,408,408,999.00,SUCCESS,2026-08-23 16:59:00,CARD
2045,409,409,999.00,SUCCESS,2026-07-24 16:44:00,UPI
2046,409,409,999.00,FAILED,2026-08-17 12:14:00,NET_BANKING
2047,410,410,999.00,SUCCESS,2026-06-13 08:06:00,WALLET
2048,410,410,999.00,SUCCESS,2026-07-17 16:41:00,UPI
2049,410,410,999.00,SUCCESS,2026-08-02 11:52:00,NET_BANKING
2050,411,411,999.00,SUCCESS,2026-06-15 15:04:00,UPI
2051,411,411,999.00,SUCCESS,2026-07-13 17:01:00,CARD
2052,411,411,999.00,SUCCESS,2026-08-19 19:25:00,NET_BANKING
2053,412,412,9999.00,FAILED,2026-07-21 19:15:00,CARD
2054,412,412,9999.00,SUCCESS,2026-08-14 18:22:00,NET_BANKING
2055,413,413,2499.00,SUCCESS,2026-01-12 13:43:00,NET_BANKING
2056,413,413,2499.00,SUCCESS,2026-02-08 09:35:00,NET_BANKING
2057,413,413,2499.00,SUCCESS,2026-03-08 10:36:00,NET_BANKING
2058,413,413,2499.00,SUCCESS,2026-04-03 13:22:00,CARD
2059,413,413,2499.00,SUCCESS,2026-05-17 10:13:00,UPI
2060,413,413,2499.00,SUCCESS,2026-06-02 17:28:00,CARD
2061,413,413,2499.00,SUCCESS,2026-07-08 08:43:00,UPI
2062,413,413,2499.00,SUCCESS,2026-08-20 18:22:00,UPI
2063,414,414,999.00,SUCCESS,2026-05-05 15:38:00,WALLET
2064,414,414,999.00,SUCCESS,2026-06-25 11:57:00,WALLET
2065,414,414,999.00,SUCCESS,2026-07-13 13:49:00,NET_BANKING
2066,414,414,999.00,SUCCESS,2026-08-10 10:13:00,WALLET
2067,415,415,2499.00,SUCCESS,2026-01-22 18:18:00,CARD
2068,415,415,2499.00,SUCCESS,2026-02-10 08:12:00,UPI
2069,415,415,2499.00,SUCCESS,2026-03-02 11:20:00,NET_BANKING
2070,415,415,2499.00,SUCCESS,2026-04-07 10:28:00,NET_BANKING
2071,415,415,2499.00,SUCCESS,2026-05-10 08:39:00,CARD
2072,415,415,2499.00,SUCCESS,2026-06-24 08:13:00,UPI
2073,415,415,2499.00,SUCCESS,2026-07-02 09:44:00,WALLET
2074,415,415,2499.00,SUCCESS,2026-08-21 16:38:00,CARD
2075,416,416,999.00,FAILED,2026-05-06 13:37:00,NET_BANKING
2076,416,416,999.00,SUCCESS,2026-06-12 19:00:00,NET_BANKING
2077,416,416,999.00,SUCCESS,2026-07-03 10:48:00,WALLET
2078,416,416,999.00,SUCCESS,2026-08-23 16:48:00,WALLET
2079,417,417,999.00,SUCCESS,2026-05-15 10:08:00,CARD
2080,417,417,999.00,SUCCESS,2026-06-12 18:37:00,UPI
2081,417,417,999.00,FAILED,2026-07-11 17:42:00,UPI
2082,418,418,9999.00,FAILED,2026-08-13 20:29:00,CARD
2083,419,419,999.00,SUCCESS,2026-07-21 18:57:00,CARD
2084,419,419,999.00,SUCCESS,2026-08-22 20:33:00,CARD
2085,420,420,2499.00,SUCCESS,2026-06-11 12:00:00,UPI
2086,420,420,2499.00,SUCCESS,2026-07-17 12:30:00,WALLET
2087,420,420,2499.00,SUCCESS,2026-08-16 18:26:00,CARD
2088,421,421,999.00,SUCCESS,2026-01-18 16:42:00,CARD
2089,421,421,999.00,SUCCESS,2026-02-14 08:32:00,WALLET
2090,421,421,999.00,SUCCESS,2026-03-14 20:35:00,WALLET
2091,421,421,999.00,SUCCESS,2026-04-06 16:55:00,CARD
2092,421,421,999.00,SUCCESS,2026-05-13 20:56:00,CARD
2093,421,421,999.00,SUCCESS,2026-06-01 14:51:00,UPI
2094,421,421,999.00,SUCCESS,2026-07-18 09:35:00,WALLET
2095,421,421,999.00,SUCCESS,2026-08-21 15:35:00,NET_BANKING
2096,422,422,999.00,SUCCESS,2026-05-11 12:42:00,CARD
2097,422,422,999.00,SUCCESS,2026-06-03 11:47:00,WALLET
2098,422,422,999.00,SUCCESS,2026-07-17 09:55:00,NET_BANKING
2099,422,422,999.00,SUCCESS,2026-08-01 13:02:00,WALLET
2100,423,423,999.00,SUCCESS,2026-05-03 18:50:00,UPI
2101,423,423,999.00,SUCCESS,2026-06-11 20:33:00,CARD
2102,423,423,999.00,SUCCESS,2026-07-03 16:57:00,WALLET
2103,423,423,999.00,SUCCESS,2026-08-22 09:56:00,WALLET
2104,424,424,2499.00,SUCCESS,2026-04-08 19:07:00,UPI
2105,424,424,2499.00,SUCCESS,2026-05-08 18:54:00,WALLET
2106,424,424,2499.00,SUCCESS,2026-06-15 12:52:00,UPI
2107,424,424,2499.00,SUCCESS,2026-07-06 17:35:00,WALLET
2108,424,424,2499.00,SUCCESS,2026-08-10 16:57:00,NET_BANKING
2109,425,425,999.00,SUCCESS,2026-01-08 16:29:00,CARD
2110,425,425,999.00,SUCCESS,2026-02-24 12:34:00,WALLET
2111,425,425,999.00,FAILED,2026-03-08 18:32:00,CARD
2112,425,425,999.00,SUCCESS,2026-04-04 12:26:00,NET_BANKING
2113,425,425,999.00,SUCCESS,2026-05-08 15:16:00,CARD
2114,425,425,999.00,SUCCESS,2026-06-15 16:58:00,UPI
2115,425,425,999.00,SUCCESS,2026-07-18 20:30:00,WALLET
2116,425,425,999.00,SUCCESS,2026-08-16 16:06:00,NET_BANKING
2117,426,426,2499.00,SUCCESS,2026-04-17 14:03:00,WALLET
2118,426,426,2499.00,SUCCESS,2026-05-06 17:02:00,NET_BANKING
2119,426,426,2499.00,SUCCESS,2026-06-14 08:39:00,UPI
2120,426,426,2499.00,SUCCESS,2026-07-09 17:20:00,CARD
2121,426,426,2499.00,SUCCESS,2026-08-08 12:26:00,CARD
2122,428,428,2499.00,SUCCESS,2026-01-06 18:16:00,NET_BANKING
2123,428,428,2499.00,SUCCESS,2026-02-04 18:28:00,WALLET
2124,428,428,2499.00,SUCCESS,2026-03-01 15:53:00,WALLET
2125,428,428,2499.00,SUCCESS,2026-04-21 20:27:00,WALLET
2126,428,428,2499.00,FAILED,2026-05-12 19:32:00,WALLET
2127,428,428,2499.00,SUCCESS,2026-06-23 15:16:00,UPI
2128,428,428,2499.00,SUCCESS,2026-07-03 10:28:00,NET_BANKING
2129,428,428,2499.00,FAILED,2026-08-19 09:02:00,CARD
2130,429,429,2499.00,SUCCESS,2026-01-17 19:40:00,CARD
2131,429,429,2499.00,SUCCESS,2026-02-02 17:08:00,NET_BANKING
2132,429,429,2499.00,SUCCESS,2026-03-18 19:39:00,NET_BANKING
2133,429,429,2499.00,SUCCESS,2026-04-20 15:13:00,CARD
2134,429,429,2499.00,SUCCESS,2026-05-23 14:46:00,UPI
2135,429,429,2499.00,SUCCESS,2026-06-20 12:19:00,CARD
2136,429,429,2499.00,SUCCESS,2026-07-17 17:52:00,UPI
2137,429,429,2499.00,SUCCESS,2026-08-20 19:33:00,NET_BANKING
2138,430,430,999.00,SUCCESS,2026-04-23 16:04:00,UPI
2139,430,430,999.00,SUCCESS,2026-05-11 12:37:00,CARD
2140,430,430,999.00,SUCCESS,2026-06-11 16:04:00,UPI
2141,430,430,999.00,SUCCESS,2026-07-03 17:17:00,CARD
2142,430,430,999.00,SUCCESS,2026-08-19 20:35:00,NET_BANKING
2143,431,431,2499.00,SUCCESS,2026-07-22 12:10:00,NET_BANKING
2144,431,431,2499.00,SUCCESS,2026-08-06 10:49:00,NET_BANKING
2145,432,432,999.00,FAILED,2026-07-17 14:20:00,NET_BANKING
2146,432,432,999.00,SUCCESS,2026-08-11 19:39:00,CARD
2147,433,433,999.00,SUCCESS,2026-04-03 08:03:00,CARD
2148,433,433,999.00,SUCCESS,2026-05-08 10:00:00,CARD
2149,433,433,999.00,SUCCESS,2026-06-10 11:10:00,WALLET
2150,433,433,999.00,SUCCESS,2026-07-22 10:23:00,NET_BANKING
2151,433,433,999.00,SUCCESS,2026-08-15 14:15:00,WALLET
2152,434,434,2499.00,SUCCESS,2026-01-07 10:19:00,CARD
2153,434,434,2499.00,SUCCESS,2026-02-17 19:29:00,UPI
2154,434,434,2499.00,SUCCESS,2026-03-08 12:51:00,WALLET
2155,434,434,2499.00,SUCCESS,2026-04-02 16:38:00,CARD
2156,434,434,2499.00,SUCCESS,2026-05-19 12:36:00,UPI
2157,434,434,2499.00,SUCCESS,2026-06-05 12:16:00,UPI
2158,434,434,2499.00,SUCCESS,2026-07-14 13:03:00,UPI
2159,434,434,2499.00,SUCCESS,2026-08-14 20:42:00,NET_BANKING
2160,435,435,2499.00,PENDING,2026-04-18 11:40:00,CARD
2161,435,435,2499.00,SUCCESS,2026-05-23 16:16:00,NET_BANKING
2162,435,435,2499.00,SUCCESS,2026-06-22 13:07:00,UPI
2163,435,435,2499.00,SUCCESS,2026-07-04 17:09:00,NET_BANKING
2164,435,435,2499.00,SUCCESS,2026-08-19 14:57:00,WALLET
2165,436,436,9999.00,SUCCESS,2026-04-03 10:12:00,NET_BANKING
2166,436,436,9999.00,SUCCESS,2026-05-17 15:17:00,NET_BANKING
2167,436,436,9999.00,SUCCESS,2026-06-22 11:44:00,WALLET
2168,436,436,9999.00,SUCCESS,2026-07-05 13:18:00,UPI
2169,436,436,9999.00,SUCCESS,2026-08-05 14:28:00,UPI
2170,437,437,2499.00,SUCCESS,2026-04-25 14:35:00,NET_BANKING
2171,437,437,2499.00,SUCCESS,2026-05-20 08:05:00,NET_BANKING
2172,437,437,2499.00,SUCCESS,2026-06-17 18:01:00,NET_BANKING
2173,437,437,2499.00,SUCCESS,2026-07-22 11:52:00,UPI
2174,437,437,2499.00,SUCCESS,2026-08-19 16:40:00,NET_BANKING
2175,438,438,999.00,SUCCESS,2026-01-11 19:54:00,NET_BANKING
2176,438,438,999.00,SUCCESS,2026-02-22 13:07:00,UPI
2177,438,438,999.00,FAILED,2026-03-20 12:53:00,WALLET
2178,438,438,999.00,SUCCESS,2026-04-18 13:53:00,NET_BANKING
2179,438,438,999.00,SUCCESS,2026-05-02 08:28:00,CARD
2180,438,438,999.00,SUCCESS,2026-06-21 17:15:00,NET_BANKING
2181,438,438,999.00,SUCCESS,2026-07-25 08:34:00,WALLET
2182,438,438,999.00,FAILED,2026-08-13 10:25:00,UPI
2183,439,439,999.00,SUCCESS,2026-01-02 17:12:00,UPI
2184,439,439,999.00,SUCCESS,2026-02-13 09:20:00,WALLET
2185,439,439,999.00,SUCCESS,2026-03-22 14:38:00,NET_BANKING
2186,439,439,999.00,SUCCESS,2026-04-02 08:48:00,WALLET
2187,439,439,999.00,SUCCESS,2026-05-07 15:08:00,CARD
2188,439,439,999.00,SUCCESS,2026-06-01 08:16:00,WALLET
2189,439,439,999.00,SUCCESS,2026-07-15 20:30:00,WALLET
2190,439,439,999.00,SUCCESS,2026-08-12 10:51:00,UPI
2191,440,440,2499.00,SUCCESS,2026-01-15 18:51:00,CARD
2192,440,440,2499.00,SUCCESS,2026-02-02 14:51:00,NET_BANKING
2193,440,440,2499.00,SUCCESS,2026-03-18 18:39:00,NET_BANKING
2194,440,440,2499.00,SUCCESS,2026-04-19 16:37:00,CARD
2195,440,440,2499.00,SUCCESS,2026-05-19 18:11:00,CARD
2196,440,440,2499.00,SUCCESS,2026-06-13 08:35:00,CARD
2197,440,440,2499.00,SUCCESS,2026-07-06 16:16:00,UPI
2198,440,440,2499.00,SUCCESS,2026-08-09 13:35:00,NET_BANKING
2199,441,441,2499.00,SUCCESS,2026-05-19 14:26:00,NET_BANKING
2200,441,441,2499.00,SUCCESS,2026-06-19 12:17:00,NET_BANKING
2201,441,441,2499.00,SUCCESS,2026-07-18 12:56:00,UPI
2202,441,441,2499.00,SUCCESS,2026-08-12 09:42:00,UPI
2203,442,442,2499.00,SUCCESS,2026-01-10 15:49:00,CARD
2204,442,442,2499.00,SUCCESS,2026-02-03 20:29:00,NET_BANKING
2205,442,442,2499.00,PENDING,2026-03-02 19:08:00,UPI
2206,442,442,2499.00,FAILED,2026-04-08 15:40:00,WALLET
2207,442,442,2499.00,SUCCESS,2026-05-24 19:10:00,UPI
2208,442,442,2499.00,SUCCESS,2026-06-03 08:10:00,UPI
2209,442,442,2499.00,SUCCESS,2026-07-08 18:33:00,CARD
2210,442,442,2499.00,FAILED,2026-08-15 13:19:00,WALLET
2211,443,443,999.00,SUCCESS,2026-01-22 13:49:00,NET_BANKING
2212,443,443,999.00,SUCCESS,2026-02-11 17:41:00,NET_BANKING
2213,443,443,999.00,SUCCESS,2026-03-10 13:31:00,WALLET
2214,443,443,999.00,SUCCESS,2026-04-09 16:28:00,WALLET
2215,443,443,999.00,SUCCESS,2026-05-25 13:53:00,UPI
2216,443,443,999.00,SUCCESS,2026-06-25 12:23:00,NET_BANKING
2217,443,443,999.00,SUCCESS,2026-07-11 13:24:00,NET_BANKING
2218,443,443,999.00,SUCCESS,2026-08-02 09:43:00,CARD
2219,444,444,9999.00,SUCCESS,2026-05-22 16:12:00,CARD
2220,444,444,9999.00,SUCCESS,2026-06-16 08:16:00,UPI
2221,444,444,9999.00,SUCCESS,2026-07-06 20:51:00,NET_BANKING
2222,444,444,9999.00,SUCCESS,2026-08-15 13:57:00,NET_BANKING
2223,445,445,2499.00,SUCCESS,2026-01-06 18:30:00,CARD
2224,445,445,2499.00,SUCCESS,2026-02-21 16:19:00,NET_BANKING
2225,445,445,2499.00,SUCCESS,2026-03-06 10:53:00,CARD
2226,445,445,2499.00,SUCCESS,2026-04-08 08:03:00,WALLET
2227,445,445,2499.00,SUCCESS,2026-05-20 11:58:00,NET_BANKING
2228,445,445,2499.00,SUCCESS,2026-06-01 09:08:00,WALLET
2229,445,445,2499.00,SUCCESS,2026-07-14 11:04:00,NET_BANKING
2230,445,445,2499.00,SUCCESS,2026-08-16 14:35:00,UPI
2231,446,446,2499.00,SUCCESS,2026-01-06 13:12:00,WALLET
2232,446,446,2499.00,SUCCESS,2026-02-20 10:54:00,WALLET
2233,446,446,2499.00,SUCCESS,2026-03-04 18:47:00,NET_BANKING
2234,446,446,2499.00,SUCCESS,2026-04-12 16:44:00,WALLET
2235,446,446,2499.00,SUCCESS,2026-05-01 16:16:00,NET_BANKING
2236,446,446,2499.00,SUCCESS,2026-06-22 16:53:00,UPI
2237,446,446,2499.00,SUCCESS,2026-07-11 12:12:00,NET_BANKING
2238,446,446,2499.00,SUCCESS,2026-08-12 10:55:00,NET_BANKING
2239,447,447,999.00,SUCCESS,2026-01-24 08:16:00,UPI
2240,447,447,999.00,SUCCESS,2026-02-20 17:56:00,CARD
2241,447,447,999.00,SUCCESS,2026-03-19 12:35:00,WALLET
2242,447,447,999.00,FAILED,2026-04-04 19:25:00,WALLET
2243,447,447,999.00,SUCCESS,2026-05-20 16:39:00,NET_BANKING
2244,447,447,999.00,SUCCESS,2026-06-11 13:08:00,NET_BANKING
2245,447,447,999.00,SUCCESS,2026-07-09 13:52:00,NET_BANKING
2246,447,447,999.00,SUCCESS,2026-08-20 17:16:00,NET_BANKING
2247,448,448,999.00,SUCCESS,2026-01-07 11:22:00,NET_BANKING
2248,448,448,999.00,SUCCESS,2026-02-06 15:07:00,WALLET
2249,448,448,999.00,SUCCESS,2026-03-22 18:19:00,WALLET
2250,448,448,999.00,SUCCESS,2026-04-04 16:26:00,UPI
2251,448,448,999.00,SUCCESS,2026-05-17 10:45:00,NET_BANKING
2252,448,448,999.00,FAILED,2026-06-13 12:24:00,NET_BANKING
2253,448,448,999.00,SUCCESS,2026-07-03 14:42:00,UPI
2254,448,448,999.00,SUCCESS,2026-08-13 20:12:00,UPI
2255,449,449,2499.00,SUCCESS,2026-01-21 13:15:00,UPI
2256,449,449,2499.00,SUCCESS,2026-02-20 17:01:00,UPI
2257,449,449,2499.00,SUCCESS,2026-03-06 15:12:00,CARD
2258,449,449,2499.00,SUCCESS,2026-04-24 15:09:00,WALLET
2259,450,450,9999.00,SUCCESS,2026-01-09 12:03:00,CARD
2260,450,450,9999.00,SUCCESS,2026-02-24 10:37:00,CARD
2261,450,450,9999.00,SUCCESS,2026-03-20 16:47:00,WALLET
2262,450,450,9999.00,SUCCESS,2026-04-07 20:04:00,CARD
2263,450,450,9999.00,FAILED,2026-05-04 20:28:00,WALLET
2264,450,450,9999.00,SUCCESS,2026-06-03 12:49:00,UPI
2265,450,450,9999.00,SUCCESS,2026-07-21 08:21:00,WALLET
2266,450,450,9999.00,SUCCESS,2026-08-03 15:17:00,NET_BANKING
2267,451,451,2499.00,SUCCESS,2026-01-19 10:35:00,WALLET
2268,451,451,2499.00,SUCCESS,2026-02-05 10:02:00,UPI
2269,451,451,2499.00,SUCCESS,2026-03-12 11:38:00,UPI
2270,451,451,2499.00,SUCCESS,2026-04-11 09:58:00,CARD
2271,451,451,2499.00,SUCCESS,2026-05-17 12:27:00,NET_BANKING
2272,451,451,2499.00,SUCCESS,2026-06-02 16:28:00,WALLET
2273,451,451,2499.00,SUCCESS,2026-07-10 20:30:00,CARD
2274,451,451,2499.00,FAILED,2026-08-01 14:14:00,UPI
2275,452,452,2499.00,SUCCESS,2026-05-25 08:56:00,CARD
2276,452,452,2499.00,SUCCESS,2026-06-13 10:32:00,CARD
2277,452,452,2499.00,SUCCESS,2026-07-11 08:27:00,WALLET
2278,452,452,2499.00,SUCCESS,2026-08-07 20:42:00,WALLET
2279,453,453,999.00,SUCCESS,2026-06-14 14:09:00,NET_BANKING
2280,453,453,999.00,SUCCESS,2026-07-06 13:17:00,CARD
2281,453,453,999.00,SUCCESS,2026-08-10 14:40:00,UPI
2282,454,454,2499.00,SUCCESS,2026-01-19 16:30:00,UPI
2283,454,454,2499.00,SUCCESS,2026-02-12 10:24:00,WALLET
2284,454,454,2499.00,SUCCESS,2026-03-05 09:26:00,WALLET
2285,454,454,2499.00,SUCCESS,2026-04-15 17:06:00,NET_BANKING
2286,454,454,2499.00,SUCCESS,2026-05-20 14:10:00,WALLET
2287,454,454,2499.00,SUCCESS,2026-06-18 18:40:00,UPI
2288,454,454,2499.00,FAILED,2026-07-15 10:02:00,NET_BANKING
2289,454,454,2499.00,SUCCESS,2026-08-12 09:10:00,NET_BANKING
2290,456,456,999.00,SUCCESS,2026-01-20 09:25:00,WALLET
2291,456,456,999.00,SUCCESS,2026-02-07 13:43:00,WALLET
2292,456,456,999.00,SUCCESS,2026-03-16 15:57:00,CARD
2293,456,456,999.00,SUCCESS,2026-04-20 17:06:00,NET_BANKING
2294,456,456,999.00,SUCCESS,2026-05-08 13:39:00,WALLET
2295,456,456,999.00,SUCCESS,2026-06-06 13:14:00,WALLET
2296,456,456,999.00,SUCCESS,2026-07-17 13:23:00,NET_BANKING
2297,456,456,999.00,SUCCESS,2026-08-23 16:20:00,NET_BANKING
2298,457,457,999.00,SUCCESS,2026-03-18 15:07:00,CARD
2299,457,457,999.00,SUCCESS,2026-04-09 14:16:00,WALLET
2300,457,457,999.00,SUCCESS,2026-05-19 12:37:00,NET_BANKING
2301,457,457,999.00,SUCCESS,2026-06-05 14:36:00,WALLET
2302,457,457,999.00,SUCCESS,2026-07-19 18:31:00,CARD
2303,457,457,999.00,SUCCESS,2026-08-22 13:27:00,WALLET
2304,458,458,2499.00,SUCCESS,2026-03-11 13:57:00,NET_BANKING
2305,458,458,2499.00,SUCCESS,2026-04-10 10:46:00,NET_BANKING
2306,458,458,2499.00,SUCCESS,2026-05-18 15:05:00,WALLET
2307,458,458,2499.00,SUCCESS,2026-06-04 09:39:00,WALLET
2308,458,458,2499.00,SUCCESS,2026-07-15 18:32:00,NET_BANKING
2309,458,458,2499.00,SUCCESS,2026-08-01 16:51:00,WALLET
2310,459,459,999.00,SUCCESS,2026-01-06 12:23:00,CARD
2311,459,459,999.00,SUCCESS,2026-02-17 12:37:00,NET_BANKING
2312,459,459,999.00,SUCCESS,2026-03-13 13:48:00,WALLET
2313,459,459,999.00,SUCCESS,2026-04-05 12:48:00,CARD
2314,459,459,999.00,SUCCESS,2026-05-13 15:55:00,NET_BANKING
2315,459,459,999.00,SUCCESS,2026-06-17 11:22:00,WALLET
2316,459,459,999.00,SUCCESS,2026-07-20 13:08:00,UPI
2317,459,459,999.00,FAILED,2026-08-20 19:35:00,UPI
2318,460,460,2499.00,SUCCESS,2026-01-07 17:35:00,WALLET
2319,460,460,2499.00,SUCCESS,2026-02-09 17:16:00,UPI
2320,460,460,2499.00,SUCCESS,2026-03-20 16:33:00,CARD
2321,460,460,2499.00,SUCCESS,2026-04-21 12:42:00,CARD
2322,460,460,2499.00,SUCCESS,2026-05-17 16:54:00,UPI
2323,460,460,2499.00,SUCCESS,2026-06-05 12:54:00,WALLET
2324,460,460,2499.00,SUCCESS,2026-07-10 14:45:00,NET_BANKING
2325,460,460,2499.00,SUCCESS,2026-08-16 15:46:00,NET_BANKING
2326,461,461,999.00,SUCCESS,2026-06-21 16:15:00,UPI
2327,461,461,999.00,SUCCESS,2026-07-09 16:52:00,UPI
2328,461,461,999.00,SUCCESS,2026-08-07 19:06:00,NET_BANKING
2329,462,462,999.00,SUCCESS,2026-07-23 12:17:00,NET_BANKING
2330,462,462,999.00,SUCCESS,2026-08-16 09:21:00,WALLET
2331,463,463,2499.00,SUCCESS,2026-01-04 08:05:00,CARD
2332,463,463,2499.00,SUCCESS,2026-02-03 18:46:00,UPI
2333,463,463,2499.00,SUCCESS,2026-03-25 11:21:00,UPI
2334,463,463,2499.00,SUCCESS,2026-04-23 16:31:00,NET_BANKING
2335,463,463,2499.00,SUCCESS,2026-05-08 16:38:00,WALLET
2336,463,463,2499.00,SUCCESS,2026-06-15 16:43:00,UPI
2337,463,463,2499.00,SUCCESS,2026-07-01 17:20:00,WALLET
2338,463,463,2499.00,SUCCESS,2026-08-23 18:51:00,NET_BANKING
2339,465,465,999.00,SUCCESS,2026-04-17 14:25:00,NET_BANKING
2340,465,465,999.00,SUCCESS,2026-05-10 14:04:00,CARD
2341,465,465,999.00,SUCCESS,2026-06-14 16:40:00,CARD
2342,465,465,999.00,SUCCESS,2026-07-23 11:50:00,WALLET
2343,465,465,999.00,SUCCESS,2026-08-13 15:19:00,NET_BANKING
2344,466,466,999.00,SUCCESS,2026-05-22 11:53:00,NET_BANKING
2345,466,466,999.00,SUCCESS,2026-06-09 18:57:00,NET_BANKING
2346,466,466,999.00,SUCCESS,2026-07-15 18:55:00,UPI
2347,466,466,999.00,SUCCESS,2026-08-13 20:27:00,UPI
2348,467,467,999.00,SUCCESS,2026-01-16 13:56:00,CARD
2349,467,467,999.00,SUCCESS,2026-02-24 16:38:00,WALLET
2350,467,467,999.00,SUCCESS,2026-03-14 17:23:00,UPI
2351,467,467,999.00,FAILED,2026-04-12 15:16:00,NET_BANKING
2352,467,467,999.00,SUCCESS,2026-05-17 11:40:00,UPI
2353,467,467,999.00,SUCCESS,2026-06-07 16:08:00,NET_BANKING
2354,467,467,999.00,SUCCESS,2026-07-23 18:04:00,NET_BANKING
2355,467,467,999.00,SUCCESS,2026-08-24 20:15:00,NET_BANKING
2356,468,468,2499.00,SUCCESS,2026-01-13 09:27:00,WALLET
2357,468,468,2499.00,SUCCESS,2026-02-24 09:43:00,NET_BANKING
2358,468,468,2499.00,SUCCESS,2026-03-10 16:10:00,WALLET
2359,468,468,2499.00,SUCCESS,2026-04-06 16:06:00,CARD
2360,468,468,2499.00,SUCCESS,2026-05-20 17:25:00,NET_BANKING
2361,468,468,2499.00,SUCCESS,2026-06-11 14:26:00,WALLET
2362,468,468,2499.00,SUCCESS,2026-07-17 17:36:00,NET_BANKING
2363,468,468,2499.00,SUCCESS,2026-08-04 20:37:00,UPI
2364,469,469,2499.00,SUCCESS,2026-04-18 11:06:00,UPI
2365,469,469,2499.00,SUCCESS,2026-05-14 12:01:00,CARD
2366,469,469,2499.00,SUCCESS,2026-06-22 12:14:00,CARD
2367,469,469,2499.00,SUCCESS,2026-07-15 19:09:00,UPI
2368,469,469,2499.00,SUCCESS,2026-08-06 12:51:00,CARD
2369,470,470,999.00,SUCCESS,2026-07-13 09:41:00,NET_BANKING
2370,470,470,999.00,SUCCESS,2026-08-25 12:41:00,NET_BANKING
2371,471,471,999.00,SUCCESS,2026-07-25 08:06:00,WALLET
2372,471,471,999.00,SUCCESS,2026-08-12 10:57:00,CARD
2373,472,472,9999.00,SUCCESS,2026-04-16 10:27:00,WALLET
2374,472,472,9999.00,SUCCESS,2026-05-04 19:56:00,NET_BANKING
2375,472,472,9999.00,SUCCESS,2026-06-07 09:33:00,UPI
2376,472,472,9999.00,SUCCESS,2026-07-09 17:04:00,CARD
2377,472,472,9999.00,SUCCESS,2026-08-09 13:22:00,WALLET
2378,473,473,2499.00,SUCCESS,2026-07-03 13:35:00,NET_BANKING
2379,473,473,2499.00,SUCCESS,2026-08-25 12:18:00,WALLET
2380,474,474,999.00,SUCCESS,2026-01-17 20:17:00,CARD
2381,474,474,999.00,SUCCESS,2026-02-18 14:02:00,CARD
2382,474,474,999.00,SUCCESS,2026-03-22 14:56:00,CARD
2383,474,474,999.00,SUCCESS,2026-04-17 15:01:00,NET_BANKING
2384,474,474,999.00,SUCCESS,2026-05-15 12:50:00,WALLET
2385,474,474,999.00,SUCCESS,2026-06-03 16:59:00,UPI
2386,474,474,999.00,SUCCESS,2026-07-21 13:02:00,UPI
2387,474,474,999.00,SUCCESS,2026-08-11 13:50:00,NET_BANKING
2388,475,475,999.00,SUCCESS,2026-01-12 10:57:00,CARD
2389,475,475,999.00,SUCCESS,2026-02-20 18:23:00,WALLET
2390,475,475,999.00,SUCCESS,2026-03-17 12:19:00,NET_BANKING
2391,475,475,999.00,SUCCESS,2026-04-05 14:18:00,UPI
2392,475,475,999.00,SUCCESS,2026-05-06 13:43:00,NET_BANKING
2393,475,475,999.00,SUCCESS,2026-06-15 11:54:00,CARD
2394,475,475,999.00,SUCCESS,2026-07-02 09:37:00,WALLET
2395,475,475,999.00,SUCCESS,2026-08-19 09:25:00,NET_BANKING
2396,476,476,2499.00,SUCCESS,2026-06-25 14:18:00,CARD
2397,476,476,2499.00,FAILED,2026-07-09 12:31:00,WALLET
2398,476,476,2499.00,SUCCESS,2026-08-19 14:07:00,WALLET
2399,477,477,2499.00,SUCCESS,2026-06-16 10:45:00,NET_BANKING
2400,477,477,2499.00,SUCCESS,2026-07-01 18:50:00,UPI
2401,477,477,2499.00,SUCCESS,2026-08-14 13:25:00,UPI
2402,478,478,999.00,SUCCESS,2026-04-16 16:31:00,UPI
2403,478,478,999.00,FAILED,2026-05-18 18:11:00,NET_BANKING
2404,478,478,999.00,SUCCESS,2026-06-20 13:13:00,WALLET
2405,478,478,999.00,SUCCESS,2026-07-05 16:41:00,WALLET
2406,478,478,999.00,SUCCESS,2026-08-24 12:29:00,WALLET
2407,479,479,2499.00,SUCCESS,2026-05-10 12:46:00,UPI
2408,479,479,2499.00,SUCCESS,2026-06-22 13:12:00,WALLET
2409,479,479,2499.00,SUCCESS,2026-07-03 16:01:00,WALLET
2410,479,479,2499.00,SUCCESS,2026-08-08 14:18:00,NET_BANKING
2411,480,480,999.00,SUCCESS,2026-05-25 19:35:00,UPI
2412,480,480,999.00,SUCCESS,2026-06-22 19:10:00,CARD
2413,480,480,999.00,SUCCESS,2026-07-16 13:05:00,CARD
2414,480,480,999.00,SUCCESS,2026-08-09 11:52:00,UPI
2415,481,481,2499.00,SUCCESS,2026-01-01 19:37:00,UPI
2416,481,481,2499.00,SUCCESS,2026-02-10 11:17:00,UPI
2417,481,481,2499.00,SUCCESS,2026-03-01 12:36:00,CARD
2418,481,481,2499.00,FAILED,2026-04-23 12:57:00,CARD
2419,481,481,2499.00,SUCCESS,2026-05-12 10:30:00,UPI
2420,481,481,2499.00,SUCCESS,2026-06-11 10:41:00,UPI
2421,481,481,2499.00,SUCCESS,2026-07-20 15:07:00,NET_BANKING
2422,482,482,2499.00,SUCCESS,2026-02-15 16:30:00,UPI
2423,482,482,2499.00,SUCCESS,2026-03-12 17:37:00,NET_BANKING
2424,482,482,2499.00,SUCCESS,2026-04-20 08:59:00,NET_BANKING
2425,482,482,2499.00,SUCCESS,2026-05-20 08:48:00,CARD
2426,482,482,2499.00,SUCCESS,2026-06-03 16:19:00,CARD
2427,482,482,2499.00,SUCCESS,2026-07-19 11:36:00,CARD
2428,482,482,2499.00,SUCCESS,2026-08-17 13:57:00,NET_BANKING
2429,483,483,999.00,SUCCESS,2026-06-09 08:14:00,NET_BANKING
2430,483,483,999.00,SUCCESS,2026-07-06 19:53:00,NET_BANKING
2431,483,483,999.00,SUCCESS,2026-08-13 11:36:00,WALLET
2432,484,484,999.00,SUCCESS,2026-06-18 12:20:00,WALLET
2433,484,484,999.00,SUCCESS,2026-07-20 10:14:00,NET_BANKING
2434,484,484,999.00,SUCCESS,2026-08-09 10:55:00,UPI
2435,485,485,999.00,SUCCESS,2026-01-08 15:58:00,UPI
2436,485,485,999.00,SUCCESS,2026-02-17 12:15:00,CARD
2437,485,485,999.00,SUCCESS,2026-03-22 08:36:00,NET_BANKING
2438,485,485,999.00,SUCCESS,2026-04-18 10:07:00,UPI
2439,485,485,999.00,SUCCESS,2026-05-12 14:03:00,CARD
2440,485,485,999.00,SUCCESS,2026-06-14 20:23:00,UPI
2441,485,485,999.00,SUCCESS,2026-07-08 12:34:00,NET_BANKING
2442,485,485,999.00,FAILED,2026-08-06 19:08:00,CARD
2443,486,486,999.00,SUCCESS,2026-01-18 14:41:00,CARD
2444,486,486,999.00,SUCCESS,2026-02-09 19:31:00,UPI
2445,486,486,999.00,SUCCESS,2026-03-19 11:56:00,CARD
2446,486,486,999.00,SUCCESS,2026-04-03 18:49:00,WALLET
2447,486,486,999.00,SUCCESS,2026-05-02 14:22:00,CARD
2448,486,486,999.00,SUCCESS,2026-06-22 09:18:00,UPI
2449,486,486,999.00,SUCCESS,2026-07-11 10:16:00,NET_BANKING
2450,486,486,999.00,SUCCESS,2026-08-11 09:08:00,NET_BANKING
2451,487,487,2499.00,SUCCESS,2026-06-19 20:31:00,UPI
2452,487,487,2499.00,SUCCESS,2026-07-23 13:35:00,CARD
2453,487,487,2499.00,SUCCESS,2026-08-23 18:26:00,NET_BANKING
2454,488,488,999.00,SUCCESS,2026-05-20 19:37:00,WALLET
2455,488,488,999.00,SUCCESS,2026-06-11 17:57:00,NET_BANKING
2456,488,488,999.00,SUCCESS,2026-07-23 10:21:00,UPI
2457,488,488,999.00,SUCCESS,2026-08-16 13:23:00,CARD
2458,489,489,9999.00,SUCCESS,2026-06-21 11:59:00,CARD
2459,489,489,9999.00,SUCCESS,2026-07-16 13:05:00,CARD
2460,489,489,9999.00,SUCCESS,2026-08-11 12:20:00,UPI
2461,490,490,999.00,SUCCESS,2026-05-16 10:12:00,WALLET
2462,490,490,999.00,SUCCESS,2026-06-03 11:55:00,WALLET
2463,490,490,999.00,SUCCESS,2026-07-23 17:47:00,WALLET
2464,490,490,999.00,SUCCESS,2026-08-22 20:20:00,UPI
2465,491,491,2499.00,SUCCESS,2026-08-08 13:39:00,CARD
2466,492,492,999.00,SUCCESS,2026-01-22 15:27:00,WALLET
2467,492,492,999.00,SUCCESS,2026-02-03 13:22:00,NET_BANKING
2468,492,492,999.00,SUCCESS,2026-03-07 17:12:00,UPI
2469,492,492,999.00,SUCCESS,2026-04-16 13:50:00,CARD
2470,492,492,999.00,SUCCESS,2026-05-11 10:14:00,UPI
2471,492,492,999.00,FAILED,2026-06-14 10:39:00,CARD
2472,492,492,999.00,SUCCESS,2026-07-15 20:42:00,UPI
2473,492,492,999.00,SUCCESS,2026-08-11 14:38:00,CARD
2474,493,493,2499.00,SUCCESS,2026-04-17 16:40:00,WALLET
2475,493,493,2499.00,SUCCESS,2026-05-20 11:25:00,NET_BANKING
2476,493,493,2499.00,SUCCESS,2026-06-02 10:11:00,UPI
2477,493,493,2499.00,FAILED,2026-07-18 13:47:00,WALLET
2478,493,493,2499.00,SUCCESS,2026-08-08 12:19:00,WALLET
2479,494,494,999.00,SUCCESS,2026-07-23 14:40:00,NET_BANKING
2480,494,494,999.00,SUCCESS,2026-08-05 18:20:00,WALLET
2481,495,495,2499.00,SUCCESS,2026-04-19 20:18:00,WALLET
2482,495,495,2499.00,SUCCESS,2026-05-22 11:20:00,UPI
2483,495,495,2499.00,SUCCESS,2026-06-04 11:39:00,UPI
2484,495,495,2499.00,FAILED,2026-07-15 10:55:00,UPI
2485,495,495,2499.00,SUCCESS,2026-08-07 13:26:00,NET_BANKING
2486,497,497,999.00,SUCCESS,2026-05-23 12:23:00,UPI
2487,497,497,999.00,SUCCESS,2026-06-10 16:16:00,UPI
2488,497,497,999.00,SUCCESS,2026-07-04 08:39:00,WALLET
2489,497,497,999.00,SUCCESS,2026-08-02 12:22:00,WALLET
2490,498,498,999.00,SUCCESS,2026-01-11 09:04:00,CARD
2491,498,498,999.00,SUCCESS,2026-02-07 16:57:00,NET_BANKING
2492,498,498,999.00,SUCCESS,2026-03-18 20:31:00,WALLET
2493,498,498,999.00,SUCCESS,2026-04-12 10:07:00,NET_BANKING
2494,498,498,999.00,SUCCESS,2026-05-21 09:54:00,UPI
2495,498,498,999.00,SUCCESS,2026-06-22 14:28:00,UPI
2496,498,498,999.00,SUCCESS,2026-07-11 18:25:00,NET_BANKING
2497,498,498,999.00,SUCCESS,2026-08-05 11:22:00,UPI
2498,499,499,2499.00,SUCCESS,2026-07-15 17:37:00,NET_BANKING
2499,499,499,2499.00,SUCCESS,2026-08-14 17:34:00,WALLET
2500,500,500,999.00,SUCCESS,2026-04-17 20:26:00,CARD
2501,500,500,999.00,SUCCESS,2026-05-01 14:27:00,UPI
2502,500,500,999.00,SUCCESS,2026-06-24 14:41:00,UPI
2503,500,500,999.00,SUCCESS,2026-07-19 15:30:00,CARD
2504,500,500,999.00,FAILED,2026-08-21 20:42:00,NET_BANKING
2505,501,501,2499.00,PENDING,2026-01-22 12:11:00,UPI
2506,501,501,2499.00,SUCCESS,2026-02-24 20:48:00,UPI
2507,501,501,2499.00,SUCCESS,2026-03-18 08:53:00,UPI
2508,501,501,2499.00,SUCCESS,2026-04-17 12:06:00,NET_BANKING
2509,501,501,2499.00,SUCCESS,2026-05-19 19:52:00,NET_BANKING
2510,501,501,2499.00,PENDING,2026-06-23 11:00:00,NET_BANKING
2511,501,501,2499.00,SUCCESS,2026-07-13 17:51:00,UPI
2512,501,501,2499.00,SUCCESS,2026-08-21 17:27:00,CARD
2513,502,502,999.00,SUCCESS,2026-06-23 09:40:00,UPI
2514,502,502,999.00,SUCCESS,2026-07-03 20:28:00,NET_BANKING
2515,502,502,999.00,SUCCESS,2026-08-10 10:55:00,NET_BANKING
2516,503,503,2499.00,SUCCESS,2026-01-03 18:02:00,WALLET
2517,503,503,2499.00,SUCCESS,2026-02-07 17:27:00,UPI
2518,503,503,2499.00,SUCCESS,2026-03-07 17:10:00,WALLET
2519,503,503,2499.00,SUCCESS,2026-04-04 13:09:00,WALLET
2520,503,503,2499.00,SUCCESS,2026-05-15 17:07:00,CARD
2521,503,503,2499.00,SUCCESS,2026-06-15 17:36:00,NET_BANKING
2522,503,503,2499.00,SUCCESS,2026-07-11 12:52:00,UPI
2523,503,503,2499.00,SUCCESS,2026-08-17 17:41:00,UPI
2524,504,504,9999.00,SUCCESS,2026-01-04 19:27:00,NET_BANKING
2525,504,504,9999.00,SUCCESS,2026-02-24 14:46:00,NET_BANKING
2526,504,504,9999.00,SUCCESS,2026-03-14 10:31:00,WALLET
2527,504,504,9999.00,SUCCESS,2026-04-02 15:20:00,WALLET
2528,504,504,9999.00,SUCCESS,2026-05-15 11:06:00,CARD
2529,504,504,9999.00,SUCCESS,2026-06-02 15:05:00,UPI
2530,504,504,9999.00,SUCCESS,2026-07-07 14:40:00,CARD
2531,504,504,9999.00,SUCCESS,2026-08-16 17:48:00,CARD
2532,505,505,999.00,SUCCESS,2026-01-19 10:18:00,NET_BANKING
2533,505,505,999.00,SUCCESS,2026-02-03 18:21:00,CARD
2534,506,506,999.00,SUCCESS,2026-02-09 11:44:00,CARD
2535,506,506,999.00,SUCCESS,2026-03-25 19:08:00,NET_BANKING
2536,506,506,999.00,SUCCESS,2026-04-05 15:26:00,WALLET
2537,506,506,999.00,PENDING,2026-05-18 20:08:00,WALLET
2538,506,506,999.00,SUCCESS,2026-06-02 09:53:00,UPI
2539,506,506,999.00,SUCCESS,2026-07-15 09:29:00,CARD
2540,506,506,999.00,SUCCESS,2026-08-11 08:58:00,NET_BANKING
2541,507,507,999.00,SUCCESS,2026-06-02 15:43:00,WALLET
2542,507,507,999.00,SUCCESS,2026-07-03 19:01:00,UPI
2543,507,507,999.00,SUCCESS,2026-08-04 13:47:00,UPI
2544,508,508,2499.00,SUCCESS,2026-01-12 19:05:00,CARD
2545,508,508,2499.00,SUCCESS,2026-02-16 14:43:00,UPI
2546,508,508,2499.00,SUCCESS,2026-03-09 12:04:00,WALLET
2547,508,508,2499.00,SUCCESS,2026-04-17 13:08:00,NET_BANKING
2548,508,508,2499.00,SUCCESS,2026-05-15 13:58:00,WALLET
2549,508,508,2499.00,SUCCESS,2026-06-11 14:12:00,NET_BANKING
2550,508,508,2499.00,PENDING,2026-07-08 08:01:00,NET_BANKING
2551,508,508,2499.00,SUCCESS,2026-08-09 18:29:00,CARD
2552,510,510,2499.00,SUCCESS,2026-08-24 20:12:00,WALLET
2553,511,511,999.00,SUCCESS,2026-05-23 20:42:00,CARD
2554,511,511,999.00,SUCCESS,2026-06-03 13:28:00,WALLET
2555,511,511,999.00,SUCCESS,2026-07-22 12:20:00,WALLET
2556,511,511,999.00,SUCCESS,2026-08-15 20:10:00,CARD
2557,513,513,2499.00,SUCCESS,2026-01-06 17:21:00,CARD
2558,513,513,2499.00,SUCCESS,2026-02-17 11:18:00,CARD
2559,513,513,2499.00,SUCCESS,2026-03-14 18:03:00,CARD
2560,513,513,2499.00,SUCCESS,2026-04-16 16:10:00,WALLET
2561,513,513,2499.00,SUCCESS,2026-05-09 18:26:00,CARD
2562,513,513,2499.00,SUCCESS,2026-06-17 19:56:00,UPI
2563,513,513,2499.00,SUCCESS,2026-07-17 09:20:00,UPI
2564,513,513,2499.00,SUCCESS,2026-08-10 13:52:00,WALLET
2565,514,514,9999.00,SUCCESS,2026-04-23 20:55:00,CARD
2566,514,514,9999.00,SUCCESS,2026-05-24 17:31:00,WALLET
2567,514,514,9999.00,SUCCESS,2026-06-17 19:45:00,UPI
2568,514,514,9999.00,SUCCESS,2026-07-19 15:26:00,UPI
2569,514,514,9999.00,SUCCESS,2026-08-13 16:29:00,WALLET
2570,515,515,999.00,SUCCESS,2026-07-05 09:13:00,UPI
2571,516,516,999.00,SUCCESS,2026-01-19 16:02:00,WALLET
2572,516,516,999.00,SUCCESS,2026-02-01 13:42:00,UPI
2573,516,516,999.00,SUCCESS,2026-03-01 16:26:00,CARD
2574,516,516,999.00,SUCCESS,2026-04-07 16:50:00,NET_BANKING
2575,516,516,999.00,SUCCESS,2026-05-05 08:11:00,WALLET
2576,516,516,999.00,SUCCESS,2026-06-03 10:42:00,NET_BANKING
2577,516,516,999.00,SUCCESS,2026-07-12 19:52:00,UPI
2578,516,516,999.00,SUCCESS,2026-08-13 17:45:00,NET_BANKING
2579,517,517,999.00,SUCCESS,2026-01-17 09:45:00,WALLET
2580,517,517,999.00,SUCCESS,2026-02-18 08:21:00,NET_BANKING
2581,517,517,999.00,SUCCESS,2026-03-07 17:36:00,NET_BANKING
2582,517,517,999.00,SUCCESS,2026-04-20 16:33:00,WALLET
2583,517,517,999.00,SUCCESS,2026-05-04 17:53:00,UPI
2584,517,517,999.00,SUCCESS,2026-06-06 12:34:00,NET_BANKING
2585,517,517,999.00,SUCCESS,2026-07-23 09:31:00,WALLET
2586,517,517,999.00,SUCCESS,2026-08-06 15:07:00,CARD
2587,518,518,999.00,SUCCESS,2026-04-15 17:12:00,CARD
2588,518,518,999.00,SUCCESS,2026-05-23 15:34:00,NET_BANKING
2589,518,518,999.00,SUCCESS,2026-06-10 18:53:00,UPI
2590,518,518,999.00,SUCCESS,2026-07-07 20:44:00,CARD
2591,518,518,999.00,SUCCESS,2026-08-17 18:37:00,UPI
2592,520,520,999.00,SUCCESS,2026-06-24 10:27:00,UPI
2593,520,520,999.00,SUCCESS,2026-07-01 17:31:00,CARD
2594,521,521,9999.00,SUCCESS,2026-03-20 14:17:00,WALLET
2595,521,521,9999.00,SUCCESS,2026-04-24 14:05:00,WALLET
2596,521,521,9999.00,SUCCESS,2026-05-06 11:09:00,CARD
2597,521,521,9999.00,SUCCESS,2026-06-18 14:58:00,NET_BANKING
2598,521,521,9999.00,SUCCESS,2026-07-17 17:50:00,WALLET
2599,521,521,9999.00,SUCCESS,2026-08-12 12:28:00,CARD
2600,522,522,2499.00,SUCCESS,2026-05-21 16:27:00,WALLET
2601,522,522,2499.00,SUCCESS,2026-06-05 14:38:00,NET_BANKING
2602,522,522,2499.00,SUCCESS,2026-07-04 09:21:00,WALLET
2603,522,522,2499.00,FAILED,2026-08-19 08:43:00,WALLET
2604,523,523,2499.00,SUCCESS,2026-06-04 08:17:00,UPI
2605,523,523,2499.00,SUCCESS,2026-07-21 14:27:00,NET_BANKING
2606,523,523,2499.00,SUCCESS,2026-08-10 13:41:00,NET_BANKING
2607,524,524,2499.00,SUCCESS,2026-01-11 08:39:00,CARD
2608,524,524,2499.00,SUCCESS,2026-02-22 09:12:00,UPI
2609,524,524,2499.00,SUCCESS,2026-03-03 13:43:00,UPI
2610,524,524,2499.00,SUCCESS,2026-04-13 16:23:00,WALLET
2611,524,524,2499.00,SUCCESS,2026-05-03 09:18:00,WALLET
2612,524,524,2499.00,SUCCESS,2026-06-01 15:39:00,NET_BANKING
2613,524,524,2499.00,FAILED,2026-07-20 10:48:00,NET_BANKING
2614,524,524,2499.00,SUCCESS,2026-08-02 10:00:00,UPI
2615,525,525,2499.00,SUCCESS,2026-01-05 11:38:00,WALLET
2616,525,525,2499.00,SUCCESS,2026-02-20 14:17:00,CARD
2617,525,525,2499.00,SUCCESS,2026-03-05 14:30:00,WALLET
2618,525,525,2499.00,SUCCESS,2026-04-02 18:26:00,NET_BANKING
2619,525,525,2499.00,SUCCESS,2026-05-13 12:05:00,UPI
2620,525,525,2499.00,SUCCESS,2026-06-15 10:32:00,WALLET
2621,525,525,2499.00,SUCCESS,2026-07-18 15:30:00,UPI
2622,525,525,2499.00,SUCCESS,2026-08-11 11:30:00,UPI
2623,528,528,999.00,SUCCESS,2026-01-03 16:16:00,WALLET
2624,528,528,999.00,SUCCESS,2026-02-25 20:32:00,NET_BANKING
2625,528,528,999.00,SUCCESS,2026-03-13 16:00:00,CARD
2626,528,528,999.00,SUCCESS,2026-04-09 14:12:00,CARD
2627,528,528,999.00,SUCCESS,2026-05-10 16:29:00,CARD
2628,528,528,999.00,SUCCESS,2026-06-16 14:01:00,WALLET
2629,528,528,999.00,SUCCESS,2026-07-15 08:21:00,CARD
2630,528,528,999.00,SUCCESS,2026-08-02 18:40:00,WALLET
2631,530,530,9999.00,SUCCESS,2026-01-16 08:39:00,CARD
2632,530,530,9999.00,SUCCESS,2026-02-15 10:27:00,WALLET
2633,530,530,9999.00,SUCCESS,2026-03-02 09:40:00,CARD
2634,530,530,9999.00,SUCCESS,2026-04-18 19:04:00,UPI
2635,530,530,9999.00,SUCCESS,2026-05-19 18:51:00,CARD
2636,530,530,9999.00,FAILED,2026-06-14 11:34:00,NET_BANKING
2637,530,530,9999.00,PENDING,2026-07-08 13:54:00,UPI
2638,530,530,9999.00,SUCCESS,2026-08-21 14:52:00,NET_BANKING
2639,531,531,2499.00,SUCCESS,2026-05-17 10:56:00,UPI
2640,531,531,2499.00,SUCCESS,2026-06-17 19:20:00,UPI
2641,531,531,2499.00,SUCCESS,2026-07-03 20:11:00,CARD
2642,531,531,2499.00,SUCCESS,2026-08-12 12:40:00,CARD
2643,532,532,999.00,SUCCESS,2026-05-17 20:49:00,CARD
2644,532,532,999.00,FAILED,2026-06-20 18:25:00,UPI
2645,532,532,999.00,SUCCESS,2026-07-13 08:31:00,NET_BANKING
2646,532,532,999.00,SUCCESS,2026-08-01 16:22:00,CARD
2647,533,533,999.00,SUCCESS,2026-01-25 14:49:00,CARD
2648,533,533,999.00,SUCCESS,2026-02-09 15:12:00,NET_BANKING
2649,533,533,999.00,SUCCESS,2026-03-07 10:41:00,WALLET
2650,533,533,999.00,SUCCESS,2026-04-05 16:12:00,WALLET
2651,533,533,999.00,SUCCESS,2026-05-08 08:24:00,WALLET
2652,533,533,999.00,SUCCESS,2026-06-14 17:58:00,CARD
2653,533,533,999.00,SUCCESS,2026-07-05 10:39:00,CARD
2654,533,533,999.00,SUCCESS,2026-08-11 11:59:00,NET_BANKING
2655,534,534,999.00,SUCCESS,2026-01-13 08:46:00,WALLET
2656,534,534,999.00,SUCCESS,2026-02-18 16:46:00,UPI
2657,534,534,999.00,SUCCESS,2026-03-14 10:08:00,NET_BANKING
2658,534,534,999.00,SUCCESS,2026-04-06 12:41:00,NET_BANKING
2659,534,534,999.00,SUCCESS,2026-05-19 14:21:00,WALLET
2660,534,534,999.00,SUCCESS,2026-06-21 12:04:00,CARD
2661,534,534,999.00,SUCCESS,2026-07-02 13:46:00,CARD
2662,534,534,999.00,SUCCESS,2026-08-17 16:55:00,NET_BANKING
2663,535,535,2499.00,SUCCESS,2026-06-12 14:50:00,WALLET
2664,535,535,2499.00,SUCCESS,2026-07-11 12:23:00,UPI
2665,535,535,2499.00,SUCCESS,2026-08-16 18:45:00,CARD
2666,536,536,999.00,SUCCESS,2026-05-21 08:48:00,NET_BANKING
2667,536,536,999.00,SUCCESS,2026-06-10 18:03:00,CARD
2668,536,536,999.00,SUCCESS,2026-07-13 12:54:00,WALLET
2669,536,536,999.00,SUCCESS,2026-08-18 11:30:00,UPI
2670,537,537,999.00,FAILED,2026-01-12 08:43:00,UPI
2671,537,537,999.00,SUCCESS,2026-02-18 10:58:00,CARD
2672,537,537,999.00,SUCCESS,2026-03-24 18:55:00,CARD
2673,537,537,999.00,SUCCESS,2026-04-25 14:26:00,CARD
2674,537,537,999.00,SUCCESS,2026-05-15 11:53:00,CARD
2675,537,537,999.00,SUCCESS,2026-06-23 20:07:00,NET_BANKING
2676,537,537,999.00,SUCCESS,2026-07-06 17:52:00,NET_BANKING
2677,537,537,999.00,SUCCESS,2026-08-16 17:12:00,CARD
2678,538,538,999.00,SUCCESS,2026-08-03 19:57:00,CARD
2679,539,539,999.00,SUCCESS,2026-01-18 14:05:00,NET_BANKING
2680,539,539,999.00,SUCCESS,2026-02-04 15:08:00,UPI
2681,539,539,999.00,SUCCESS,2026-03-02 10:51:00,CARD
2682,539,539,999.00,SUCCESS,2026-04-25 18:27:00,CARD
2683,539,539,999.00,SUCCESS,2026-05-09 20:06:00,UPI
2684,539,539,999.00,SUCCESS,2026-06-06 12:39:00,WALLET
2685,539,539,999.00,SUCCESS,2026-07-13 10:32:00,UPI
2686,539,539,999.00,SUCCESS,2026-08-07 08:14:00,WALLET
2687,540,540,999.00,SUCCESS,2026-01-09 08:41:00,WALLET
2688,540,540,999.00,SUCCESS,2026-02-03 13:15:00,WALLET
2689,540,540,999.00,SUCCESS,2026-03-11 18:13:00,UPI
2690,540,540,999.00,SUCCESS,2026-04-03 10:36:00,NET_BANKING
2691,540,540,999.00,SUCCESS,2026-05-14 16:25:00,WALLET
2692,540,540,999.00,SUCCESS,2026-06-06 10:10:00,CARD
2693,540,540,999.00,SUCCESS,2026-07-25 14:58:00,WALLET
2694,540,540,999.00,SUCCESS,2026-08-22 18:57:00,NET_BANKING
2695,541,541,2499.00,SUCCESS,2026-01-16 20:50:00,NET_BANKING
2696,541,541,2499.00,SUCCESS,2026-02-05 09:30:00,UPI
2697,541,541,2499.00,SUCCESS,2026-03-25 09:18:00,CARD
2698,541,541,2499.00,SUCCESS,2026-04-09 08:09:00,UPI
2699,542,542,999.00,SUCCESS,2026-01-04 14:26:00,WALLET
2700,542,542,999.00,SUCCESS,2026-02-16 20:07:00,WALLET
2701,542,542,999.00,SUCCESS,2026-03-08 12:28:00,UPI
2702,542,542,999.00,SUCCESS,2026-04-22 12:51:00,NET_BANKING
2703,542,542,999.00,SUCCESS,2026-05-10 17:22:00,UPI
2704,542,542,999.00,SUCCESS,2026-06-01 17:59:00,CARD
2705,542,542,999.00,SUCCESS,2026-07-15 20:55:00,CARD
2706,542,542,999.00,FAILED,2026-08-11 08:01:00,WALLET
2707,543,543,999.00,SUCCESS,2026-05-03 09:42:00,UPI
2708,543,543,999.00,SUCCESS,2026-06-20 12:08:00,WALLET
2709,543,543,999.00,SUCCESS,2026-07-09 10:29:00,CARD
2710,543,543,999.00,SUCCESS,2026-08-02 13:40:00,CARD
2711,544,544,999.00,PENDING,2026-07-25 08:37:00,UPI
2712,544,544,999.00,SUCCESS,2026-08-22 13:50:00,CARD
2713,545,545,9999.00,FAILED,2026-01-23 17:13:00,CARD
2714,545,545,9999.00,SUCCESS,2026-02-17 18:17:00,UPI
2715,545,545,9999.00,SUCCESS,2026-03-16 15:04:00,WALLET
2716,545,545,9999.00,SUCCESS,2026-04-01 10:35:00,NET_BANKING
2717,545,545,9999.00,SUCCESS,2026-05-10 15:18:00,WALLET
2718,545,545,9999.00,SUCCESS,2026-06-22 17:44:00,WALLET
2719,545,545,9999.00,SUCCESS,2026-07-21 16:14:00,WALLET
2720,545,545,9999.00,SUCCESS,2026-08-16 17:04:00,NET_BANKING
2721,546,546,999.00,SUCCESS,2026-01-02 17:18:00,WALLET
2722,546,546,999.00,SUCCESS,2026-02-21 17:26:00,CARD
2723,546,546,999.00,SUCCESS,2026-03-02 13:13:00,CARD
2724,546,546,999.00,SUCCESS,2026-04-15 19:12:00,CARD
2725,546,546,999.00,SUCCESS,2026-05-24 15:53:00,CARD
2726,546,546,999.00,SUCCESS,2026-06-23 09:24:00,NET_BANKING
2727,546,546,999.00,SUCCESS,2026-07-06 13:33:00,CARD
2728,546,546,999.00,FAILED,2026-08-18 16:33:00,NET_BANKING
2729,547,547,999.00,SUCCESS,2026-01-04 20:52:00,NET_BANKING
2730,547,547,999.00,SUCCESS,2026-02-14 20:29:00,CARD
2731,547,547,999.00,SUCCESS,2026-03-04 09:56:00,UPI
2732,547,547,999.00,SUCCESS,2026-04-10 17:44:00,WALLET
2733,547,547,999.00,SUCCESS,2026-05-16 10:17:00,UPI
2734,547,547,999.00,SUCCESS,2026-06-16 10:21:00,UPI
2735,547,547,999.00,SUCCESS,2026-07-23 17:33:00,CARD
2736,547,547,999.00,SUCCESS,2026-08-01 11:03:00,CARD
2737,549,549,2499.00,SUCCESS,2026-01-23 20:19:00,CARD
2738,549,549,2499.00,SUCCESS,2026-02-04 18:21:00,UPI
2739,549,549,2499.00,SUCCESS,2026-03-07 11:28:00,WALLET
2740,549,549,2499.00,SUCCESS,2026-04-19 13:12:00,WALLET
2741,549,549,2499.00,SUCCESS,2026-05-07 14:18:00,WALLET
2742,549,549,2499.00,SUCCESS,2026-06-09 19:16:00,NET_BANKING
2743,549,549,2499.00,SUCCESS,2026-07-11 10:55:00,CARD
2744,549,549,2499.00,SUCCESS,2026-08-05 16:49:00,CARD
2745,550,550,2499.00,SUCCESS,2026-05-18 13:47:00,UPI
2746,550,550,2499.00,SUCCESS,2026-06-17 17:12:00,NET_BANKING
2747,550,550,2499.00,SUCCESS,2026-07-23 18:02:00,NET_BANKING
2748,550,550,2499.00,SUCCESS,2026-08-10 15:58:00,UPI
2749,551,551,2499.00,SUCCESS,2026-05-10 11:04:00,WALLET
2750,551,551,2499.00,SUCCESS,2026-06-18 17:56:00,CARD
2751,551,551,2499.00,SUCCESS,2026-07-04 15:25:00,CARD
2752,551,551,2499.00,SUCCESS,2026-08-17 09:48:00,WALLET
2753,552,552,2499.00,SUCCESS,2026-02-20 20:39:00,WALLET
2754,552,552,2499.00,SUCCESS,2026-03-15 09:22:00,CARD
2755,552,552,2499.00,SUCCESS,2026-04-09 19:11:00,UPI
2756,552,552,2499.00,SUCCESS,2026-05-10 17:58:00,UPI
2757,552,552,2499.00,SUCCESS,2026-06-12 09:52:00,CARD
2758,552,552,2499.00,SUCCESS,2026-07-17 19:38:00,CARD
2759,552,552,2499.00,SUCCESS,2026-08-18 15:27:00,NET_BANKING
2760,553,553,2499.00,SUCCESS,2026-06-12 09:43:00,WALLET
2761,553,553,2499.00,SUCCESS,2026-07-05 12:39:00,CARD
2762,553,553,2499.00,SUCCESS,2026-08-16 14:56:00,NET_BANKING
2763,555,555,2499.00,SUCCESS,2026-01-19 08:14:00,NET_BANKING
2764,555,555,2499.00,SUCCESS,2026-02-19 11:44:00,UPI
2765,555,555,2499.00,SUCCESS,2026-03-11 16:09:00,UPI
2766,555,555,2499.00,SUCCESS,2026-04-06 20:37:00,UPI
2767,555,555,2499.00,SUCCESS,2026-05-13 11:00:00,WALLET
2768,555,555,2499.00,SUCCESS,2026-06-25 19:17:00,WALLET
2769,555,555,2499.00,SUCCESS,2026-07-18 18:21:00,NET_BANKING
2770,555,555,2499.00,SUCCESS,2026-08-01 09:05:00,CARD
2771,556,556,2499.00,SUCCESS,2026-01-02 14:10:00,UPI
2772,556,556,2499.00,SUCCESS,2026-02-05 16:07:00,WALLET
2773,556,556,2499.00,SUCCESS,2026-03-09 19:05:00,WALLET
2774,556,556,2499.00,FAILED,2026-04-06 09:32:00,UPI
2775,556,556,2499.00,SUCCESS,2026-05-15 10:42:00,CARD
2776,556,556,2499.00,SUCCESS,2026-06-13 14:38:00,WALLET
2777,556,556,2499.00,SUCCESS,2026-07-09 14:42:00,NET_BANKING
2778,556,556,2499.00,SUCCESS,2026-08-07 15:55:00,NET_BANKING
2779,557,557,999.00,SUCCESS,2026-05-23 16:18:00,CARD
2780,557,557,999.00,SUCCESS,2026-06-02 19:37:00,CARD
2781,557,557,999.00,SUCCESS,2026-07-19 16:59:00,NET_BANKING
2782,557,557,999.00,SUCCESS,2026-08-15 13:03:00,CARD
2783,558,558,999.00,SUCCESS,2026-01-14 11:33:00,WALLET
2784,558,558,999.00,SUCCESS,2026-02-14 13:08:00,CARD
2785,558,558,999.00,SUCCESS,2026-03-01 12:01:00,NET_BANKING
2786,558,558,999.00,SUCCESS,2026-04-22 10:38:00,NET_BANKING
2787,558,558,999.00,SUCCESS,2026-05-02 19:55:00,WALLET
2788,558,558,999.00,FAILED,2026-06-09 12:25:00,WALLET
2789,558,558,999.00,SUCCESS,2026-07-12 11:21:00,CARD
2790,558,558,999.00,FAILED,2026-08-05 08:33:00,WALLET
2791,559,559,2499.00,SUCCESS,2026-01-24 09:37:00,CARD
2792,559,559,2499.00,SUCCESS,2026-02-20 16:26:00,CARD
2793,559,559,2499.00,SUCCESS,2026-03-25 08:55:00,WALLET
2794,559,559,2499.00,SUCCESS,2026-04-22 20:21:00,WALLET
2795,559,559,2499.00,SUCCESS,2026-05-03 20:28:00,UPI
2796,559,559,2499.00,SUCCESS,2026-06-22 09:42:00,NET_BANKING
2797,559,559,2499.00,SUCCESS,2026-07-07 12:09:00,WALLET
2798,559,559,2499.00,SUCCESS,2026-08-17 19:20:00,NET_BANKING
2799,560,560,2499.00,SUCCESS,2026-05-10 18:03:00,NET_BANKING
2800,560,560,2499.00,SUCCESS,2026-06-25 13:13:00,NET_BANKING
2801,560,560,2499.00,SUCCESS,2026-07-09 17:08:00,NET_BANKING
2802,560,560,2499.00,SUCCESS,2026-08-11 20:18:00,WALLET
2803,561,561,999.00,SUCCESS,2026-01-17 16:11:00,UPI
2804,561,561,999.00,FAILED,2026-02-03 20:47:00,NET_BANKING
2805,561,561,999.00,SUCCESS,2026-03-09 11:40:00,NET_BANKING
2806,561,561,999.00,SUCCESS,2026-04-12 09:57:00,UPI
2807,561,561,999.00,SUCCESS,2026-05-17 13:42:00,UPI
2808,561,561,999.00,SUCCESS,2026-06-20 20:43:00,NET_BANKING
2809,561,561,999.00,SUCCESS,2026-07-17 09:35:00,CARD
2810,561,561,999.00,SUCCESS,2026-08-03 17:52:00,WALLET
2811,562,562,2499.00,SUCCESS,2026-04-13 20:52:00,UPI
2812,562,562,2499.00,SUCCESS,2026-05-11 10:09:00,WALLET
2813,562,562,2499.00,SUCCESS,2026-06-17 15:27:00,WALLET
2814,562,562,2499.00,FAILED,2026-07-08 11:58:00,CARD
2815,562,562,2499.00,SUCCESS,2026-08-04 09:09:00,NET_BANKING
2816,565,565,999.00,SUCCESS,2026-01-23 10:32:00,NET_BANKING
2817,565,565,999.00,SUCCESS,2026-02-24 18:59:00,WALLET
2818,565,565,999.00,SUCCESS,2026-03-08 09:55:00,UPI
2819,565,565,999.00,SUCCESS,2026-04-18 17:38:00,NET_BANKING
2820,565,565,999.00,SUCCESS,2026-05-25 19:01:00,UPI
2821,565,565,999.00,SUCCESS,2026-06-21 20:16:00,WALLET
2822,565,565,999.00,SUCCESS,2026-07-02 13:35:00,WALLET
2823,565,565,999.00,SUCCESS,2026-08-19 15:15:00,WALLET
2824,566,566,9999.00,SUCCESS,2026-01-04 13:41:00,UPI
2825,566,566,9999.00,SUCCESS,2026-02-23 08:25:00,CARD
2826,566,566,9999.00,SUCCESS,2026-03-11 08:52:00,WALLET
2827,566,566,9999.00,SUCCESS,2026-04-17 08:09:00,WALLET
2828,566,566,9999.00,SUCCESS,2026-05-23 09:49:00,WALLET
2829,566,566,9999.00,SUCCESS,2026-06-20 17:48:00,UPI
2830,566,566,9999.00,SUCCESS,2026-07-13 20:32:00,NET_BANKING
2831,566,566,9999.00,SUCCESS,2026-08-16 18:39:00,CARD
2832,567,567,999.00,FAILED,2026-01-13 12:09:00,UPI
2833,567,567,999.00,SUCCESS,2026-02-15 16:29:00,UPI
2834,567,567,999.00,SUCCESS,2026-03-04 18:25:00,UPI
2835,567,567,999.00,SUCCESS,2026-04-20 19:56:00,CARD
2836,567,567,999.00,SUCCESS,2026-05-25 11:37:00,NET_BANKING
2837,567,567,999.00,SUCCESS,2026-06-15 18:46:00,UPI
2838,567,567,999.00,SUCCESS,2026-07-01 20:17:00,UPI
2839,567,567,999.00,SUCCESS,2026-08-13 10:50:00,CARD
2840,569,569,999.00,SUCCESS,2026-02-20 13:36:00,NET_BANKING
2841,569,569,999.00,SUCCESS,2026-03-12 14:06:00,WALLET
2842,569,569,999.00,SUCCESS,2026-04-03 16:02:00,WALLET
2843,569,569,999.00,SUCCESS,2026-05-15 10:45:00,WALLET
2844,569,569,999.00,SUCCESS,2026-06-01 19:58:00,UPI
2845,569,569,999.00,SUCCESS,2026-07-04 12:42:00,WALLET
2846,569,569,999.00,SUCCESS,2026-08-21 12:24:00,NET_BANKING
2847,570,570,2499.00,SUCCESS,2026-01-02 20:55:00,WALLET
2848,570,570,2499.00,SUCCESS,2026-02-25 10:57:00,CARD
2849,570,570,2499.00,SUCCESS,2026-03-05 19:31:00,UPI
2850,570,570,2499.00,SUCCESS,2026-04-20 11:09:00,NET_BANKING
2851,570,570,2499.00,SUCCESS,2026-05-24 13:22:00,NET_BANKING
2852,570,570,2499.00,SUCCESS,2026-06-13 10:24:00,WALLET
2853,570,570,2499.00,SUCCESS,2026-07-09 14:39:00,NET_BANKING
2854,570,570,2499.00,SUCCESS,2026-08-15 17:47:00,NET_BANKING
2855,571,571,2499.00,SUCCESS,2026-01-14 10:52:00,UPI
2856,571,571,2499.00,SUCCESS,2026-02-23 11:25:00,NET_BANKING
2857,571,571,2499.00,SUCCESS,2026-03-12 08:20:00,NET_BANKING
2858,571,571,2499.00,FAILED,2026-04-10 14:59:00,WALLET
2859,571,571,2499.00,SUCCESS,2026-05-21 16:20:00,CARD
2860,571,571,2499.00,SUCCESS,2026-06-25 19:30:00,UPI
2861,571,571,2499.00,SUCCESS,2026-07-22 16:36:00,WALLET
2862,572,572,2499.00,SUCCESS,2026-06-22 15:43:00,NET_BANKING
2863,572,572,2499.00,SUCCESS,2026-07-08 14:31:00,WALLET
2864,572,572,2499.00,FAILED,2026-08-13 18:42:00,CARD
2865,573,573,2499.00,SUCCESS,2026-01-16 11:10:00,NET_BANKING
2866,573,573,2499.00,SUCCESS,2026-02-22 20:51:00,WALLET
2867,573,573,2499.00,SUCCESS,2026-03-21 09:54:00,WALLET
2868,573,573,2499.00,SUCCESS,2026-04-02 11:03:00,WALLET
2869,573,573,2499.00,SUCCESS,2026-05-24 19:24:00,NET_BANKING
2870,573,573,2499.00,SUCCESS,2026-06-21 17:31:00,NET_BANKING
2871,573,573,2499.00,SUCCESS,2026-07-15 16:09:00,WALLET
2872,573,573,2499.00,FAILED,2026-08-15 15:28:00,UPI
2873,574,574,999.00,SUCCESS,2026-08-17 15:11:00,UPI
2874,575,575,999.00,SUCCESS,2026-01-03 11:37:00,WALLET
2875,575,575,999.00,SUCCESS,2026-02-08 17:19:00,CARD
2876,575,575,999.00,SUCCESS,2026-03-02 14:08:00,UPI
2877,575,575,999.00,SUCCESS,2026-04-11 17:35:00,CARD
2878,575,575,999.00,SUCCESS,2026-05-17 12:06:00,UPI
2879,575,575,999.00,SUCCESS,2026-06-18 11:08:00,NET_BANKING
2880,575,575,999.00,SUCCESS,2026-07-24 10:03:00,CARD
2881,575,575,999.00,SUCCESS,2026-08-05 14:49:00,UPI
2882,576,576,999.00,SUCCESS,2026-01-09 20:31:00,NET_BANKING
2883,576,576,999.00,SUCCESS,2026-02-05 17:26:00,CARD
2884,576,576,999.00,SUCCESS,2026-03-03 14:32:00,UPI
2885,576,576,999.00,SUCCESS,2026-04-21 17:57:00,WALLET
2886,576,576,999.00,SUCCESS,2026-05-12 14:41:00,NET_BANKING
2887,576,576,999.00,SUCCESS,2026-06-12 12:23:00,NET_BANKING
2888,576,576,999.00,SUCCESS,2026-07-08 09:38:00,WALLET
2889,576,576,999.00,SUCCESS,2026-08-08 09:52:00,WALLET
2890,579,579,2499.00,SUCCESS,2026-05-21 09:18:00,CARD
2891,579,579,2499.00,SUCCESS,2026-06-10 10:12:00,CARD
2892,579,579,2499.00,SUCCESS,2026-07-10 18:53:00,UPI
2893,579,579,2499.00,SUCCESS,2026-08-22 10:38:00,NET_BANKING
2894,580,580,999.00,SUCCESS,2026-01-13 11:01:00,NET_BANKING
2895,580,580,999.00,SUCCESS,2026-02-14 18:10:00,UPI
2896,580,580,999.00,SUCCESS,2026-03-12 09:37:00,NET_BANKING
2897,580,580,999.00,SUCCESS,2026-04-19 18:44:00,UPI
2898,580,580,999.00,SUCCESS,2026-05-18 12:42:00,NET_BANKING
2899,580,580,999.00,SUCCESS,2026-06-01 16:36:00,WALLET
2900,580,580,999.00,SUCCESS,2026-07-12 18:52:00,WALLET
2901,580,580,999.00,FAILED,2026-08-10 11:08:00,UPI
2902,581,581,2499.00,SUCCESS,2026-06-18 16:17:00,NET_BANKING
2903,581,581,2499.00,SUCCESS,2026-07-21 16:02:00,CARD
2904,581,581,2499.00,FAILED,2026-08-06 20:03:00,CARD
2905,583,583,999.00,SUCCESS,2026-07-07 18:48:00,NET_BANKING
2906,583,583,999.00,SUCCESS,2026-08-09 15:56:00,CARD
2907,584,584,2499.00,PENDING,2026-05-20 10:41:00,UPI
2908,584,584,2499.00,SUCCESS,2026-06-14 11:23:00,WALLET
2909,584,584,2499.00,SUCCESS,2026-07-11 13:58:00,WALLET
2910,584,584,2499.00,FAILED,2026-08-08 18:27:00,UPI
2911,585,585,2499.00,SUCCESS,2026-01-22 10:56:00,WALLET
2912,585,585,2499.00,SUCCESS,2026-02-21 12:17:00,UPI
2913,585,585,2499.00,SUCCESS,2026-03-10 14:44:00,UPI
2914,585,585,2499.00,SUCCESS,2026-04-22 14:18:00,NET_BANKING
2915,585,585,2499.00,SUCCESS,2026-05-25 10:07:00,CARD
2916,585,585,2499.00,PENDING,2026-06-12 15:04:00,CARD
2917,585,585,2499.00,SUCCESS,2026-07-04 14:19:00,UPI
2918,585,585,2499.00,SUCCESS,2026-08-05 19:42:00,WALLET
2919,586,586,999.00,SUCCESS,2026-04-20 10:44:00,UPI
2920,586,586,999.00,SUCCESS,2026-05-08 20:23:00,CARD
2921,586,586,999.00,SUCCESS,2026-06-09 17:27:00,WALLET
2922,586,586,999.00,SUCCESS,2026-07-19 19:43:00,WALLET
2923,586,586,999.00,SUCCESS,2026-08-01 20:39:00,NET_BANKING
2924,587,587,999.00,SUCCESS,2026-03-25 08:38:00,UPI
2925,587,587,999.00,SUCCESS,2026-04-22 09:27:00,WALLET
2926,587,587,999.00,SUCCESS,2026-05-23 11:12:00,CARD
2927,587,587,999.00,FAILED,2026-06-05 14:06:00,WALLET
2928,587,587,999.00,SUCCESS,2026-07-14 15:08:00,CARD
2929,587,587,999.00,FAILED,2026-08-09 18:14:00,NET_BANKING
2930,588,588,2499.00,SUCCESS,2026-05-01 17:08:00,CARD
2931,588,588,2499.00,SUCCESS,2026-06-23 11:10:00,UPI
2932,588,588,2499.00,SUCCESS,2026-07-22 09:49:00,NET_BANKING
2933,588,588,2499.00,PENDING,2026-08-18 15:24:00,WALLET
2934,589,589,2499.00,SUCCESS,2026-08-19 08:41:00,UPI
2935,590,590,2499.00,SUCCESS,2026-05-12 17:58:00,WALLET
2936,590,590,2499.00,SUCCESS,2026-06-17 09:30:00,CARD
2937,590,590,2499.00,FAILED,2026-07-22 09:30:00,CARD
2938,590,590,2499.00,SUCCESS,2026-08-22 08:14:00,CARD
2939,591,591,999.00,SUCCESS,2026-08-23 20:39:00,NET_BANKING
2940,592,592,2499.00,SUCCESS,2026-01-14 13:09:00,NET_BANKING
2941,592,592,2499.00,SUCCESS,2026-02-19 17:03:00,WALLET
2942,592,592,2499.00,SUCCESS,2026-03-09 09:20:00,CARD
2943,592,592,2499.00,SUCCESS,2026-04-16 19:21:00,CARD
2944,592,592,2499.00,FAILED,2026-05-14 13:41:00,UPI
2945,592,592,2499.00,SUCCESS,2026-06-04 15:13:00,UPI
2946,592,592,2499.00,SUCCESS,2026-07-16 14:38:00,UPI
2947,592,592,2499.00,SUCCESS,2026-08-20 13:19:00,UPI
2948,593,593,999.00,SUCCESS,2026-01-21 18:22:00,UPI
2949,593,593,999.00,SUCCESS,2026-02-18 17:19:00,CARD
2950,593,593,999.00,SUCCESS,2026-03-15 17:37:00,NET_BANKING
2951,593,593,999.00,SUCCESS,2026-04-15 16:37:00,UPI
2952,593,593,999.00,SUCCESS,2026-05-08 10:32:00,WALLET
2953,593,593,999.00,SUCCESS,2026-06-15 13:41:00,CARD
2954,593,593,999.00,SUCCESS,2026-07-18 16:08:00,NET_BANKING
2955,593,593,999.00,SUCCESS,2026-08-08 08:02:00,CARD
2956,594,594,999.00,SUCCESS,2026-01-04 09:04:00,CARD
2957,594,594,999.00,SUCCESS,2026-02-18 20:16:00,CARD
2958,594,594,999.00,SUCCESS,2026-03-22 17:59:00,CARD
2959,594,594,999.00,SUCCESS,2026-04-22 16:28:00,CARD
2960,594,594,999.00,SUCCESS,2026-05-15 20:31:00,NET_BANKING
2961,594,594,999.00,SUCCESS,2026-06-01 16:42:00,UPI
2962,594,594,999.00,SUCCESS,2026-07-19 17:58:00,CARD
2963,594,594,999.00,SUCCESS,2026-08-05 19:37:00,WALLET
2964,596,596,999.00,SUCCESS,2026-01-02 10:50:00,CARD
2965,596,596,999.00,SUCCESS,2026-02-17 17:14:00,WALLET
2966,596,596,999.00,SUCCESS,2026-03-10 11:15:00,WALLET
2967,596,596,999.00,FAILED,2026-04-23 11:50:00,NET_BANKING
2968,596,596,999.00,FAILED,2026-05-04 16:49:00,WALLET
2969,596,596,999.00,FAILED,2026-06-08 10:25:00,UPI
2970,597,597,2499.00,FAILED,2026-03-02 18:49:00,CARD
2971,597,597,2499.00,SUCCESS,2026-04-07 10:00:00,CARD
2972,597,597,2499.00,FAILED,2026-05-15 15:45:00,WALLET
2973,597,597,2499.00,SUCCESS,2026-06-13 10:28:00,WALLET
2974,597,597,2499.00,SUCCESS,2026-07-09 09:25:00,WALLET
2975,597,597,2499.00,SUCCESS,2026-08-11 09:28:00,NET_BANKING
2976,598,598,999.00,SUCCESS,2026-01-22 14:11:00,CARD
2977,598,598,999.00,SUCCESS,2026-02-18 14:29:00,CARD
2978,598,598,999.00,SUCCESS,2026-03-10 13:32:00,NET_BANKING
2979,598,598,999.00,SUCCESS,2026-04-18 11:57:00,UPI
2980,598,598,999.00,SUCCESS,2026-05-06 19:13:00,UPI
2981,598,598,999.00,SUCCESS,2026-06-03 08:14:00,CARD
2982,598,598,999.00,SUCCESS,2026-07-06 18:16:00,CARD
2983,598,598,999.00,SUCCESS,2026-08-07 17:47:00,UPI
2984,599,599,9999.00,SUCCESS,2026-01-16 14:05:00,UPI
2985,599,599,9999.00,SUCCESS,2026-02-13 10:25:00,CARD
2986,599,599,9999.00,SUCCESS,2026-03-03 14:51:00,CARD
2987,599,599,9999.00,SUCCESS,2026-04-25 14:42:00,UPI
2988,599,599,9999.00,SUCCESS,2026-05-02 10:46:00,WALLET
2989,599,599,9999.00,SUCCESS,2026-06-03 18:54:00,WALLET
2990,599,599,9999.00,SUCCESS,2026-07-22 20:57:00,CARD
2991,599,599,9999.00,SUCCESS,2026-08-12 08:07:00,CARD
2992,602,602,999.00,FAILED,2026-08-13 15:20:00,WALLET
2993,603,603,999.00,SUCCESS,2026-01-11 19:44:00,UPI
2994,603,603,999.00,SUCCESS,2026-02-12 10:25:00,CARD
2995,603,603,999.00,SUCCESS,2026-03-14 12:37:00,NET_BANKING
2996,603,603,999.00,SUCCESS,2026-04-12 11:13:00,NET_BANKING
2997,603,603,999.00,SUCCESS,2026-05-25 19:45:00,WALLET
2998,603,603,999.00,SUCCESS,2026-06-17 19:19:00,UPI
2999,603,603,999.00,SUCCESS,2026-07-24 08:03:00,CARD
3000,603,603,999.00,SUCCESS,2026-08-05 15:17:00,UPI
3001,604,604,2499.00,SUCCESS,2026-03-14 14:45:00,CARD
3002,604,604,2499.00,SUCCESS,2026-04-09 15:04:00,CARD
3003,604,604,2499.00,SUCCESS,2026-05-22 12:23:00,CARD
3004,604,604,2499.00,SUCCESS,2026-06-08 16:17:00,CARD
3005,604,604,2499.00,SUCCESS,2026-07-14 12:36:00,UPI
3006,604,604,2499.00,SUCCESS,2026-08-15 15:53:00,WALLET
3007,605,605,999.00,SUCCESS,2026-04-06 12:55:00,NET_BANKING
3008,605,605,999.00,SUCCESS,2026-05-17 14:03:00,NET_BANKING
3009,605,605,999.00,SUCCESS,2026-06-07 11:22:00,NET_BANKING
3010,605,605,999.00,SUCCESS,2026-07-10 11:30:00,WALLET
3011,605,605,999.00,SUCCESS,2026-08-08 11:01:00,WALLET
3012,606,606,999.00,SUCCESS,2026-05-20 17:06:00,CARD
3013,606,606,999.00,SUCCESS,2026-06-14 10:21:00,NET_BANKING
3014,606,606,999.00,SUCCESS,2026-07-20 19:06:00,CARD
3015,606,606,999.00,SUCCESS,2026-08-14 10:31:00,UPI
3016,607,607,2499.00,SUCCESS,2026-07-15 10:18:00,CARD
3017,607,607,2499.00,SUCCESS,2026-08-03 18:25:00,UPI
3018,608,608,999.00,SUCCESS,2026-06-04 13:35:00,WALLET
3019,608,608,999.00,SUCCESS,2026-07-18 15:31:00,UPI
3020,608,608,999.00,SUCCESS,2026-08-11 17:02:00,UPI
3021,609,609,999.00,SUCCESS,2026-02-08 20:33:00,WALLET
3022,609,609,999.00,SUCCESS,2026-03-23 15:40:00,WALLET
3023,609,609,999.00,SUCCESS,2026-04-19 14:14:00,CARD
3024,609,609,999.00,SUCCESS,2026-05-03 16:51:00,CARD
3025,609,609,999.00,SUCCESS,2026-06-06 16:56:00,CARD
3026,609,609,999.00,SUCCESS,2026-07-06 12:49:00,CARD
3027,609,609,999.00,SUCCESS,2026-08-13 16:59:00,UPI
3028,610,610,999.00,SUCCESS,2026-05-23 13:44:00,CARD
3029,610,610,999.00,SUCCESS,2026-06-15 13:40:00,CARD
3030,610,610,999.00,SUCCESS,2026-07-16 15:30:00,UPI
3031,610,610,999.00,SUCCESS,2026-08-01 17:52:00,WALLET
3032,611,611,999.00,SUCCESS,2026-04-14 17:55:00,WALLET
3033,611,611,999.00,SUCCESS,2026-05-06 19:19:00,WALLET
3034,611,611,999.00,SUCCESS,2026-06-16 13:45:00,UPI
3035,611,611,999.00,SUCCESS,2026-07-01 16:59:00,CARD
3036,612,612,999.00,SUCCESS,2026-01-04 18:38:00,WALLET
3037,612,612,999.00,SUCCESS,2026-02-20 11:12:00,NET_BANKING
3038,612,612,999.00,SUCCESS,2026-03-23 16:53:00,NET_BANKING
3039,612,612,999.00,SUCCESS,2026-04-14 11:16:00,WALLET
3040,612,612,999.00,SUCCESS,2026-05-14 11:40:00,CARD
3041,612,612,999.00,SUCCESS,2026-06-08 18:38:00,UPI
3042,612,612,999.00,SUCCESS,2026-07-17 18:38:00,UPI
3043,612,612,999.00,SUCCESS,2026-08-25 15:38:00,CARD
3044,613,613,999.00,SUCCESS,2026-06-24 20:29:00,CARD
3045,613,613,999.00,FAILED,2026-07-22 20:08:00,CARD
3046,613,613,999.00,SUCCESS,2026-08-09 09:23:00,CARD
3047,614,614,2499.00,SUCCESS,2026-04-25 12:53:00,NET_BANKING
3048,614,614,2499.00,SUCCESS,2026-05-23 14:11:00,WALLET
3049,614,614,2499.00,SUCCESS,2026-06-11 08:28:00,NET_BANKING
3050,614,614,2499.00,SUCCESS,2026-07-11 20:03:00,CARD
3051,614,614,2499.00,SUCCESS,2026-08-09 13:34:00,NET_BANKING
3052,615,615,999.00,SUCCESS,2026-04-17 18:30:00,CARD
3053,615,615,999.00,SUCCESS,2026-05-13 16:00:00,UPI
3054,615,615,999.00,SUCCESS,2026-06-01 09:45:00,CARD
3055,615,615,999.00,SUCCESS,2026-07-16 12:13:00,CARD
3056,615,615,999.00,SUCCESS,2026-08-16 09:30:00,WALLET
3057,616,616,999.00,SUCCESS,2026-01-25 08:31:00,CARD
3058,616,616,999.00,SUCCESS,2026-02-21 15:05:00,UPI
3059,616,616,999.00,SUCCESS,2026-03-01 12:20:00,UPI
3060,616,616,999.00,SUCCESS,2026-04-12 11:53:00,UPI
3061,616,616,999.00,SUCCESS,2026-05-10 20:22:00,WALLET
3062,616,616,999.00,SUCCESS,2026-06-02 16:16:00,UPI
3063,616,616,999.00,SUCCESS,2026-07-22 18:57:00,WALLET
3064,616,616,999.00,SUCCESS,2026-08-17 09:11:00,UPI
3065,617,617,999.00,FAILED,2026-05-10 09:02:00,UPI
3066,617,617,999.00,SUCCESS,2026-06-07 19:44:00,NET_BANKING
3067,617,617,999.00,SUCCESS,2026-07-19 19:31:00,WALLET
3068,617,617,999.00,SUCCESS,2026-08-04 11:10:00,NET_BANKING
3069,618,618,999.00,SUCCESS,2026-08-16 10:46:00,CARD
3070,619,619,2499.00,SUCCESS,2026-03-24 14:43:00,CARD
3071,619,619,2499.00,SUCCESS,2026-04-06 18:28:00,CARD
3072,619,619,2499.00,SUCCESS,2026-05-10 12:14:00,NET_BANKING
3073,619,619,2499.00,SUCCESS,2026-06-14 15:26:00,CARD
3074,619,619,2499.00,SUCCESS,2026-07-06 11:35:00,WALLET
3075,619,619,2499.00,SUCCESS,2026-08-13 08:59:00,NET_BANKING
3076,620,620,2499.00,SUCCESS,2026-01-11 16:27:00,NET_BANKING
3077,620,620,2499.00,SUCCESS,2026-02-09 12:42:00,CARD
3078,620,620,2499.00,SUCCESS,2026-03-20 13:01:00,UPI
3079,620,620,2499.00,SUCCESS,2026-04-18 18:01:00,WALLET
3080,620,620,2499.00,SUCCESS,2026-05-21 16:14:00,UPI
3081,620,620,2499.00,SUCCESS,2026-06-09 17:01:00,NET_BANKING
3082,620,620,2499.00,SUCCESS,2026-07-09 16:28:00,CARD
3083,620,620,2499.00,FAILED,2026-08-19 19:08:00,UPI
3084,621,621,999.00,SUCCESS,2026-06-16 11:09:00,UPI
3085,621,621,999.00,SUCCESS,2026-07-15 18:12:00,NET_BANKING
3086,621,621,999.00,SUCCESS,2026-08-11 11:38:00,CARD
3087,622,622,999.00,SUCCESS,2026-04-18 14:03:00,NET_BANKING
3088,622,622,999.00,SUCCESS,2026-05-16 11:28:00,UPI
3089,622,622,999.00,SUCCESS,2026-06-04 16:08:00,CARD
3090,622,622,999.00,FAILED,2026-07-04 10:25:00,NET_BANKING
3091,622,622,999.00,SUCCESS,2026-08-24 09:52:00,NET_BANKING
3092,624,624,999.00,SUCCESS,2026-01-22 19:57:00,UPI
3093,624,624,999.00,FAILED,2026-02-17 09:28:00,UPI
3094,624,624,999.00,SUCCESS,2026-03-16 19:16:00,NET_BANKING
3095,624,624,999.00,SUCCESS,2026-04-17 11:31:00,CARD
3096,624,624,999.00,SUCCESS,2026-05-16 10:32:00,CARD
3097,624,624,999.00,SUCCESS,2026-06-23 12:24:00,WALLET
3098,624,624,999.00,SUCCESS,2026-07-22 19:08:00,CARD
3099,624,624,999.00,SUCCESS,2026-08-24 10:39:00,NET_BANKING
3100,626,626,999.00,PENDING,2026-01-07 12:55:00,WALLET
3101,626,626,999.00,SUCCESS,2026-02-21 11:06:00,UPI
3102,626,626,999.00,SUCCESS,2026-03-04 08:12:00,WALLET
3103,626,626,999.00,SUCCESS,2026-04-06 14:44:00,CARD
3104,626,626,999.00,SUCCESS,2026-05-15 08:41:00,NET_BANKING
3105,626,626,999.00,SUCCESS,2026-06-22 09:48:00,CARD
3106,626,626,999.00,SUCCESS,2026-07-13 14:45:00,CARD
3107,626,626,999.00,PENDING,2026-08-07 17:39:00,UPI
3108,627,627,2499.00,SUCCESS,2026-05-15 09:50:00,WALLET
3109,627,627,2499.00,FAILED,2026-06-01 11:28:00,CARD
3110,627,627,2499.00,SUCCESS,2026-07-25 09:12:00,NET_BANKING
3111,627,627,2499.00,SUCCESS,2026-08-13 18:58:00,NET_BANKING
3112,628,628,2499.00,SUCCESS,2026-01-24 15:10:00,NET_BANKING
3113,628,628,2499.00,SUCCESS,2026-02-12 16:00:00,WALLET
3114,628,628,2499.00,SUCCESS,2026-03-15 20:52:00,UPI
3115,628,628,2499.00,SUCCESS,2026-04-14 16:22:00,CARD
3116,628,628,2499.00,SUCCESS,2026-05-18 18:11:00,CARD
3117,628,628,2499.00,SUCCESS,2026-06-21 09:55:00,UPI
3118,628,628,2499.00,SUCCESS,2026-07-08 12:19:00,CARD
3119,628,628,2499.00,SUCCESS,2026-08-14 15:20:00,UPI
3120,629,629,9999.00,SUCCESS,2026-04-25 10:56:00,UPI
3121,629,629,9999.00,SUCCESS,2026-05-24 12:37:00,NET_BANKING
3122,629,629,9999.00,SUCCESS,2026-06-05 18:20:00,CARD
3123,629,629,9999.00,SUCCESS,2026-07-20 20:28:00,WALLET
3124,629,629,9999.00,SUCCESS,2026-08-14 20:04:00,NET_BANKING
3125,630,630,999.00,FAILED,2026-01-06 16:38:00,UPI
3126,630,630,999.00,SUCCESS,2026-02-05 19:32:00,CARD
3127,630,630,999.00,SUCCESS,2026-03-06 11:38:00,CARD
3128,630,630,999.00,SUCCESS,2026-04-03 19:31:00,UPI
3129,630,630,999.00,SUCCESS,2026-05-13 08:10:00,WALLET
3130,630,630,999.00,SUCCESS,2026-06-13 12:33:00,CARD
3131,630,630,999.00,SUCCESS,2026-07-07 10:45:00,UPI
3132,630,630,999.00,SUCCESS,2026-08-10 08:11:00,CARD
3133,632,632,999.00,SUCCESS,2026-01-19 08:39:00,UPI
3134,632,632,999.00,SUCCESS,2026-02-16 18:13:00,UPI
3135,632,632,999.00,SUCCESS,2026-03-24 20:55:00,NET_BANKING
3136,632,632,999.00,SUCCESS,2026-04-12 12:27:00,CARD
3137,632,632,999.00,SUCCESS,2026-05-19 16:48:00,NET_BANKING
3138,632,632,999.00,SUCCESS,2026-06-09 17:04:00,WALLET
3139,632,632,999.00,SUCCESS,2026-07-06 09:24:00,UPI
3140,632,632,999.00,SUCCESS,2026-08-07 14:31:00,UPI
3141,633,633,2499.00,SUCCESS,2026-03-08 18:58:00,NET_BANKING
3142,633,633,2499.00,SUCCESS,2026-04-25 09:46:00,UPI
3143,633,633,2499.00,FAILED,2026-05-03 17:39:00,CARD
3144,633,633,2499.00,SUCCESS,2026-06-22 19:33:00,UPI
3145,633,633,2499.00,FAILED,2026-07-01 18:08:00,NET_BANKING
3146,633,633,2499.00,SUCCESS,2026-08-14 09:06:00,UPI
3147,634,634,2499.00,SUCCESS,2026-07-17 17:23:00,NET_BANKING
3148,634,634,2499.00,SUCCESS,2026-08-25 20:45:00,WALLET
3149,635,635,9999.00,SUCCESS,2026-04-20 19:40:00,NET_BANKING
3150,635,635,9999.00,SUCCESS,2026-05-14 14:54:00,WALLET
3151,635,635,9999.00,SUCCESS,2026-06-13 10:40:00,CARD
3152,635,635,9999.00,SUCCESS,2026-07-05 19:33:00,WALLET
3153,635,635,9999.00,SUCCESS,2026-08-16 15:21:00,UPI
3154,636,636,999.00,SUCCESS,2026-06-22 13:57:00,WALLET
3155,636,636,999.00,SUCCESS,2026-07-20 13:13:00,UPI
3156,636,636,999.00,FAILED,2026-08-02 17:30:00,UPI
3157,637,637,999.00,SUCCESS,2026-03-22 09:48:00,UPI
3158,637,637,999.00,FAILED,2026-04-19 08:19:00,UPI
3159,637,637,999.00,SUCCESS,2026-05-06 19:34:00,UPI
3160,637,637,999.00,SUCCESS,2026-06-22 16:20:00,CARD
3161,637,637,999.00,SUCCESS,2026-07-09 14:11:00,NET_BANKING
3162,637,637,999.00,SUCCESS,2026-08-15 09:07:00,UPI
3163,638,638,2499.00,SUCCESS,2026-06-05 18:08:00,UPI
3164,638,638,2499.00,SUCCESS,2026-07-22 20:23:00,CARD
3165,638,638,2499.00,FAILED,2026-08-01 09:58:00,UPI
3166,639,639,2499.00,SUCCESS,2026-01-14 10:33:00,WALLET
3167,639,639,2499.00,SUCCESS,2026-02-12 18:00:00,CARD
3168,639,639,2499.00,SUCCESS,2026-03-13 08:23:00,NET_BANKING
3169,639,639,2499.00,SUCCESS,2026-04-18 08:48:00,UPI
3170,639,639,2499.00,SUCCESS,2026-05-09 17:18:00,UPI
3171,639,639,2499.00,SUCCESS,2026-06-01 16:54:00,UPI
3172,639,639,2499.00,SUCCESS,2026-07-04 19:54:00,NET_BANKING
3173,639,639,2499.00,SUCCESS,2026-08-25 09:47:00,CARD
3174,640,640,999.00,FAILED,2026-01-06 10:57:00,WALLET
3175,640,640,999.00,PENDING,2026-02-04 20:34:00,WALLET
3176,640,640,999.00,SUCCESS,2026-03-03 11:08:00,CARD
3177,640,640,999.00,SUCCESS,2026-04-01 08:51:00,WALLET
3178,640,640,999.00,SUCCESS,2026-05-23 08:33:00,WALLET
3179,641,641,999.00,SUCCESS,2026-01-16 10:07:00,UPI
3180,641,641,999.00,SUCCESS,2026-02-21 12:31:00,WALLET
3181,641,641,999.00,FAILED,2026-03-10 16:26:00,UPI
3182,641,641,999.00,SUCCESS,2026-04-14 20:20:00,WALLET
3183,641,641,999.00,SUCCESS,2026-05-13 16:34:00,NET_BANKING
3184,641,641,999.00,SUCCESS,2026-06-19 17:04:00,UPI
3185,641,641,999.00,SUCCESS,2026-07-11 11:52:00,NET_BANKING
3186,641,641,999.00,SUCCESS,2026-08-19 13:03:00,NET_BANKING
3187,643,643,2499.00,FAILED,2026-08-03 14:47:00,CARD
3188,644,644,999.00,SUCCESS,2026-02-15 08:39:00,NET_BANKING
3189,644,644,999.00,SUCCESS,2026-03-19 16:34:00,UPI
3190,644,644,999.00,SUCCESS,2026-04-21 08:16:00,NET_BANKING
3191,644,644,999.00,SUCCESS,2026-05-10 16:35:00,NET_BANKING
3192,644,644,999.00,SUCCESS,2026-06-05 11:53:00,NET_BANKING
3193,644,644,999.00,SUCCESS,2026-07-15 15:32:00,WALLET
3194,644,644,999.00,SUCCESS,2026-08-21 17:42:00,UPI
3195,646,646,999.00,SUCCESS,2026-06-24 17:22:00,WALLET
3196,646,646,999.00,SUCCESS,2026-07-16 13:00:00,CARD
3197,646,646,999.00,SUCCESS,2026-08-18 18:10:00,UPI
3198,647,647,999.00,SUCCESS,2026-01-07 19:39:00,NET_BANKING
3199,647,647,999.00,SUCCESS,2026-02-05 11:39:00,CARD
3200,647,647,999.00,SUCCESS,2026-03-15 20:29:00,WALLET
3201,647,647,999.00,SUCCESS,2026-04-05 10:24:00,UPI
3202,647,647,999.00,SUCCESS,2026-05-08 19:53:00,NET_BANKING
3203,647,647,999.00,SUCCESS,2026-06-01 15:32:00,WALLET
3204,647,647,999.00,SUCCESS,2026-07-15 18:12:00,UPI
3205,647,647,999.00,SUCCESS,2026-08-08 13:33:00,NET_BANKING
3206,648,648,2499.00,FAILED,2026-03-19 13:52:00,WALLET
3207,648,648,2499.00,SUCCESS,2026-04-14 15:02:00,WALLET
3208,648,648,2499.00,SUCCESS,2026-05-15 14:43:00,NET_BANKING
3209,648,648,2499.00,SUCCESS,2026-06-08 09:51:00,UPI
3210,648,648,2499.00,SUCCESS,2026-07-04 19:18:00,WALLET
3211,648,648,2499.00,SUCCESS,2026-08-25 12:03:00,CARD
3212,649,649,999.00,SUCCESS,2026-05-23 08:35:00,UPI
3213,649,649,999.00,SUCCESS,2026-06-08 20:12:00,NET_BANKING
3214,649,649,999.00,SUCCESS,2026-07-07 14:11:00,WALLET
3215,649,649,999.00,SUCCESS,2026-08-09 18:02:00,CARD
3216,650,650,2499.00,SUCCESS,2026-08-19 08:52:00,WALLET
3217,652,652,999.00,SUCCESS,2026-03-08 13:55:00,WALLET
3218,652,652,999.00,SUCCESS,2026-04-15 15:34:00,UPI
3219,652,652,999.00,SUCCESS,2026-05-23 08:41:00,WALLET
3220,652,652,999.00,SUCCESS,2026-06-12 19:40:00,UPI
3221,652,652,999.00,SUCCESS,2026-07-07 10:06:00,UPI
3222,652,652,999.00,SUCCESS,2026-08-19 09:40:00,UPI
3223,653,653,2499.00,SUCCESS,2026-01-15 19:44:00,CARD
3224,653,653,2499.00,SUCCESS,2026-02-21 09:07:00,NET_BANKING
3225,653,653,2499.00,SUCCESS,2026-03-15 11:39:00,NET_BANKING
3226,653,653,2499.00,SUCCESS,2026-04-07 18:35:00,WALLET
3227,653,653,2499.00,SUCCESS,2026-05-18 17:25:00,WALLET
3228,653,653,2499.00,PENDING,2026-06-19 12:59:00,WALLET
3229,653,653,2499.00,SUCCESS,2026-07-22 09:12:00,UPI
3230,653,653,2499.00,SUCCESS,2026-08-20 11:16:00,WALLET
3231,654,654,999.00,SUCCESS,2026-01-12 15:26:00,WALLET
3232,654,654,999.00,SUCCESS,2026-02-16 18:46:00,WALLET
3233,654,654,999.00,SUCCESS,2026-03-15 13:49:00,UPI
3234,654,654,999.00,SUCCESS,2026-04-23 20:33:00,UPI
3235,654,654,999.00,SUCCESS,2026-05-18 18:46:00,WALLET
3236,654,654,999.00,SUCCESS,2026-06-17 14:02:00,WALLET
3237,654,654,999.00,SUCCESS,2026-07-07 19:18:00,WALLET
3238,654,654,999.00,SUCCESS,2026-08-01 08:43:00,NET_BANKING
3239,655,655,2499.00,SUCCESS,2026-01-05 09:38:00,UPI
3240,655,655,2499.00,SUCCESS,2026-02-24 19:33:00,WALLET
3241,655,655,2499.00,SUCCESS,2026-03-07 12:32:00,WALLET
3242,655,655,2499.00,SUCCESS,2026-04-19 12:39:00,WALLET
3243,655,655,2499.00,SUCCESS,2026-05-02 14:38:00,UPI
3244,655,655,2499.00,PENDING,2026-06-10 11:01:00,WALLET
3245,655,655,2499.00,SUCCESS,2026-07-22 17:15:00,NET_BANKING
3246,656,656,9999.00,SUCCESS,2026-01-09 17:41:00,NET_BANKING
3247,656,656,9999.00,SUCCESS,2026-02-23 14:54:00,UPI
3248,656,656,9999.00,SUCCESS,2026-03-12 20:18:00,UPI
3249,656,656,9999.00,SUCCESS,2026-04-17 19:29:00,WALLET
3250,656,656,9999.00,PENDING,2026-05-24 10:05:00,UPI
3251,656,656,9999.00,SUCCESS,2026-06-25 13:22:00,NET_BANKING
3252,656,656,9999.00,SUCCESS,2026-07-25 17:18:00,CARD
3253,656,656,9999.00,FAILED,2026-08-19 15:00:00,WALLET
3254,657,657,999.00,SUCCESS,2026-02-16 13:52:00,NET_BANKING
3255,657,657,999.00,SUCCESS,2026-03-19 13:59:00,WALLET
3256,657,657,999.00,SUCCESS,2026-04-19 08:26:00,UPI
3257,657,657,999.00,PENDING,2026-05-18 10:34:00,CARD
3258,657,657,999.00,SUCCESS,2026-06-20 12:43:00,WALLET
3259,657,657,999.00,SUCCESS,2026-07-08 20:02:00,WALLET
3260,657,657,999.00,SUCCESS,2026-08-02 14:46:00,NET_BANKING
3261,658,658,2499.00,SUCCESS,2026-01-01 19:57:00,CARD
3262,658,658,2499.00,SUCCESS,2026-02-05 18:50:00,WALLET
3263,658,658,2499.00,SUCCESS,2026-03-25 10:13:00,NET_BANKING
3264,658,658,2499.00,SUCCESS,2026-04-02 17:56:00,UPI
3265,658,658,2499.00,SUCCESS,2026-05-11 10:58:00,UPI
3266,658,658,2499.00,SUCCESS,2026-06-04 18:41:00,CARD
3267,658,658,2499.00,SUCCESS,2026-07-17 19:46:00,CARD
3268,658,658,2499.00,SUCCESS,2026-08-17 12:54:00,WALLET
3269,659,659,9999.00,FAILED,2026-07-01 10:25:00,NET_BANKING
3270,659,659,9999.00,SUCCESS,2026-08-13 11:03:00,WALLET
3271,660,660,2499.00,SUCCESS,2026-04-12 13:02:00,UPI
3272,660,660,2499.00,SUCCESS,2026-05-23 17:27:00,UPI
3273,660,660,2499.00,SUCCESS,2026-06-01 10:43:00,WALLET
3274,660,660,2499.00,SUCCESS,2026-07-11 17:16:00,UPI
3275,660,660,2499.00,SUCCESS,2026-08-19 08:07:00,WALLET
3276,661,661,2499.00,SUCCESS,2026-01-09 18:40:00,WALLET
3277,661,661,2499.00,SUCCESS,2026-02-10 17:41:00,UPI
3278,661,661,2499.00,SUCCESS,2026-03-19 12:27:00,WALLET
3279,661,661,2499.00,SUCCESS,2026-04-02 14:34:00,UPI
3280,661,661,2499.00,SUCCESS,2026-05-05 11:32:00,CARD
3281,661,661,2499.00,SUCCESS,2026-06-09 08:58:00,WALLET
3282,661,661,2499.00,SUCCESS,2026-07-22 20:46:00,NET_BANKING
3283,661,661,2499.00,SUCCESS,2026-08-25 09:52:00,WALLET
3284,662,662,999.00,SUCCESS,2026-01-16 12:34:00,WALLET
3285,662,662,999.00,SUCCESS,2026-02-19 09:17:00,NET_BANKING
3286,662,662,999.00,SUCCESS,2026-03-14 10:50:00,CARD
3287,662,662,999.00,SUCCESS,2026-04-20 08:45:00,WALLET
3288,662,662,999.00,SUCCESS,2026-05-04 20:24:00,NET_BANKING
3289,662,662,999.00,SUCCESS,2026-06-05 11:23:00,NET_BANKING
3290,662,662,999.00,SUCCESS,2026-07-24 12:30:00,NET_BANKING
3291,662,662,999.00,SUCCESS,2026-08-07 15:47:00,NET_BANKING
3292,663,663,2499.00,SUCCESS,2026-06-13 10:05:00,WALLET
3293,663,663,2499.00,SUCCESS,2026-07-24 14:19:00,CARD
3294,663,663,2499.00,SUCCESS,2026-08-05 14:20:00,NET_BANKING
3295,664,664,999.00,SUCCESS,2026-01-15 12:12:00,WALLET
3296,664,664,999.00,SUCCESS,2026-02-03 16:10:00,UPI
3297,664,664,999.00,SUCCESS,2026-03-25 16:11:00,CARD
3298,664,664,999.00,SUCCESS,2026-04-03 16:26:00,WALLET
3299,664,664,999.00,SUCCESS,2026-05-05 11:09:00,UPI
3300,664,664,999.00,SUCCESS,2026-06-03 16:18:00,CARD
3301,664,664,999.00,SUCCESS,2026-07-18 13:33:00,UPI
3302,664,664,999.00,SUCCESS,2026-08-16 20:02:00,UPI
3303,665,665,2499.00,SUCCESS,2026-05-14 18:37:00,NET_BANKING
3304,665,665,2499.00,SUCCESS,2026-06-14 18:02:00,CARD
3305,665,665,2499.00,SUCCESS,2026-07-13 16:25:00,NET_BANKING
3306,665,665,2499.00,SUCCESS,2026-08-02 10:53:00,UPI
3307,666,666,2499.00,SUCCESS,2026-07-14 18:24:00,CARD
3308,666,666,2499.00,SUCCESS,2026-08-21 09:11:00,NET_BANKING
3309,667,667,2499.00,SUCCESS,2026-01-11 08:27:00,UPI
3310,667,667,2499.00,SUCCESS,2026-02-09 18:10:00,NET_BANKING
3311,667,667,2499.00,SUCCESS,2026-03-06 14:22:00,NET_BANKING
3312,667,667,2499.00,SUCCESS,2026-04-07 09:52:00,CARD
3313,667,667,2499.00,SUCCESS,2026-05-20 15:34:00,WALLET
3314,667,667,2499.00,SUCCESS,2026-06-17 10:49:00,UPI
3315,667,667,2499.00,SUCCESS,2026-07-13 14:03:00,CARD
3316,667,667,2499.00,SUCCESS,2026-08-15 09:24:00,NET_BANKING
3317,668,668,2499.00,SUCCESS,2026-01-10 20:32:00,WALLET
3318,668,668,2499.00,SUCCESS,2026-02-19 09:54:00,UPI
3319,668,668,2499.00,SUCCESS,2026-03-02 08:52:00,NET_BANKING
3320,668,668,2499.00,SUCCESS,2026-04-12 12:00:00,NET_BANKING
3321,668,668,2499.00,SUCCESS,2026-05-21 17:36:00,CARD
3322,668,668,2499.00,SUCCESS,2026-06-07 15:16:00,CARD
3323,668,668,2499.00,SUCCESS,2026-07-24 09:26:00,UPI
3324,668,668,2499.00,SUCCESS,2026-08-04 14:28:00,WALLET
3325,669,669,2499.00,SUCCESS,2026-04-24 15:35:00,CARD
3326,669,669,2499.00,SUCCESS,2026-05-04 18:02:00,NET_BANKING
3327,669,669,2499.00,SUCCESS,2026-06-12 18:12:00,WALLET
3328,669,669,2499.00,SUCCESS,2026-07-17 16:53:00,WALLET
3329,669,669,2499.00,SUCCESS,2026-08-10 20:11:00,WALLET
3330,670,670,2499.00,SUCCESS,2026-05-21 17:36:00,NET_BANKING
3331,670,670,2499.00,SUCCESS,2026-06-03 16:10:00,UPI
3332,670,670,2499.00,SUCCESS,2026-07-11 19:33:00,CARD
3333,671,671,999.00,SUCCESS,2026-03-10 10:22:00,NET_BANKING
3334,671,671,999.00,SUCCESS,2026-04-13 09:08:00,NET_BANKING
3335,671,671,999.00,SUCCESS,2026-05-09 13:47:00,WALLET
3336,671,671,999.00,SUCCESS,2026-06-23 17:12:00,CARD
3337,671,671,999.00,SUCCESS,2026-07-12 18:16:00,CARD
3338,671,671,999.00,SUCCESS,2026-08-22 18:28:00,NET_BANKING
3339,672,672,999.00,SUCCESS,2026-02-13 19:35:00,NET_BANKING
3340,672,672,999.00,SUCCESS,2026-03-11 18:24:00,UPI
3341,672,672,999.00,SUCCESS,2026-04-22 19:29:00,NET_BANKING
3342,673,673,999.00,FAILED,2026-01-14 09:08:00,WALLET
3343,673,673,999.00,FAILED,2026-02-16 17:08:00,WALLET
3344,673,673,999.00,SUCCESS,2026-03-05 18:24:00,UPI
3345,673,673,999.00,SUCCESS,2026-04-03 20:58:00,NET_BANKING
3346,673,673,999.00,SUCCESS,2026-05-03 12:02:00,NET_BANKING
3347,673,673,999.00,SUCCESS,2026-06-20 15:32:00,WALLET
3348,673,673,999.00,SUCCESS,2026-07-06 13:15:00,NET_BANKING
3349,673,673,999.00,SUCCESS,2026-08-14 10:46:00,CARD
3350,674,674,999.00,SUCCESS,2026-02-01 11:03:00,NET_BANKING
3351,674,674,999.00,FAILED,2026-03-05 09:00:00,NET_BANKING
3352,674,674,999.00,SUCCESS,2026-04-20 10:06:00,WALLET
3353,674,674,999.00,SUCCESS,2026-05-23 14:35:00,CARD
3354,674,674,999.00,SUCCESS,2026-06-15 08:11:00,NET_BANKING
3355,674,674,999.00,SUCCESS,2026-07-02 08:21:00,CARD
3356,674,674,999.00,SUCCESS,2026-08-19 12:23:00,CARD
3357,675,675,2499.00,SUCCESS,2026-04-09 16:32:00,WALLET
3358,675,675,2499.00,SUCCESS,2026-05-09 19:26:00,WALLET
3359,675,675,2499.00,FAILED,2026-06-18 13:04:00,UPI
3360,675,675,2499.00,SUCCESS,2026-07-13 11:58:00,WALLET
3361,675,675,2499.00,SUCCESS,2026-08-15 17:43:00,CARD
3362,676,676,2499.00,SUCCESS,2026-04-10 10:41:00,CARD
3363,676,676,2499.00,SUCCESS,2026-05-10 17:23:00,WALLET
3364,676,676,2499.00,FAILED,2026-06-25 10:32:00,UPI
3365,676,676,2499.00,PENDING,2026-07-03 10:31:00,NET_BANKING
3366,676,676,2499.00,SUCCESS,2026-08-08 17:52:00,WALLET
3367,677,677,2499.00,FAILED,2026-07-18 15:34:00,UPI
3368,678,678,9999.00,SUCCESS,2026-01-14 12:37:00,WALLET
3369,678,678,9999.00,SUCCESS,2026-02-15 17:51:00,NET_BANKING
3370,678,678,9999.00,SUCCESS,2026-03-06 12:20:00,UPI
3371,678,678,9999.00,SUCCESS,2026-04-19 15:24:00,UPI
3372,678,678,9999.00,SUCCESS,2026-05-12 09:43:00,CARD
3373,678,678,9999.00,SUCCESS,2026-06-24 14:05:00,UPI
3374,678,678,9999.00,SUCCESS,2026-07-06 20:48:00,UPI
3375,678,678,9999.00,SUCCESS,2026-08-13 08:42:00,UPI
3376,679,679,2499.00,SUCCESS,2026-01-08 12:25:00,UPI
3377,679,679,2499.00,FAILED,2026-02-04 18:32:00,UPI
3378,679,679,2499.00,SUCCESS,2026-03-17 18:12:00,CARD
3379,679,679,2499.00,SUCCESS,2026-04-17 18:45:00,NET_BANKING
3380,679,679,2499.00,SUCCESS,2026-05-01 15:54:00,NET_BANKING
3381,679,679,2499.00,SUCCESS,2026-06-12 13:09:00,CARD
3382,679,679,2499.00,SUCCESS,2026-07-17 17:22:00,UPI
3383,679,679,2499.00,SUCCESS,2026-08-10 13:49:00,UPI
3384,680,680,2499.00,SUCCESS,2026-04-18 09:26:00,UPI
3385,680,680,2499.00,SUCCESS,2026-05-15 19:37:00,WALLET
3386,680,680,2499.00,SUCCESS,2026-06-17 09:46:00,UPI
3387,680,680,2499.00,FAILED,2026-07-17 16:52:00,WALLET
3388,680,680,2499.00,SUCCESS,2026-08-08 12:12:00,UPI
3389,681,681,999.00,SUCCESS,2026-01-04 18:50:00,NET_BANKING
3390,681,681,999.00,SUCCESS,2026-02-03 17:03:00,NET_BANKING
3391,681,681,999.00,SUCCESS,2026-03-07 12:35:00,WALLET
3392,681,681,999.00,SUCCESS,2026-04-01 14:27:00,NET_BANKING
3393,681,681,999.00,SUCCESS,2026-05-08 10:37:00,WALLET
3394,681,681,999.00,SUCCESS,2026-06-19 09:07:00,CARD
3395,681,681,999.00,SUCCESS,2026-07-20 19:48:00,WALLET
3396,681,681,999.00,SUCCESS,2026-08-09 17:20:00,NET_BANKING
3397,682,682,999.00,SUCCESS,2026-02-03 11:10:00,CARD
3398,682,682,999.00,SUCCESS,2026-03-12 13:25:00,NET_BANKING
3399,682,682,999.00,SUCCESS,2026-04-20 09:53:00,NET_BANKING
3400,682,682,999.00,SUCCESS,2026-05-08 16:56:00,CARD
3401,682,682,999.00,SUCCESS,2026-06-06 11:23:00,WALLET
3402,682,682,999.00,SUCCESS,2026-07-06 10:01:00,WALLET
3403,682,682,999.00,SUCCESS,2026-08-13 14:53:00,NET_BANKING
3404,683,683,999.00,SUCCESS,2026-02-23 15:54:00,WALLET
3405,683,683,999.00,SUCCESS,2026-03-15 19:11:00,UPI
3406,683,683,999.00,SUCCESS,2026-04-07 14:49:00,CARD
3407,683,683,999.00,SUCCESS,2026-05-23 18:12:00,NET_BANKING
3408,683,683,999.00,FAILED,2026-06-06 11:18:00,UPI
3409,683,683,999.00,SUCCESS,2026-07-12 10:28:00,WALLET
3410,683,683,999.00,FAILED,2026-08-04 15:57:00,CARD
3411,684,684,999.00,SUCCESS,2026-07-13 17:09:00,CARD
3412,684,684,999.00,SUCCESS,2026-08-21 17:45:00,CARD
3413,685,685,999.00,SUCCESS,2026-01-17 13:47:00,UPI
3414,685,685,999.00,SUCCESS,2026-02-01 16:56:00,CARD
3415,685,685,999.00,SUCCESS,2026-03-24 08:58:00,WALLET
3416,685,685,999.00,SUCCESS,2026-04-20 19:15:00,UPI
3417,685,685,999.00,SUCCESS,2026-05-03 16:06:00,NET_BANKING
3418,685,685,999.00,SUCCESS,2026-06-23 15:01:00,UPI
3419,685,685,999.00,SUCCESS,2026-07-21 18:24:00,NET_BANKING
3420,685,685,999.00,SUCCESS,2026-08-15 19:35:00,NET_BANKING
3421,686,686,2499.00,SUCCESS,2026-05-15 10:12:00,UPI
3422,686,686,2499.00,SUCCESS,2026-06-24 12:35:00,UPI
3423,686,686,2499.00,SUCCESS,2026-07-09 09:54:00,NET_BANKING
3424,686,686,2499.00,SUCCESS,2026-08-04 11:53:00,CARD
3425,687,687,999.00,SUCCESS,2026-06-06 19:01:00,UPI
3426,687,687,999.00,SUCCESS,2026-07-04 16:33:00,WALLET
3427,687,687,999.00,SUCCESS,2026-08-01 10:45:00,CARD
3428,688,688,2499.00,SUCCESS,2026-02-23 16:20:00,WALLET
3429,688,688,2499.00,SUCCESS,2026-03-09 19:17:00,WALLET
3430,688,688,2499.00,SUCCESS,2026-04-01 11:27:00,WALLET
3431,688,688,2499.00,SUCCESS,2026-05-24 20:55:00,CARD
3432,688,688,2499.00,SUCCESS,2026-06-17 15:08:00,UPI
3433,688,688,2499.00,SUCCESS,2026-07-07 17:03:00,CARD
3434,688,688,2499.00,SUCCESS,2026-08-21 17:54:00,WALLET
3435,689,689,2499.00,SUCCESS,2026-01-24 10:56:00,WALLET
3436,689,689,2499.00,SUCCESS,2026-02-10 19:45:00,CARD
3437,689,689,2499.00,SUCCESS,2026-03-19 11:04:00,UPI
3438,689,689,2499.00,SUCCESS,2026-04-15 10:46:00,UPI
3439,689,689,2499.00,SUCCESS,2026-05-05 12:02:00,UPI
3440,689,689,2499.00,SUCCESS,2026-06-23 20:31:00,WALLET
3441,689,689,2499.00,SUCCESS,2026-07-10 17:04:00,UPI
3442,689,689,2499.00,SUCCESS,2026-08-11 19:29:00,WALLET
3443,690,690,2499.00,SUCCESS,2026-04-23 13:46:00,UPI
3444,690,690,2499.00,SUCCESS,2026-05-19 09:34:00,WALLET
3445,690,690,2499.00,SUCCESS,2026-06-21 08:15:00,WALLET
3446,690,690,2499.00,SUCCESS,2026-07-05 17:10:00,WALLET
3447,690,690,2499.00,SUCCESS,2026-08-01 10:15:00,UPI
3448,691,691,2499.00,SUCCESS,2026-01-12 18:08:00,WALLET
3449,691,691,2499.00,SUCCESS,2026-02-03 20:11:00,CARD
3450,691,691,2499.00,SUCCESS,2026-03-23 19:28:00,NET_BANKING
3451,691,691,2499.00,SUCCESS,2026-04-01 10:24:00,WALLET
3452,691,691,2499.00,SUCCESS,2026-05-08 18:18:00,NET_BANKING
3453,691,691,2499.00,SUCCESS,2026-06-19 15:06:00,WALLET
3454,691,691,2499.00,SUCCESS,2026-07-14 12:35:00,NET_BANKING
3455,691,691,2499.00,SUCCESS,2026-08-01 08:52:00,WALLET
3456,692,692,999.00,SUCCESS,2026-07-17 09:50:00,CARD
3457,692,692,999.00,SUCCESS,2026-08-24 08:44:00,CARD
3458,693,693,999.00,SUCCESS,2026-06-10 18:56:00,WALLET
3459,693,693,999.00,SUCCESS,2026-07-02 17:21:00,CARD
3460,693,693,999.00,FAILED,2026-08-25 20:14:00,WALLET
3461,694,694,2499.00,SUCCESS,2026-07-04 18:12:00,WALLET
3462,694,694,2499.00,SUCCESS,2026-08-15 19:59:00,WALLET
3463,695,695,9999.00,SUCCESS,2026-08-21 12:32:00,NET_BANKING
3464,696,696,9999.00,SUCCESS,2026-03-13 19:29:00,NET_BANKING
3465,696,696,9999.00,SUCCESS,2026-04-13 18:24:00,UPI
3466,696,696,9999.00,SUCCESS,2026-05-07 14:06:00,WALLET
3467,696,696,9999.00,SUCCESS,2026-06-18 20:18:00,WALLET
3468,696,696,9999.00,SUCCESS,2026-07-13 08:32:00,UPI
3469,696,696,9999.00,FAILED,2026-08-17 15:50:00,UPI
3470,697,697,2499.00,SUCCESS,2026-01-22 14:20:00,UPI
3471,697,697,2499.00,SUCCESS,2026-02-23 16:06:00,NET_BANKING
3472,697,697,2499.00,SUCCESS,2026-03-04 14:55:00,WALLET
3473,697,697,2499.00,SUCCESS,2026-04-02 10:49:00,CARD
3474,697,697,2499.00,SUCCESS,2026-05-02 13:36:00,CARD
3475,697,697,2499.00,SUCCESS,2026-06-23 13:25:00,UPI
3476,697,697,2499.00,SUCCESS,2026-07-05 16:13:00,WALLET
3477,697,697,2499.00,SUCCESS,2026-08-24 11:45:00,CARD
3478,698,698,9999.00,SUCCESS,2026-01-14 19:26:00,NET_BANKING
3479,698,698,9999.00,PENDING,2026-02-21 17:55:00,WALLET
3480,698,698,9999.00,SUCCESS,2026-03-05 14:52:00,UPI
3481,698,698,9999.00,SUCCESS,2026-04-17 17:19:00,WALLET
3482,698,698,9999.00,SUCCESS,2026-05-23 12:57:00,CARD
3483,698,698,9999.00,SUCCESS,2026-06-04 12:05:00,WALLET
3484,698,698,9999.00,SUCCESS,2026-07-03 19:19:00,CARD
3485,698,698,9999.00,SUCCESS,2026-08-13 10:22:00,UPI
3486,699,699,2499.00,SUCCESS,2026-05-20 17:57:00,UPI
3487,699,699,2499.00,SUCCESS,2026-06-17 11:04:00,NET_BANKING
3488,699,699,2499.00,SUCCESS,2026-07-04 15:07:00,NET_BANKING
3489,699,699,2499.00,FAILED,2026-08-19 14:16:00,CARD
3490,700,700,2499.00,SUCCESS,2026-02-12 12:53:00,NET_BANKING
3491,700,700,2499.00,SUCCESS,2026-03-21 09:05:00,CARD
3492,700,700,2499.00,SUCCESS,2026-04-05 14:35:00,WALLET
3493,700,700,2499.00,SUCCESS,2026-05-21 14:41:00,WALLET
3494,700,700,2499.00,SUCCESS,2026-06-02 08:34:00,CARD
3495,700,700,2499.00,SUCCESS,2026-07-03 18:41:00,NET_BANKING
3496,700,700,2499.00,SUCCESS,2026-08-15 12:05:00,CARD
3497,701,701,999.00,SUCCESS,2026-01-14 08:51:00,UPI
3498,701,701,999.00,SUCCESS,2026-02-14 20:53:00,WALLET
3499,701,701,999.00,SUCCESS,2026-03-20 09:10:00,UPI
3500,701,701,999.00,SUCCESS,2026-04-16 13:23:00,CARD
3501,701,701,999.00,SUCCESS,2026-05-18 08:16:00,CARD
3502,701,701,999.00,SUCCESS,2026-06-02 12:21:00,CARD
3503,701,701,999.00,SUCCESS,2026-07-22 11:34:00,CARD
3504,701,701,999.00,SUCCESS,2026-08-09 13:28:00,WALLET
3505,702,702,999.00,SUCCESS,2026-03-08 08:27:00,NET_BANKING
3506,702,702,999.00,SUCCESS,2026-04-08 17:26:00,CARD
3507,704,704,2499.00,SUCCESS,2026-05-25 12:55:00,CARD
3508,704,704,2499.00,SUCCESS,2026-06-14 13:56:00,WALLET
3509,704,704,2499.00,SUCCESS,2026-07-23 15:15:00,UPI
3510,705,705,999.00,FAILED,2026-01-24 19:47:00,CARD
3511,705,705,999.00,SUCCESS,2026-02-12 12:00:00,UPI
3512,705,705,999.00,SUCCESS,2026-03-04 09:31:00,CARD
3513,705,705,999.00,SUCCESS,2026-04-16 19:19:00,NET_BANKING
3514,705,705,999.00,SUCCESS,2026-05-25 17:10:00,NET_BANKING
3515,705,705,999.00,SUCCESS,2026-06-20 18:42:00,CARD
3516,705,705,999.00,SUCCESS,2026-07-04 10:36:00,WALLET
3517,705,705,999.00,SUCCESS,2026-08-02 18:52:00,UPI
3518,706,706,999.00,SUCCESS,2026-01-10 12:09:00,NET_BANKING
3519,706,706,999.00,SUCCESS,2026-02-16 09:41:00,CARD
3520,707,707,2499.00,PENDING,2026-05-22 13:58:00,WALLET
3521,707,707,2499.00,SUCCESS,2026-06-18 11:22:00,NET_BANKING
3522,708,708,2499.00,SUCCESS,2026-01-18 14:51:00,WALLET
3523,708,708,2499.00,SUCCESS,2026-02-06 14:04:00,CARD
3524,708,708,2499.00,SUCCESS,2026-03-13 14:26:00,WALLET
3525,708,708,2499.00,SUCCESS,2026-04-15 19:40:00,NET_BANKING
3526,708,708,2499.00,SUCCESS,2026-05-22 10:26:00,CARD
3527,708,708,2499.00,SUCCESS,2026-06-04 08:06:00,WALLET
3528,708,708,2499.00,SUCCESS,2026-07-05 18:07:00,CARD
3529,708,708,2499.00,FAILED,2026-08-23 18:35:00,NET_BANKING
3530,709,709,999.00,FAILED,2026-01-22 10:50:00,UPI
3531,709,709,999.00,SUCCESS,2026-02-06 16:42:00,NET_BANKING
3532,709,709,999.00,SUCCESS,2026-03-15 10:54:00,CARD
3533,709,709,999.00,SUCCESS,2026-04-23 17:46:00,UPI
3534,709,709,999.00,SUCCESS,2026-05-01 16:00:00,WALLET
3535,709,709,999.00,SUCCESS,2026-06-18 20:31:00,UPI
3536,709,709,999.00,SUCCESS,2026-07-09 12:58:00,UPI
3537,709,709,999.00,SUCCESS,2026-08-21 14:25:00,CARD
3538,710,710,999.00,SUCCESS,2026-01-03 11:16:00,NET_BANKING
3539,710,710,999.00,SUCCESS,2026-02-16 09:39:00,WALLET
3540,710,710,999.00,SUCCESS,2026-03-05 14:39:00,UPI
3541,710,710,999.00,SUCCESS,2026-04-13 19:58:00,UPI
3542,710,710,999.00,SUCCESS,2026-05-18 15:25:00,WALLET
3543,710,710,999.00,SUCCESS,2026-06-22 12:59:00,NET_BANKING
3544,710,710,999.00,SUCCESS,2026-07-08 09:56:00,WALLET
3545,710,710,999.00,FAILED,2026-08-14 14:19:00,NET_BANKING
3546,711,711,999.00,SUCCESS,2026-08-25 09:55:00,CARD
3547,712,712,999.00,SUCCESS,2026-03-05 15:23:00,CARD
3548,712,712,999.00,SUCCESS,2026-04-06 16:54:00,UPI
3549,712,712,999.00,SUCCESS,2026-05-21 10:34:00,WALLET
3550,712,712,999.00,SUCCESS,2026-06-22 10:40:00,WALLET
3551,712,712,999.00,SUCCESS,2026-07-15 10:11:00,NET_BANKING
3552,712,712,999.00,SUCCESS,2026-08-01 10:09:00,NET_BANKING
3553,713,713,9999.00,SUCCESS,2026-01-09 10:04:00,WALLET
3554,713,713,9999.00,SUCCESS,2026-02-18 13:06:00,UPI
3555,713,713,9999.00,SUCCESS,2026-03-21 12:21:00,CARD
3556,713,713,9999.00,SUCCESS,2026-04-04 10:46:00,NET_BANKING
3557,713,713,9999.00,SUCCESS,2026-05-10 20:51:00,UPI
3558,713,713,9999.00,SUCCESS,2026-06-08 11:49:00,WALLET
3559,713,713,9999.00,SUCCESS,2026-07-02 09:52:00,WALLET
3560,713,713,9999.00,SUCCESS,2026-08-08 10:46:00,WALLET
3561,715,715,9999.00,SUCCESS,2026-01-23 14:59:00,UPI
3562,715,715,9999.00,SUCCESS,2026-02-23 09:48:00,WALLET
3563,715,715,9999.00,SUCCESS,2026-03-05 14:13:00,CARD
3564,715,715,9999.00,SUCCESS,2026-04-22 19:14:00,NET_BANKING
3565,715,715,9999.00,SUCCESS,2026-05-01 16:35:00,WALLET
3566,715,715,9999.00,PENDING,2026-06-09 18:30:00,WALLET
3567,715,715,9999.00,SUCCESS,2026-07-24 10:39:00,WALLET
3568,715,715,9999.00,SUCCESS,2026-08-21 17:21:00,NET_BANKING
3569,716,716,2499.00,SUCCESS,2026-06-15 15:43:00,UPI
3570,716,716,2499.00,SUCCESS,2026-07-11 14:04:00,CARD
3571,716,716,2499.00,SUCCESS,2026-08-10 09:27:00,NET_BANKING
3572,717,717,999.00,SUCCESS,2026-01-08 14:19:00,CARD
3573,718,718,2499.00,SUCCESS,2026-01-06 09:03:00,WALLET
3574,718,718,2499.00,SUCCESS,2026-02-18 18:41:00,NET_BANKING
3575,718,718,2499.00,SUCCESS,2026-03-01 10:10:00,UPI
3576,718,718,2499.00,SUCCESS,2026-04-17 15:32:00,WALLET
3577,718,718,2499.00,SUCCESS,2026-05-10 16:04:00,WALLET
3578,718,718,2499.00,SUCCESS,2026-06-05 09:05:00,CARD
3579,718,718,2499.00,SUCCESS,2026-07-20 11:13:00,NET_BANKING
3580,718,718,2499.00,SUCCESS,2026-08-12 09:46:00,UPI
3581,719,719,2499.00,SUCCESS,2026-01-15 14:38:00,NET_BANKING
3582,719,719,2499.00,SUCCESS,2026-02-23 10:57:00,UPI
3583,719,719,2499.00,SUCCESS,2026-03-19 18:11:00,NET_BANKING
3584,719,719,2499.00,SUCCESS,2026-04-11 17:54:00,CARD
3585,719,719,2499.00,SUCCESS,2026-05-05 14:34:00,CARD
3586,719,719,2499.00,SUCCESS,2026-06-19 20:56:00,UPI
3587,719,719,2499.00,SUCCESS,2026-07-01 11:05:00,UPI
3588,720,720,999.00,SUCCESS,2026-01-25 19:55:00,CARD
3589,720,720,999.00,SUCCESS,2026-02-25 18:56:00,CARD
3590,720,720,999.00,SUCCESS,2026-03-21 17:38:00,UPI
3591,720,720,999.00,SUCCESS,2026-04-15 18:17:00,WALLET
3592,720,720,999.00,SUCCESS,2026-05-09 08:21:00,UPI
3593,720,720,999.00,SUCCESS,2026-06-06 18:37:00,CARD
3594,720,720,999.00,SUCCESS,2026-07-01 09:57:00,WALLET
3595,720,720,999.00,SUCCESS,2026-08-19 09:43:00,CARD
3596,721,721,999.00,SUCCESS,2026-01-23 20:23:00,UPI
3597,721,721,999.00,SUCCESS,2026-02-16 18:04:00,UPI
3598,721,721,999.00,SUCCESS,2026-03-15 11:54:00,NET_BANKING
3599,721,721,999.00,SUCCESS,2026-04-24 18:00:00,WALLET
3600,721,721,999.00,SUCCESS,2026-05-24 13:45:00,NET_BANKING
3601,721,721,999.00,FAILED,2026-06-18 20:59:00,CARD
3602,721,721,999.00,SUCCESS,2026-07-25 14:35:00,CARD
3603,721,721,999.00,PENDING,2026-08-02 13:17:00,NET_BANKING
3604,722,722,2499.00,SUCCESS,2026-07-08 12:36:00,CARD
3605,722,722,2499.00,SUCCESS,2026-08-10 11:05:00,CARD
3606,723,723,2499.00,SUCCESS,2026-01-06 15:16:00,NET_BANKING
3607,723,723,2499.00,SUCCESS,2026-02-02 09:14:00,WALLET
3608,723,723,2499.00,SUCCESS,2026-03-02 15:08:00,WALLET
3609,723,723,2499.00,SUCCESS,2026-04-02 13:02:00,WALLET
3610,723,723,2499.00,SUCCESS,2026-05-24 18:43:00,WALLET
3611,723,723,2499.00,SUCCESS,2026-06-17 10:11:00,CARD
3612,723,723,2499.00,FAILED,2026-07-18 14:03:00,UPI
3613,723,723,2499.00,SUCCESS,2026-08-25 14:13:00,CARD
3614,724,724,2499.00,SUCCESS,2026-01-10 11:34:00,UPI
3615,724,724,2499.00,FAILED,2026-02-02 19:45:00,WALLET
3616,724,724,2499.00,SUCCESS,2026-03-04 09:19:00,CARD
3617,724,724,2499.00,FAILED,2026-04-14 16:15:00,CARD
3618,724,724,2499.00,SUCCESS,2026-05-10 11:23:00,CARD
3619,724,724,2499.00,SUCCESS,2026-06-17 11:24:00,NET_BANKING
3620,724,724,2499.00,SUCCESS,2026-07-05 09:30:00,UPI
3621,724,724,2499.00,SUCCESS,2026-08-08 12:59:00,UPI
3622,725,725,2499.00,SUCCESS,2026-08-24 19:44:00,CARD
3623,726,726,2499.00,SUCCESS,2026-01-06 11:29:00,WALLET
3624,726,726,2499.00,SUCCESS,2026-02-24 13:36:00,CARD
3625,726,726,2499.00,SUCCESS,2026-03-02 10:49:00,CARD
3626,726,726,2499.00,SUCCESS,2026-04-14 11:26:00,UPI
3627,726,726,2499.00,SUCCESS,2026-05-18 12:28:00,WALLET
3628,726,726,2499.00,SUCCESS,2026-06-24 11:55:00,NET_BANKING
3629,726,726,2499.00,SUCCESS,2026-07-13 16:20:00,NET_BANKING
3630,726,726,2499.00,SUCCESS,2026-08-17 17:52:00,CARD
3631,727,727,999.00,SUCCESS,2026-06-17 15:48:00,CARD
3632,727,727,999.00,SUCCESS,2026-07-13 20:04:00,WALLET
3633,727,727,999.00,SUCCESS,2026-08-04 11:10:00,CARD
3634,728,728,9999.00,SUCCESS,2026-01-18 13:32:00,UPI
3635,728,728,9999.00,FAILED,2026-02-14 20:42:00,UPI
3636,728,728,9999.00,SUCCESS,2026-03-16 13:03:00,WALLET
3637,728,728,9999.00,SUCCESS,2026-04-04 18:59:00,CARD
3638,728,728,9999.00,SUCCESS,2026-05-01 13:35:00,UPI
3639,728,728,9999.00,SUCCESS,2026-06-23 18:58:00,CARD
3640,728,728,9999.00,SUCCESS,2026-07-22 19:14:00,UPI
3641,728,728,9999.00,FAILED,2026-08-13 12:17:00,UPI
3642,729,729,2499.00,SUCCESS,2026-01-24 12:50:00,CARD
3643,729,729,2499.00,SUCCESS,2026-02-13 17:40:00,NET_BANKING
3644,729,729,2499.00,SUCCESS,2026-03-13 17:56:00,UPI
3645,729,729,2499.00,SUCCESS,2026-04-11 13:48:00,CARD
3646,730,730,999.00,SUCCESS,2026-08-19 16:48:00,WALLET
3647,731,731,999.00,SUCCESS,2026-01-11 19:23:00,CARD
3648,731,731,999.00,SUCCESS,2026-02-07 20:05:00,UPI
3649,731,731,999.00,SUCCESS,2026-03-01 09:43:00,CARD
3650,731,731,999.00,SUCCESS,2026-04-06 16:25:00,UPI
3651,731,731,999.00,PENDING,2026-05-09 15:11:00,CARD
3652,731,731,999.00,SUCCESS,2026-06-19 08:01:00,WALLET
3653,731,731,999.00,SUCCESS,2026-07-21 18:00:00,UPI
3654,731,731,999.00,SUCCESS,2026-08-17 11:31:00,CARD
3655,732,732,999.00,SUCCESS,2026-01-19 09:29:00,UPI
3656,732,732,999.00,SUCCESS,2026-02-07 13:43:00,NET_BANKING
3657,732,732,999.00,SUCCESS,2026-03-22 16:07:00,NET_BANKING
3658,732,732,999.00,SUCCESS,2026-04-01 20:38:00,CARD
3659,732,732,999.00,SUCCESS,2026-05-06 12:31:00,CARD
3660,732,732,999.00,SUCCESS,2026-06-22 12:37:00,UPI
3661,732,732,999.00,SUCCESS,2026-07-20 14:55:00,WALLET
3662,732,732,999.00,FAILED,2026-08-03 18:16:00,WALLET
3663,734,734,2499.00,SUCCESS,2026-06-14 09:42:00,NET_BANKING
3664,734,734,2499.00,SUCCESS,2026-07-16 13:47:00,WALLET
3665,735,735,999.00,FAILED,2026-05-24 12:19:00,NET_BANKING
3666,735,735,999.00,FAILED,2026-06-09 17:22:00,NET_BANKING
3667,735,735,999.00,SUCCESS,2026-07-18 19:53:00,UPI
3668,735,735,999.00,SUCCESS,2026-08-10 20:20:00,WALLET
3669,736,736,999.00,SUCCESS,2026-01-13 10:47:00,NET_BANKING
3670,736,736,999.00,SUCCESS,2026-02-22 16:39:00,NET_BANKING
3671,736,736,999.00,SUCCESS,2026-03-01 19:56:00,CARD
3672,736,736,999.00,SUCCESS,2026-04-12 19:35:00,CARD
3673,736,736,999.00,FAILED,2026-05-23 11:28:00,WALLET
3674,736,736,999.00,SUCCESS,2026-06-10 16:58:00,UPI
3675,736,736,999.00,SUCCESS,2026-07-21 16:03:00,WALLET
3676,736,736,999.00,SUCCESS,2026-08-08 18:46:00,NET_BANKING
3677,737,737,2499.00,SUCCESS,2026-04-18 08:42:00,WALLET
3678,737,737,2499.00,SUCCESS,2026-05-12 15:09:00,NET_BANKING
3679,737,737,2499.00,SUCCESS,2026-06-05 10:09:00,WALLET
3680,737,737,2499.00,SUCCESS,2026-07-11 19:34:00,CARD
3681,737,737,2499.00,FAILED,2026-08-14 20:56:00,UPI
3682,738,738,999.00,SUCCESS,2026-05-11 19:50:00,WALLET
3683,738,738,999.00,SUCCESS,2026-06-11 20:21:00,UPI
3684,738,738,999.00,SUCCESS,2026-07-08 10:36:00,UPI
3685,738,738,999.00,SUCCESS,2026-08-04 20:19:00,WALLET
3686,739,739,9999.00,SUCCESS,2026-01-23 16:07:00,CARD
3687,739,739,9999.00,SUCCESS,2026-02-02 15:05:00,NET_BANKING
3688,739,739,9999.00,SUCCESS,2026-03-05 15:40:00,UPI
3689,739,739,9999.00,SUCCESS,2026-04-23 20:33:00,NET_BANKING
3690,739,739,9999.00,SUCCESS,2026-05-09 13:05:00,UPI
3691,739,739,9999.00,SUCCESS,2026-06-20 16:34:00,CARD
3692,739,739,9999.00,SUCCESS,2026-07-25 11:47:00,WALLET
3693,739,739,9999.00,SUCCESS,2026-08-04 10:17:00,WALLET
3694,740,740,999.00,SUCCESS,2026-01-25 20:14:00,UPI
3695,740,740,999.00,SUCCESS,2026-02-17 09:51:00,CARD
3696,740,740,999.00,SUCCESS,2026-03-19 20:00:00,NET_BANKING
3697,740,740,999.00,SUCCESS,2026-04-04 14:10:00,UPI
3698,740,740,999.00,SUCCESS,2026-05-04 20:33:00,NET_BANKING
3699,740,740,999.00,SUCCESS,2026-06-17 14:54:00,NET_BANKING
3700,740,740,999.00,SUCCESS,2026-07-03 15:31:00,UPI
3701,740,740,999.00,SUCCESS,2026-08-04 16:50:00,NET_BANKING
3702,741,741,9999.00,SUCCESS,2026-01-11 15:48:00,UPI
3703,741,741,9999.00,SUCCESS,2026-02-10 11:51:00,UPI
3704,741,741,9999.00,SUCCESS,2026-03-11 09:15:00,WALLET
3705,741,741,9999.00,SUCCESS,2026-04-24 08:38:00,NET_BANKING
3706,741,741,9999.00,SUCCESS,2026-05-04 14:49:00,WALLET
3707,741,741,9999.00,SUCCESS,2026-06-06 14:14:00,WALLET
3708,741,741,9999.00,SUCCESS,2026-07-15 14:50:00,NET_BANKING
3709,741,741,9999.00,SUCCESS,2026-08-09 14:45:00,WALLET
3710,742,742,2499.00,FAILED,2026-07-24 18:37:00,NET_BANKING
3711,742,742,2499.00,SUCCESS,2026-08-02 12:14:00,UPI
3712,743,743,2499.00,SUCCESS,2026-04-17 20:03:00,CARD
3713,743,743,2499.00,FAILED,2026-05-06 18:53:00,NET_BANKING
3714,743,743,2499.00,SUCCESS,2026-06-14 11:58:00,WALLET
3715,743,743,2499.00,SUCCESS,2026-07-21 15:52:00,NET_BANKING
3716,743,743,2499.00,SUCCESS,2026-08-18 18:42:00,UPI
3717,744,744,9999.00,SUCCESS,2026-01-18 11:40:00,UPI
3718,744,744,9999.00,SUCCESS,2026-02-09 11:19:00,WALLET
3719,745,745,999.00,SUCCESS,2026-02-15 16:01:00,NET_BANKING
3720,745,745,999.00,SUCCESS,2026-03-23 19:01:00,NET_BANKING
3721,745,745,999.00,SUCCESS,2026-04-01 17:48:00,WALLET
3722,745,745,999.00,SUCCESS,2026-05-13 15:08:00,CARD
3723,745,745,999.00,SUCCESS,2026-06-08 10:24:00,UPI
3724,745,745,999.00,SUCCESS,2026-07-22 20:13:00,CARD
3725,745,745,999.00,SUCCESS,2026-08-23 14:02:00,CARD
3726,746,746,999.00,SUCCESS,2026-04-15 12:23:00,WALLET
3727,746,746,999.00,SUCCESS,2026-05-25 13:13:00,CARD
3728,746,746,999.00,SUCCESS,2026-06-20 12:35:00,WALLET
3729,746,746,999.00,SUCCESS,2026-07-02 16:01:00,NET_BANKING
3730,746,746,999.00,FAILED,2026-08-05 11:06:00,CARD
3731,747,747,2499.00,SUCCESS,2026-03-17 19:36:00,CARD
3732,747,747,2499.00,SUCCESS,2026-04-22 13:47:00,NET_BANKING
3733,747,747,2499.00,SUCCESS,2026-05-15 16:50:00,CARD
3734,747,747,2499.00,SUCCESS,2026-06-11 11:34:00,CARD
3735,747,747,2499.00,SUCCESS,2026-07-01 08:50:00,CARD
3736,747,747,2499.00,SUCCESS,2026-08-17 10:44:00,WALLET
3737,748,748,2499.00,SUCCESS,2026-08-23 09:49:00,NET_BANKING
3738,749,749,999.00,SUCCESS,2026-01-12 09:04:00,UPI
3739,749,749,999.00,SUCCESS,2026-02-10 10:24:00,WALLET
3740,749,749,999.00,SUCCESS,2026-03-24 20:30:00,WALLET
3741,749,749,999.00,SUCCESS,2026-04-01 11:59:00,WALLET
3742,749,749,999.00,SUCCESS,2026-05-05 13:10:00,CARD
3743,749,749,999.00,SUCCESS,2026-06-02 13:57:00,WALLET
3744,749,749,999.00,SUCCESS,2026-07-19 09:48:00,WALLET
3745,749,749,999.00,SUCCESS,2026-08-12 20:34:00,NET_BANKING
3746,750,750,2499.00,SUCCESS,2026-08-12 18:58:00,UPI
3747,751,751,999.00,FAILED,2026-07-11 09:03:00,CARD
3748,751,751,999.00,SUCCESS,2026-08-21 09:29:00,NET_BANKING
3749,752,752,999.00,SUCCESS,2026-06-03 09:25:00,CARD
3750,752,752,999.00,SUCCESS,2026-07-12 12:12:00,WALLET
3751,752,752,999.00,FAILED,2026-08-09 16:14:00,NET_BANKING
3752,753,753,999.00,SUCCESS,2026-01-03 09:04:00,UPI
3753,753,753,999.00,SUCCESS,2026-02-23 14:10:00,NET_BANKING
3754,753,753,999.00,SUCCESS,2026-03-15 12:38:00,UPI
3755,753,753,999.00,SUCCESS,2026-04-20 14:53:00,CARD
3756,753,753,999.00,FAILED,2026-05-22 20:37:00,NET_BANKING
3757,753,753,999.00,SUCCESS,2026-06-03 12:03:00,CARD
3758,753,753,999.00,FAILED,2026-07-19 14:00:00,UPI
3759,753,753,999.00,SUCCESS,2026-08-16 10:03:00,WALLET
3760,754,754,999.00,SUCCESS,2026-01-14 09:21:00,CARD
3761,754,754,999.00,SUCCESS,2026-02-06 14:25:00,UPI
3762,754,754,999.00,SUCCESS,2026-03-15 14:38:00,UPI
3763,754,754,999.00,SUCCESS,2026-04-12 20:23:00,NET_BANKING
3764,754,754,999.00,SUCCESS,2026-05-14 19:17:00,UPI
3765,754,754,999.00,SUCCESS,2026-06-22 08:06:00,UPI
3766,754,754,999.00,SUCCESS,2026-07-18 13:26:00,WALLET
3767,754,754,999.00,SUCCESS,2026-08-05 11:53:00,UPI
3768,755,755,999.00,SUCCESS,2026-01-04 11:53:00,NET_BANKING
3769,755,755,999.00,FAILED,2026-02-07 15:15:00,NET_BANKING
3770,755,755,999.00,SUCCESS,2026-03-15 08:46:00,WALLET
3771,755,755,999.00,SUCCESS,2026-04-14 17:35:00,UPI
3772,755,755,999.00,SUCCESS,2026-05-10 19:02:00,CARD
3773,755,755,999.00,SUCCESS,2026-06-06 17:27:00,UPI
3774,755,755,999.00,SUCCESS,2026-07-22 09:56:00,UPI
3775,755,755,999.00,SUCCESS,2026-08-06 14:16:00,CARD
3776,756,756,999.00,SUCCESS,2026-01-03 16:02:00,CARD
3777,756,756,999.00,SUCCESS,2026-02-05 17:12:00,UPI
3778,756,756,999.00,SUCCESS,2026-03-10 15:44:00,NET_BANKING
3779,756,756,999.00,SUCCESS,2026-04-04 08:42:00,NET_BANKING
3780,756,756,999.00,SUCCESS,2026-05-02 11:24:00,CARD
3781,756,756,999.00,SUCCESS,2026-06-19 13:25:00,CARD
3782,756,756,999.00,SUCCESS,2026-07-04 12:59:00,WALLET
3783,756,756,999.00,SUCCESS,2026-08-10 13:18:00,WALLET
3784,757,757,2499.00,SUCCESS,2026-04-06 11:22:00,CARD
3785,757,757,2499.00,SUCCESS,2026-05-16 12:25:00,CARD
3786,757,757,2499.00,SUCCESS,2026-06-16 15:01:00,NET_BANKING
3787,757,757,2499.00,SUCCESS,2026-07-20 16:15:00,UPI
3788,757,757,2499.00,SUCCESS,2026-08-07 20:03:00,UPI
3789,758,758,999.00,SUCCESS,2026-02-20 11:08:00,NET_BANKING
3790,758,758,999.00,SUCCESS,2026-03-10 12:02:00,NET_BANKING
3791,758,758,999.00,SUCCESS,2026-04-14 16:25:00,WALLET
3792,758,758,999.00,SUCCESS,2026-05-21 18:38:00,CARD
3793,758,758,999.00,SUCCESS,2026-06-06 14:44:00,UPI
3794,758,758,999.00,SUCCESS,2026-07-14 10:07:00,WALLET
3795,758,758,999.00,SUCCESS,2026-08-10 08:40:00,UPI
3796,759,759,2499.00,SUCCESS,2026-07-20 20:04:00,WALLET
3797,760,760,2499.00,SUCCESS,2026-05-13 18:45:00,NET_BANKING
3798,760,760,2499.00,SUCCESS,2026-06-16 15:03:00,WALLET
3799,760,760,2499.00,SUCCESS,2026-07-06 09:10:00,CARD
3800,760,760,2499.00,SUCCESS,2026-08-15 19:46:00,CARD
3801,761,761,999.00,SUCCESS,2026-02-24 09:35:00,WALLET
3802,761,761,999.00,SUCCESS,2026-03-10 08:41:00,WALLET
3803,761,761,999.00,SUCCESS,2026-04-15 12:03:00,NET_BANKING
3804,761,761,999.00,SUCCESS,2026-05-11 08:05:00,WALLET
3805,761,761,999.00,SUCCESS,2026-06-02 16:11:00,CARD
3806,761,761,999.00,SUCCESS,2026-07-23 13:09:00,NET_BANKING
3807,761,761,999.00,SUCCESS,2026-08-18 19:49:00,UPI
3808,762,762,2499.00,SUCCESS,2026-01-11 13:16:00,CARD
3809,762,762,2499.00,SUCCESS,2026-02-02 16:09:00,WALLET
3810,762,762,2499.00,SUCCESS,2026-03-24 10:15:00,WALLET
3811,762,762,2499.00,FAILED,2026-04-13 19:15:00,CARD
3812,762,762,2499.00,FAILED,2026-05-11 08:13:00,NET_BANKING
3813,762,762,2499.00,SUCCESS,2026-06-06 16:20:00,WALLET
3814,762,762,2499.00,SUCCESS,2026-07-19 12:04:00,WALLET
3815,762,762,2499.00,SUCCESS,2026-08-06 17:59:00,WALLET
3816,763,763,999.00,SUCCESS,2026-04-12 11:45:00,CARD
3817,763,763,999.00,SUCCESS,2026-05-25 18:13:00,UPI
3818,763,763,999.00,SUCCESS,2026-06-05 17:01:00,UPI
3819,763,763,999.00,SUCCESS,2026-07-03 11:13:00,UPI
3820,765,765,999.00,SUCCESS,2026-01-07 12:15:00,CARD
3821,765,765,999.00,SUCCESS,2026-02-06 08:08:00,WALLET
3822,765,765,999.00,SUCCESS,2026-03-05 13:55:00,UPI
3823,765,765,999.00,SUCCESS,2026-04-11 20:27:00,UPI
3824,765,765,999.00,SUCCESS,2026-05-03 16:07:00,NET_BANKING
3825,765,765,999.00,FAILED,2026-06-01 09:27:00,WALLET
3826,765,765,999.00,SUCCESS,2026-07-22 09:40:00,CARD
3827,765,765,999.00,SUCCESS,2026-08-12 15:14:00,WALLET
3828,766,766,999.00,SUCCESS,2026-03-19 12:02:00,UPI
3829,766,766,999.00,SUCCESS,2026-04-18 12:56:00,NET_BANKING
3830,766,766,999.00,SUCCESS,2026-05-01 15:49:00,CARD
3831,766,766,999.00,FAILED,2026-06-01 13:47:00,CARD
3832,767,767,999.00,SUCCESS,2026-05-19 10:53:00,NET_BANKING
3833,767,767,999.00,SUCCESS,2026-06-07 08:23:00,WALLET
3834,767,767,999.00,SUCCESS,2026-07-23 15:44:00,WALLET
3835,767,767,999.00,SUCCESS,2026-08-17 19:20:00,UPI
3836,768,768,9999.00,SUCCESS,2026-07-06 09:29:00,CARD
3837,768,768,9999.00,SUCCESS,2026-08-22 09:10:00,NET_BANKING
3838,769,769,999.00,SUCCESS,2026-04-12 20:25:00,NET_BANKING
3839,769,769,999.00,SUCCESS,2026-05-09 20:03:00,WALLET
3840,769,769,999.00,SUCCESS,2026-06-19 14:33:00,WALLET
3841,769,769,999.00,SUCCESS,2026-07-09 12:14:00,UPI
3842,769,769,999.00,SUCCESS,2026-08-14 09:24:00,WALLET
3843,771,771,2499.00,SUCCESS,2026-01-07 11:40:00,NET_BANKING
3844,771,771,2499.00,SUCCESS,2026-02-20 08:27:00,NET_BANKING
3845,771,771,2499.00,PENDING,2026-03-04 17:18:00,CARD
3846,771,771,2499.00,SUCCESS,2026-04-03 20:11:00,NET_BANKING
3847,771,771,2499.00,SUCCESS,2026-05-20 16:02:00,NET_BANKING
3848,771,771,2499.00,SUCCESS,2026-06-16 09:55:00,WALLET
3849,771,771,2499.00,SUCCESS,2026-07-23 16:53:00,WALLET
3850,771,771,2499.00,SUCCESS,2026-08-12 12:58:00,UPI
3851,772,772,999.00,SUCCESS,2026-03-10 18:22:00,NET_BANKING
3852,772,772,999.00,PENDING,2026-04-07 20:43:00,CARD
3853,772,772,999.00,SUCCESS,2026-05-06 12:11:00,CARD
3854,772,772,999.00,SUCCESS,2026-06-25 09:48:00,NET_BANKING
3855,772,772,999.00,SUCCESS,2026-07-25 12:40:00,WALLET
3856,772,772,999.00,FAILED,2026-08-04 18:35:00,UPI
3857,773,773,2499.00,SUCCESS,2026-01-13 16:43:00,UPI
3858,773,773,2499.00,SUCCESS,2026-02-01 13:31:00,UPI
3859,773,773,2499.00,SUCCESS,2026-03-03 11:55:00,CARD
3860,773,773,2499.00,SUCCESS,2026-04-04 13:41:00,WALLET
3861,773,773,2499.00,SUCCESS,2026-05-23 18:33:00,CARD
3862,773,773,2499.00,SUCCESS,2026-06-19 13:51:00,NET_BANKING
3863,773,773,2499.00,SUCCESS,2026-07-15 16:43:00,NET_BANKING
3864,773,773,2499.00,SUCCESS,2026-08-09 19:41:00,UPI
3865,774,774,2499.00,SUCCESS,2026-06-13 12:49:00,UPI
3866,774,774,2499.00,PENDING,2026-07-25 11:51:00,UPI
3867,774,774,2499.00,SUCCESS,2026-08-10 10:31:00,CARD
3868,776,776,999.00,SUCCESS,2026-04-12 10:20:00,UPI
3869,776,776,999.00,FAILED,2026-05-06 17:38:00,NET_BANKING
3870,777,777,2499.00,SUCCESS,2026-01-19 09:54:00,UPI
3871,777,777,2499.00,SUCCESS,2026-02-04 09:41:00,CARD
3872,777,777,2499.00,SUCCESS,2026-03-02 11:19:00,WALLET
3873,777,777,2499.00,SUCCESS,2026-04-23 09:54:00,CARD
3874,777,777,2499.00,SUCCESS,2026-05-20 18:45:00,NET_BANKING
3875,777,777,2499.00,SUCCESS,2026-06-03 18:59:00,WALLET
3876,777,777,2499.00,SUCCESS,2026-07-08 20:17:00,WALLET
3877,777,777,2499.00,SUCCESS,2026-08-24 10:45:00,CARD
3878,778,778,999.00,SUCCESS,2026-08-15 12:50:00,WALLET
3879,779,779,9999.00,SUCCESS,2026-06-09 18:28:00,CARD
3880,779,779,9999.00,SUCCESS,2026-07-21 12:53:00,NET_BANKING
3881,779,779,9999.00,SUCCESS,2026-08-18 15:56:00,WALLET
3882,780,780,9999.00,SUCCESS,2026-01-08 16:56:00,WALLET
3883,780,780,9999.00,SUCCESS,2026-02-04 13:15:00,UPI
3884,780,780,9999.00,SUCCESS,2026-03-11 13:21:00,NET_BANKING
3885,780,780,9999.00,SUCCESS,2026-04-15 14:26:00,WALLET
3886,780,780,9999.00,FAILED,2026-05-02 18:56:00,NET_BANKING
3887,780,780,9999.00,SUCCESS,2026-06-20 08:18:00,UPI
3888,780,780,9999.00,SUCCESS,2026-07-01 10:48:00,CARD
3889,780,780,9999.00,SUCCESS,2026-08-02 11:36:00,CARD
3890,781,781,2499.00,SUCCESS,2026-06-14 11:59:00,WALLET
3891,781,781,2499.00,SUCCESS,2026-07-21 20:27:00,NET_BANKING
3892,781,781,2499.00,SUCCESS,2026-08-10 14:37:00,UPI
3893,782,782,999.00,SUCCESS,2026-04-12 12:22:00,UPI
3894,782,782,999.00,SUCCESS,2026-05-16 12:41:00,CARD
3895,782,782,999.00,SUCCESS,2026-06-20 11:54:00,WALLET
3896,782,782,999.00,SUCCESS,2026-07-07 15:26:00,WALLET
3897,782,782,999.00,SUCCESS,2026-08-01 12:28:00,UPI
3898,783,783,999.00,SUCCESS,2026-01-05 09:37:00,UPI
3899,783,783,999.00,SUCCESS,2026-02-04 12:57:00,CARD
3900,783,783,999.00,SUCCESS,2026-03-20 15:43:00,WALLET
3901,783,783,999.00,SUCCESS,2026-04-13 16:22:00,UPI
3902,783,783,999.00,SUCCESS,2026-05-24 14:06:00,CARD
3903,783,783,999.00,SUCCESS,2026-06-19 19:51:00,WALLET
3904,783,783,999.00,SUCCESS,2026-07-18 14:28:00,WALLET
3905,783,783,999.00,SUCCESS,2026-08-05 15:31:00,CARD
3906,784,784,2499.00,SUCCESS,2026-06-25 17:19:00,NET_BANKING
3907,784,784,2499.00,SUCCESS,2026-07-17 13:02:00,WALLET
3908,784,784,2499.00,SUCCESS,2026-08-02 08:09:00,WALLET
3909,785,785,999.00,SUCCESS,2026-04-19 12:00:00,CARD
3910,785,785,999.00,SUCCESS,2026-05-04 20:21:00,CARD
3911,785,785,999.00,SUCCESS,2026-06-15 13:56:00,WALLET
3912,785,785,999.00,SUCCESS,2026-07-01 13:41:00,NET_BANKING
3913,787,787,999.00,SUCCESS,2026-01-25 11:54:00,UPI
3914,788,788,2499.00,SUCCESS,2026-01-21 16:57:00,WALLET
3915,788,788,2499.00,SUCCESS,2026-02-11 15:13:00,NET_BANKING
3916,788,788,2499.00,SUCCESS,2026-03-06 08:01:00,UPI
3917,788,788,2499.00,SUCCESS,2026-04-24 09:25:00,WALLET
3918,788,788,2499.00,SUCCESS,2026-05-05 12:43:00,WALLET
3919,788,788,2499.00,SUCCESS,2026-06-10 09:35:00,NET_BANKING
3920,788,788,2499.00,SUCCESS,2026-07-03 17:43:00,NET_BANKING
3921,788,788,2499.00,SUCCESS,2026-08-23 16:47:00,CARD
3922,790,790,2499.00,SUCCESS,2026-08-17 09:55:00,WALLET
3923,791,791,2499.00,SUCCESS,2026-01-10 20:50:00,NET_BANKING
3924,791,791,2499.00,SUCCESS,2026-02-06 17:04:00,UPI
3925,791,791,2499.00,SUCCESS,2026-03-03 08:19:00,UPI
3926,791,791,2499.00,PENDING,2026-04-09 19:34:00,UPI
3927,791,791,2499.00,SUCCESS,2026-05-10 08:35:00,CARD
3928,791,791,2499.00,SUCCESS,2026-06-16 12:15:00,NET_BANKING
3929,791,791,2499.00,SUCCESS,2026-07-09 20:36:00,UPI
3930,791,791,2499.00,SUCCESS,2026-08-15 20:43:00,WALLET
3931,792,792,999.00,SUCCESS,2026-01-12 10:30:00,UPI
3932,792,792,999.00,SUCCESS,2026-02-20 20:31:00,CARD
3933,792,792,999.00,SUCCESS,2026-03-01 17:38:00,NET_BANKING
3934,792,792,999.00,SUCCESS,2026-04-01 11:42:00,WALLET
3935,792,792,999.00,SUCCESS,2026-05-23 11:44:00,NET_BANKING
3936,792,792,999.00,FAILED,2026-06-09 12:29:00,WALLET
3937,792,792,999.00,SUCCESS,2026-07-10 19:26:00,CARD
3938,792,792,999.00,SUCCESS,2026-08-04 12:24:00,NET_BANKING
3939,793,793,2499.00,FAILED,2026-01-14 09:07:00,CARD
3940,793,793,2499.00,SUCCESS,2026-02-25 13:33:00,UPI
3941,793,793,2499.00,SUCCESS,2026-03-19 14:56:00,UPI
3942,793,793,2499.00,SUCCESS,2026-04-03 11:23:00,WALLET
3943,793,793,2499.00,SUCCESS,2026-05-23 15:35:00,NET_BANKING
3944,793,793,2499.00,SUCCESS,2026-06-02 14:34:00,UPI
3945,793,793,2499.00,FAILED,2026-07-17 12:44:00,CARD
3946,794,794,2499.00,SUCCESS,2026-07-25 20:33:00,CARD
3947,794,794,2499.00,SUCCESS,2026-08-10 11:01:00,UPI
3948,795,795,999.00,SUCCESS,2026-01-15 20:53:00,CARD
3949,795,795,999.00,SUCCESS,2026-02-07 09:46:00,WALLET
3950,795,795,999.00,SUCCESS,2026-03-13 08:06:00,WALLET
3951,795,795,999.00,SUCCESS,2026-04-09 15:54:00,CARD
3952,795,795,999.00,SUCCESS,2026-05-25 10:36:00,CARD
3953,795,795,999.00,FAILED,2026-06-19 08:30:00,CARD
3954,795,795,999.00,SUCCESS,2026-07-17 11:24:00,UPI
3955,795,795,999.00,SUCCESS,2026-08-16 14:40:00,UPI
3956,796,796,9999.00,SUCCESS,2026-01-06 20:33:00,CARD
3957,796,796,9999.00,SUCCESS,2026-02-11 12:52:00,UPI
3958,796,796,9999.00,SUCCESS,2026-03-23 17:21:00,NET_BANKING
3959,796,796,9999.00,SUCCESS,2026-04-05 20:17:00,WALLET
3960,796,796,9999.00,SUCCESS,2026-05-02 12:01:00,NET_BANKING
3961,796,796,9999.00,SUCCESS,2026-06-05 17:40:00,NET_BANKING
3962,796,796,9999.00,SUCCESS,2026-07-05 17:26:00,WALLET
3963,796,796,9999.00,SUCCESS,2026-08-03 13:24:00,UPI
3964,797,797,999.00,SUCCESS,2026-05-11 08:05:00,WALLET
3965,797,797,999.00,SUCCESS,2026-06-20 20:25:00,NET_BANKING
3966,797,797,999.00,FAILED,2026-07-12 14:24:00,UPI
3967,797,797,999.00,SUCCESS,2026-08-12 20:03:00,UPI
3968,799,799,2499.00,SUCCESS,2026-01-02 19:46:00,WALLET
3969,799,799,2499.00,SUCCESS,2026-02-14 18:31:00,NET_BANKING
3970,799,799,2499.00,SUCCESS,2026-03-19 08:58:00,WALLET
3971,799,799,2499.00,SUCCESS,2026-04-22 20:19:00,UPI
3972,799,799,2499.00,SUCCESS,2026-05-03 10:13:00,WALLET
3973,799,799,2499.00,SUCCESS,2026-06-10 17:59:00,UPI
3974,799,799,2499.00,SUCCESS,2026-07-16 19:35:00,NET_BANKING
3975,799,799,2499.00,SUCCESS,2026-08-03 08:07:00,UPI
3976,800,800,999.00,SUCCESS,2026-01-16 20:31:00,CARD
3977,800,800,999.00,SUCCESS,2026-02-03 20:25:00,UPI
3978,800,800,999.00,SUCCESS,2026-03-06 09:08:00,UPI
3979,800,800,999.00,SUCCESS,2026-04-16 16:24:00,CARD
3980,800,800,999.00,SUCCESS,2026-05-08 14:08:00,NET_BANKING
3981,800,800,999.00,SUCCESS,2026-06-12 15:49:00,NET_BANKING
3982,800,800,999.00,PENDING,2026-07-14 08:38:00,UPI
3983,800,800,999.00,FAILED,2026-08-12 12:06:00,CARD
3984,801,801,2499.00,SUCCESS,2026-01-07 12:43:00,NET_BANKING
3985,801,801,2499.00,SUCCESS,2026-02-03 15:39:00,CARD
3986,801,801,2499.00,SUCCESS,2026-03-13 20:56:00,UPI
3987,801,801,2499.00,SUCCESS,2026-04-15 09:36:00,UPI
3988,801,801,2499.00,SUCCESS,2026-05-03 19:54:00,WALLET
3989,801,801,2499.00,SUCCESS,2026-06-05 12:48:00,NET_BANKING
3990,801,801,2499.00,SUCCESS,2026-07-09 14:16:00,WALLET
3991,801,801,2499.00,FAILED,2026-08-22 16:31:00,CARD
3992,802,802,2499.00,SUCCESS,2026-01-04 13:44:00,CARD
3993,802,802,2499.00,SUCCESS,2026-02-09 14:03:00,NET_BANKING
3994,802,802,2499.00,SUCCESS,2026-03-12 10:02:00,CARD
3995,802,802,2499.00,SUCCESS,2026-04-13 09:07:00,UPI
3996,802,802,2499.00,SUCCESS,2026-05-07 10:11:00,WALLET
3997,802,802,2499.00,SUCCESS,2026-06-20 09:14:00,NET_BANKING
3998,802,802,2499.00,SUCCESS,2026-07-07 16:16:00,CARD
3999,802,802,2499.00,SUCCESS,2026-08-13 13:56:00,CARD
4000,803,803,2499.00,SUCCESS,2026-01-03 14:37:00,UPI
4001,803,803,2499.00,SUCCESS,2026-02-08 08:38:00,UPI
4002,803,803,2499.00,SUCCESS,2026-03-06 16:22:00,NET_BANKING
4003,803,803,2499.00,SUCCESS,2026-04-23 18:59:00,UPI
4004,803,803,2499.00,SUCCESS,2026-05-03 09:27:00,UPI
4005,803,803,2499.00,SUCCESS,2026-06-04 16:57:00,CARD
4006,803,803,2499.00,SUCCESS,2026-07-06 19:15:00,UPI
4007,803,803,2499.00,SUCCESS,2026-08-21 11:28:00,UPI
4008,804,804,2499.00,SUCCESS,2026-06-09 13:25:00,WALLET
4009,804,804,2499.00,SUCCESS,2026-07-22 18:32:00,CARD
4010,804,804,2499.00,SUCCESS,2026-08-22 19:58:00,UPI
4011,805,805,999.00,SUCCESS,2026-01-02 11:31:00,NET_BANKING
4012,805,805,999.00,SUCCESS,2026-02-07 16:46:00,UPI
4013,805,805,999.00,SUCCESS,2026-03-03 19:57:00,CARD
4014,805,805,999.00,SUCCESS,2026-04-23 10:03:00,WALLET
4015,805,805,999.00,SUCCESS,2026-05-22 18:12:00,UPI
4016,805,805,999.00,SUCCESS,2026-06-24 14:34:00,CARD
4017,805,805,999.00,PENDING,2026-07-22 16:01:00,WALLET
4018,805,805,999.00,SUCCESS,2026-08-05 16:20:00,CARD
4019,806,806,2499.00,SUCCESS,2026-01-06 13:07:00,NET_BANKING
4020,806,806,2499.00,SUCCESS,2026-02-20 16:14:00,UPI
4021,806,806,2499.00,SUCCESS,2026-03-07 12:39:00,WALLET
4022,806,806,2499.00,SUCCESS,2026-04-08 20:12:00,NET_BANKING
4023,806,806,2499.00,SUCCESS,2026-05-14 13:59:00,WALLET
4024,806,806,2499.00,SUCCESS,2026-06-21 20:29:00,NET_BANKING
4025,806,806,2499.00,SUCCESS,2026-07-04 17:59:00,UPI
4026,806,806,2499.00,SUCCESS,2026-08-10 16:59:00,NET_BANKING
4027,807,807,2499.00,SUCCESS,2026-05-18 16:23:00,WALLET
4028,807,807,2499.00,SUCCESS,2026-06-25 09:56:00,UPI
4029,807,807,2499.00,SUCCESS,2026-07-17 19:33:00,UPI
4030,807,807,2499.00,FAILED,2026-08-19 14:11:00,CARD
4031,808,808,999.00,SUCCESS,2026-01-19 19:59:00,CARD
4032,808,808,999.00,SUCCESS,2026-02-04 09:56:00,CARD
4033,808,808,999.00,SUCCESS,2026-03-23 12:54:00,NET_BANKING
4034,808,808,999.00,SUCCESS,2026-04-18 19:11:00,UPI
4035,808,808,999.00,SUCCESS,2026-05-03 13:51:00,WALLET
4036,808,808,999.00,SUCCESS,2026-06-17 09:03:00,UPI
4037,808,808,999.00,SUCCESS,2026-07-18 14:30:00,NET_BANKING
4038,808,808,999.00,SUCCESS,2026-08-14 14:52:00,NET_BANKING
4039,809,809,999.00,SUCCESS,2026-07-14 11:18:00,CARD
4040,809,809,999.00,SUCCESS,2026-08-01 18:11:00,WALLET
4041,810,810,999.00,SUCCESS,2026-04-11 19:06:00,CARD
4042,810,810,999.00,SUCCESS,2026-05-05 18:12:00,NET_BANKING
4043,810,810,999.00,SUCCESS,2026-06-17 13:03:00,CARD
4044,810,810,999.00,SUCCESS,2026-07-03 13:11:00,CARD
4045,810,810,999.00,SUCCESS,2026-08-10 14:36:00,WALLET
4046,811,811,2499.00,FAILED,2026-01-21 08:50:00,WALLET
4047,811,811,2499.00,SUCCESS,2026-02-17 18:24:00,CARD
4048,811,811,2499.00,SUCCESS,2026-03-11 15:44:00,NET_BANKING
4049,811,811,2499.00,SUCCESS,2026-04-23 12:00:00,NET_BANKING
4050,811,811,2499.00,SUCCESS,2026-05-11 09:40:00,CARD
4051,811,811,2499.00,SUCCESS,2026-06-01 20:02:00,WALLET
4052,811,811,2499.00,PENDING,2026-07-15 17:48:00,WALLET
4053,811,811,2499.00,FAILED,2026-08-11 09:34:00,WALLET
4054,812,812,2499.00,SUCCESS,2026-02-11 16:26:00,CARD
4055,812,812,2499.00,SUCCESS,2026-03-19 08:30:00,UPI
4056,812,812,2499.00,SUCCESS,2026-04-02 09:55:00,CARD
4057,812,812,2499.00,SUCCESS,2026-05-06 13:55:00,NET_BANKING
4058,812,812,2499.00,SUCCESS,2026-06-13 16:37:00,UPI
4059,812,812,2499.00,SUCCESS,2026-07-24 13:29:00,NET_BANKING
4060,812,812,2499.00,SUCCESS,2026-08-08 18:40:00,WALLET
4061,813,813,999.00,FAILED,2026-08-12 20:59:00,UPI
4062,814,814,2499.00,SUCCESS,2026-04-16 08:52:00,NET_BANKING
4063,814,814,2499.00,SUCCESS,2026-05-14 17:55:00,CARD
4064,814,814,2499.00,SUCCESS,2026-06-23 20:39:00,NET_BANKING
4065,814,814,2499.00,SUCCESS,2026-07-09 08:53:00,UPI
4066,814,814,2499.00,SUCCESS,2026-08-11 09:30:00,NET_BANKING
4067,815,815,999.00,SUCCESS,2026-04-24 17:25:00,WALLET
4068,815,815,999.00,FAILED,2026-05-05 19:13:00,CARD
4069,815,815,999.00,SUCCESS,2026-06-24 16:17:00,WALLET
4070,815,815,999.00,SUCCESS,2026-07-11 12:32:00,UPI
4071,816,816,2499.00,SUCCESS,2026-05-22 14:20:00,UPI
4072,816,816,2499.00,SUCCESS,2026-06-16 14:00:00,WALLET
4073,816,816,2499.00,SUCCESS,2026-07-16 17:30:00,UPI
4074,816,816,2499.00,SUCCESS,2026-08-12 18:46:00,WALLET
4075,817,817,999.00,SUCCESS,2026-06-02 11:53:00,WALLET
4076,817,817,999.00,SUCCESS,2026-07-05 20:41:00,UPI
4077,817,817,999.00,FAILED,2026-08-23 10:03:00,NET_BANKING
4078,818,818,999.00,SUCCESS,2026-06-23 11:23:00,UPI
4079,818,818,999.00,SUCCESS,2026-07-23 12:28:00,CARD
4080,818,818,999.00,SUCCESS,2026-08-04 15:08:00,NET_BANKING
4081,819,819,2499.00,SUCCESS,2026-01-24 20:09:00,NET_BANKING
4082,819,819,2499.00,SUCCESS,2026-02-18 10:23:00,CARD
4083,819,819,2499.00,SUCCESS,2026-03-21 17:20:00,NET_BANKING
4084,819,819,2499.00,SUCCESS,2026-04-25 17:48:00,NET_BANKING
4085,819,819,2499.00,SUCCESS,2026-05-06 11:23:00,UPI
4086,819,819,2499.00,SUCCESS,2026-06-11 10:59:00,UPI
4087,819,819,2499.00,SUCCESS,2026-07-05 20:32:00,WALLET
4088,819,819,2499.00,SUCCESS,2026-08-23 11:35:00,CARD
4089,820,820,9999.00,SUCCESS,2026-01-19 17:46:00,UPI
4090,820,820,9999.00,SUCCESS,2026-02-21 12:46:00,WALLET
4091,820,820,9999.00,SUCCESS,2026-03-20 12:22:00,WALLET
4092,820,820,9999.00,PENDING,2026-04-06 10:25:00,UPI
4093,820,820,9999.00,SUCCESS,2026-05-06 11:46:00,NET_BANKING
4094,820,820,9999.00,SUCCESS,2026-06-22 11:27:00,NET_BANKING
4095,820,820,9999.00,SUCCESS,2026-07-01 14:19:00,UPI
4096,820,820,9999.00,SUCCESS,2026-08-09 19:22:00,UPI
4097,822,822,999.00,SUCCESS,2026-01-21 10:40:00,UPI
4098,822,822,999.00,SUCCESS,2026-02-04 15:23:00,NET_BANKING
4099,822,822,999.00,SUCCESS,2026-03-19 13:16:00,UPI
4100,822,822,999.00,SUCCESS,2026-04-16 14:27:00,WALLET
4101,822,822,999.00,SUCCESS,2026-05-07 12:18:00,UPI
4102,822,822,999.00,SUCCESS,2026-06-20 19:14:00,NET_BANKING
4103,822,822,999.00,SUCCESS,2026-07-24 12:41:00,CARD
4104,822,822,999.00,SUCCESS,2026-08-24 16:38:00,WALLET
4105,823,823,2499.00,SUCCESS,2026-06-05 20:35:00,CARD
4106,823,823,2499.00,SUCCESS,2026-07-20 18:57:00,NET_BANKING
4107,823,823,2499.00,SUCCESS,2026-08-24 13:00:00,WALLET
4108,825,825,999.00,SUCCESS,2026-01-12 19:20:00,CARD
4109,825,825,999.00,SUCCESS,2026-02-02 19:00:00,CARD
4110,825,825,999.00,SUCCESS,2026-03-23 12:32:00,CARD
4111,825,825,999.00,SUCCESS,2026-04-09 14:43:00,CARD
4112,825,825,999.00,SUCCESS,2026-05-20 17:15:00,UPI
4113,825,825,999.00,FAILED,2026-06-15 17:27:00,UPI
4114,825,825,999.00,SUCCESS,2026-07-03 15:10:00,NET_BANKING
4115,825,825,999.00,SUCCESS,2026-08-24 15:20:00,NET_BANKING
4116,826,826,999.00,SUCCESS,2026-01-23 19:01:00,CARD
4117,826,826,999.00,SUCCESS,2026-02-24 08:13:00,UPI
4118,826,826,999.00,SUCCESS,2026-03-19 20:52:00,WALLET
4119,826,826,999.00,SUCCESS,2026-04-09 18:10:00,CARD
4120,826,826,999.00,SUCCESS,2026-05-23 19:59:00,UPI
4121,826,826,999.00,SUCCESS,2026-06-17 16:21:00,UPI
4122,826,826,999.00,SUCCESS,2026-07-21 17:41:00,CARD
4123,826,826,999.00,SUCCESS,2026-08-01 14:58:00,NET_BANKING
4124,827,827,999.00,FAILED,2026-03-24 10:48:00,WALLET
4125,827,827,999.00,SUCCESS,2026-04-22 10:21:00,WALLET
4126,827,827,999.00,SUCCESS,2026-05-05 11:15:00,UPI
4127,827,827,999.00,SUCCESS,2026-06-14 19:26:00,WALLET
4128,827,827,999.00,SUCCESS,2026-07-06 18:24:00,UPI
4129,827,827,999.00,SUCCESS,2026-08-10 08:21:00,WALLET
4130,828,828,999.00,SUCCESS,2026-07-11 16:31:00,CARD
4131,828,828,999.00,SUCCESS,2026-08-03 17:46:00,WALLET
4132,829,829,999.00,SUCCESS,2026-05-22 13:01:00,NET_BANKING
4133,829,829,999.00,SUCCESS,2026-06-09 10:14:00,NET_BANKING
4134,829,829,999.00,SUCCESS,2026-07-24 13:21:00,UPI
4135,829,829,999.00,FAILED,2026-08-06 11:48:00,NET_BANKING
4136,830,830,2499.00,SUCCESS,2026-05-14 16:10:00,UPI
4137,830,830,2499.00,FAILED,2026-06-08 16:54:00,UPI
4138,830,830,2499.00,SUCCESS,2026-07-08 19:01:00,UPI
4139,830,830,2499.00,SUCCESS,2026-08-01 20:11:00,UPI
4140,831,831,999.00,SUCCESS,2026-03-17 16:14:00,NET_BANKING
4141,831,831,999.00,FAILED,2026-04-25 17:43:00,UPI
4142,831,831,999.00,SUCCESS,2026-05-01 15:40:00,WALLET
4143,831,831,999.00,SUCCESS,2026-06-18 17:55:00,UPI
4144,831,831,999.00,SUCCESS,2026-07-06 16:28:00,UPI
4145,831,831,999.00,SUCCESS,2026-08-03 17:36:00,NET_BANKING
4146,832,832,2499.00,SUCCESS,2026-04-02 16:07:00,UPI
4147,832,832,2499.00,SUCCESS,2026-05-17 16:05:00,CARD
4148,832,832,2499.00,SUCCESS,2026-06-11 11:13:00,NET_BANKING
4149,832,832,2499.00,SUCCESS,2026-07-25 14:42:00,NET_BANKING
4150,832,832,2499.00,SUCCESS,2026-08-04 13:15:00,NET_BANKING
4151,833,833,2499.00,SUCCESS,2026-08-05 20:03:00,NET_BANKING
4152,834,834,999.00,SUCCESS,2026-01-24 18:59:00,NET_BANKING
4153,834,834,999.00,SUCCESS,2026-02-02 16:32:00,NET_BANKING
4154,834,834,999.00,SUCCESS,2026-03-20 10:49:00,NET_BANKING
4155,834,834,999.00,SUCCESS,2026-04-17 12:58:00,UPI
4156,834,834,999.00,SUCCESS,2026-05-05 14:30:00,NET_BANKING
4157,834,834,999.00,SUCCESS,2026-06-06 20:23:00,UPI
4158,834,834,999.00,FAILED,2026-07-13 19:21:00,UPI
4159,834,834,999.00,SUCCESS,2026-08-14 18:01:00,NET_BANKING
4160,835,835,999.00,SUCCESS,2026-01-24 17:14:00,UPI
4161,835,835,999.00,SUCCESS,2026-02-23 13:26:00,WALLET
4162,835,835,999.00,SUCCESS,2026-03-22 10:17:00,WALLET
4163,835,835,999.00,SUCCESS,2026-04-03 18:33:00,CARD
4164,835,835,999.00,SUCCESS,2026-05-10 16:17:00,NET_BANKING
4165,835,835,999.00,SUCCESS,2026-06-04 13:11:00,UPI
4166,835,835,999.00,FAILED,2026-07-17 15:22:00,CARD
4167,835,835,999.00,SUCCESS,2026-08-10 14:43:00,UPI
4168,836,836,2499.00,FAILED,2026-01-20 12:59:00,CARD
4169,836,836,2499.00,SUCCESS,2026-02-01 10:01:00,CARD
4170,836,836,2499.00,SUCCESS,2026-03-09 19:39:00,WALLET
4171,836,836,2499.00,SUCCESS,2026-04-04 11:59:00,CARD
4172,836,836,2499.00,SUCCESS,2026-05-22 08:12:00,NET_BANKING
4173,836,836,2499.00,SUCCESS,2026-06-20 10:37:00,UPI
4174,836,836,2499.00,SUCCESS,2026-07-25 08:01:00,UPI
4175,836,836,2499.00,SUCCESS,2026-08-07 20:03:00,WALLET
4176,837,837,999.00,SUCCESS,2026-05-01 08:25:00,NET_BANKING
4177,837,837,999.00,SUCCESS,2026-06-23 09:38:00,UPI
4178,837,837,999.00,SUCCESS,2026-07-11 17:46:00,WALLET
4179,837,837,999.00,FAILED,2026-08-16 09:46:00,UPI
4180,838,838,9999.00,SUCCESS,2026-01-10 17:48:00,NET_BANKING
4181,838,838,9999.00,SUCCESS,2026-02-16 17:32:00,CARD
4182,838,838,9999.00,SUCCESS,2026-03-16 11:22:00,UPI
4183,838,838,9999.00,SUCCESS,2026-04-04 13:57:00,NET_BANKING
4184,838,838,9999.00,SUCCESS,2026-05-18 08:25:00,NET_BANKING
4185,838,838,9999.00,SUCCESS,2026-06-07 12:21:00,NET_BANKING
4186,838,838,9999.00,SUCCESS,2026-07-17 17:33:00,UPI
4187,838,838,9999.00,SUCCESS,2026-08-04 18:30:00,CARD
4188,839,839,9999.00,SUCCESS,2026-06-18 10:32:00,NET_BANKING
4189,839,839,9999.00,SUCCESS,2026-07-04 09:42:00,CARD
4190,839,839,9999.00,SUCCESS,2026-08-22 10:51:00,NET_BANKING
4191,840,840,999.00,SUCCESS,2026-04-18 17:08:00,UPI
4192,840,840,999.00,SUCCESS,2026-05-21 11:59:00,WALLET
4193,840,840,999.00,PENDING,2026-06-04 11:25:00,NET_BANKING
4194,840,840,999.00,SUCCESS,2026-07-09 10:27:00,WALLET
4195,840,840,999.00,SUCCESS,2026-08-08 13:26:00,WALLET
4196,841,841,999.00,SUCCESS,2026-06-05 15:04:00,NET_BANKING
4197,841,841,999.00,FAILED,2026-07-15 18:51:00,UPI
4198,841,841,999.00,PENDING,2026-08-06 09:06:00,CARD
4199,842,842,2499.00,FAILED,2026-01-13 19:39:00,UPI
4200,842,842,2499.00,SUCCESS,2026-02-21 16:22:00,NET_BANKING
4201,842,842,2499.00,SUCCESS,2026-03-24 19:32:00,UPI
4202,842,842,2499.00,SUCCESS,2026-04-12 10:56:00,WALLET
4203,842,842,2499.00,SUCCESS,2026-05-13 11:24:00,WALLET
4204,842,842,2499.00,SUCCESS,2026-06-09 11:34:00,UPI
4205,842,842,2499.00,SUCCESS,2026-07-06 18:05:00,UPI
4206,842,842,2499.00,SUCCESS,2026-08-07 13:17:00,CARD
4207,843,843,2499.00,SUCCESS,2026-03-21 15:11:00,WALLET
4208,843,843,2499.00,SUCCESS,2026-04-25 13:55:00,NET_BANKING
4209,843,843,2499.00,SUCCESS,2026-05-06 19:23:00,WALLET
4210,843,843,2499.00,SUCCESS,2026-06-18 13:54:00,WALLET
4211,843,843,2499.00,SUCCESS,2026-07-06 10:47:00,UPI
4212,843,843,2499.00,SUCCESS,2026-08-01 11:13:00,WALLET
4213,845,845,2499.00,SUCCESS,2026-02-13 08:19:00,WALLET
4214,845,845,2499.00,SUCCESS,2026-03-15 09:41:00,WALLET
4215,845,845,2499.00,SUCCESS,2026-04-23 13:52:00,NET_BANKING
4216,845,845,2499.00,PENDING,2026-05-19 12:31:00,WALLET
4217,845,845,2499.00,SUCCESS,2026-06-08 20:29:00,UPI
4218,845,845,2499.00,SUCCESS,2026-07-15 11:53:00,UPI
4219,845,845,2499.00,SUCCESS,2026-08-19 18:38:00,NET_BANKING
4220,846,846,999.00,SUCCESS,2026-02-22 15:32:00,WALLET
4221,846,846,999.00,SUCCESS,2026-03-16 20:54:00,NET_BANKING
4222,846,846,999.00,SUCCESS,2026-04-06 15:35:00,WALLET
4223,846,846,999.00,SUCCESS,2026-05-12 12:47:00,NET_BANKING
4224,846,846,999.00,SUCCESS,2026-06-05 13:51:00,CARD
4225,846,846,999.00,SUCCESS,2026-07-09 20:52:00,WALLET
4226,846,846,999.00,FAILED,2026-08-25 12:39:00,UPI
4227,847,847,9999.00,SUCCESS,2026-01-16 15:08:00,CARD
4228,847,847,9999.00,SUCCESS,2026-02-23 17:49:00,WALLET
4229,847,847,9999.00,SUCCESS,2026-03-07 12:47:00,UPI
4230,847,847,9999.00,SUCCESS,2026-04-09 09:56:00,NET_BANKING
4231,847,847,9999.00,SUCCESS,2026-05-21 19:13:00,NET_BANKING
4232,847,847,9999.00,SUCCESS,2026-06-18 09:21:00,UPI
4233,847,847,9999.00,SUCCESS,2026-07-24 14:55:00,CARD
4234,847,847,9999.00,SUCCESS,2026-08-20 20:16:00,CARD
4235,848,848,9999.00,SUCCESS,2026-02-21 16:53:00,CARD
4236,848,848,9999.00,FAILED,2026-03-09 15:11:00,WALLET
4237,848,848,9999.00,SUCCESS,2026-04-12 15:19:00,CARD
4238,848,848,9999.00,SUCCESS,2026-05-15 19:49:00,WALLET
4239,848,848,9999.00,SUCCESS,2026-06-11 18:52:00,NET_BANKING
4240,848,848,9999.00,SUCCESS,2026-07-17 10:59:00,NET_BANKING
4241,848,848,9999.00,SUCCESS,2026-08-16 14:15:00,NET_BANKING
4242,849,849,999.00,SUCCESS,2026-03-21 17:33:00,CARD
4243,849,849,999.00,SUCCESS,2026-04-15 19:31:00,CARD
4244,849,849,999.00,FAILED,2026-05-01 10:19:00,UPI
4245,849,849,999.00,SUCCESS,2026-06-16 09:05:00,WALLET
4246,849,849,999.00,SUCCESS,2026-07-05 09:13:00,WALLET
4247,849,849,999.00,SUCCESS,2026-08-11 19:51:00,NET_BANKING
4248,850,850,2499.00,FAILED,2026-01-01 16:03:00,UPI
4249,850,850,2499.00,SUCCESS,2026-02-23 19:01:00,CARD
4250,850,850,2499.00,SUCCESS,2026-03-20 13:25:00,UPI
4251,850,850,2499.00,SUCCESS,2026-04-02 20:00:00,UPI
4252,850,850,2499.00,SUCCESS,2026-05-15 13:37:00,CARD
4253,850,850,2499.00,SUCCESS,2026-06-08 13:57:00,UPI
4254,851,851,2499.00,PENDING,2026-01-12 09:08:00,NET_BANKING
4255,851,851,2499.00,SUCCESS,2026-02-10 10:34:00,WALLET
4256,852,852,2499.00,SUCCESS,2026-06-19 17:31:00,NET_BANKING
4257,852,852,2499.00,SUCCESS,2026-07-02 14:58:00,NET_BANKING
4258,852,852,2499.00,SUCCESS,2026-08-10 08:53:00,UPI
4259,853,853,2499.00,SUCCESS,2026-05-23 19:13:00,UPI
4260,853,853,2499.00,SUCCESS,2026-06-06 20:05:00,UPI
4261,853,853,2499.00,SUCCESS,2026-07-15 10:41:00,CARD
4262,854,854,999.00,SUCCESS,2026-06-16 18:36:00,CARD
4263,854,854,999.00,SUCCESS,2026-07-25 10:10:00,CARD
4264,854,854,999.00,SUCCESS,2026-08-25 17:41:00,NET_BANKING
4265,855,855,2499.00,SUCCESS,2026-03-12 20:18:00,CARD
4266,855,855,2499.00,SUCCESS,2026-04-22 16:16:00,UPI
4267,855,855,2499.00,SUCCESS,2026-05-22 16:06:00,CARD
4268,855,855,2499.00,SUCCESS,2026-06-25 16:39:00,UPI
4269,855,855,2499.00,SUCCESS,2026-07-14 13:03:00,CARD
4270,855,855,2499.00,SUCCESS,2026-08-03 11:53:00,CARD
4271,856,856,2499.00,SUCCESS,2026-05-12 16:15:00,UPI
4272,856,856,2499.00,SUCCESS,2026-06-22 18:54:00,WALLET
4273,856,856,2499.00,SUCCESS,2026-07-08 10:43:00,CARD
4274,857,857,9999.00,SUCCESS,2026-01-07 17:03:00,UPI
4275,857,857,9999.00,SUCCESS,2026-02-12 20:12:00,UPI
4276,857,857,9999.00,SUCCESS,2026-03-16 19:48:00,UPI
4277,857,857,9999.00,SUCCESS,2026-04-23 08:16:00,NET_BANKING
4278,857,857,9999.00,SUCCESS,2026-05-17 11:12:00,CARD
4279,857,857,9999.00,SUCCESS,2026-06-02 11:25:00,WALLET
4280,857,857,9999.00,SUCCESS,2026-07-06 13:57:00,NET_BANKING
4281,857,857,9999.00,SUCCESS,2026-08-08 20:48:00,CARD
4282,858,858,999.00,FAILED,2026-04-24 18:50:00,WALLET
4283,858,858,999.00,FAILED,2026-05-01 09:41:00,UPI
4284,858,858,999.00,SUCCESS,2026-06-08 16:19:00,UPI
4285,858,858,999.00,SUCCESS,2026-07-11 15:24:00,NET_BANKING
4286,858,858,999.00,SUCCESS,2026-08-21 18:00:00,NET_BANKING
4287,859,859,2499.00,SUCCESS,2026-01-12 14:39:00,WALLET
4288,859,859,2499.00,SUCCESS,2026-02-15 08:46:00,NET_BANKING
4289,859,859,2499.00,SUCCESS,2026-03-04 13:32:00,WALLET
4290,859,859,2499.00,SUCCESS,2026-04-02 10:24:00,UPI
4291,859,859,2499.00,SUCCESS,2026-05-15 10:09:00,WALLET
4292,859,859,2499.00,SUCCESS,2026-06-11 09:26:00,WALLET
4293,859,859,2499.00,SUCCESS,2026-07-01 12:07:00,UPI
4294,859,859,2499.00,FAILED,2026-08-01 10:45:00,CARD
4295,860,860,9999.00,SUCCESS,2026-03-21 17:37:00,WALLET
4296,860,860,9999.00,SUCCESS,2026-04-20 12:07:00,CARD
4297,860,860,9999.00,SUCCESS,2026-05-17 19:58:00,WALLET
4298,860,860,9999.00,FAILED,2026-06-15 10:47:00,WALLET
4299,860,860,9999.00,SUCCESS,2026-07-05 20:49:00,WALLET
4300,860,860,9999.00,SUCCESS,2026-08-20 16:00:00,UPI
4301,861,861,2499.00,SUCCESS,2026-03-15 09:10:00,UPI
4302,861,861,2499.00,PENDING,2026-04-03 18:52:00,WALLET
4303,861,861,2499.00,PENDING,2026-05-12 13:46:00,NET_BANKING
4304,861,861,2499.00,SUCCESS,2026-06-14 20:08:00,CARD
4305,861,861,2499.00,SUCCESS,2026-07-16 10:54:00,NET_BANKING
4306,861,861,2499.00,SUCCESS,2026-08-01 09:17:00,CARD
4307,862,862,2499.00,FAILED,2026-07-25 17:14:00,CARD
4308,862,862,2499.00,SUCCESS,2026-08-14 18:30:00,WALLET
4309,863,863,999.00,SUCCESS,2026-01-25 10:28:00,CARD
4310,863,863,999.00,SUCCESS,2026-02-02 10:32:00,CARD
4311,863,863,999.00,SUCCESS,2026-03-13 14:13:00,NET_BANKING
4312,863,863,999.00,SUCCESS,2026-04-02 14:36:00,CARD
4313,863,863,999.00,SUCCESS,2026-05-01 16:44:00,UPI
4314,863,863,999.00,PENDING,2026-06-16 09:20:00,CARD
4315,863,863,999.00,SUCCESS,2026-07-18 11:01:00,CARD
4316,863,863,999.00,SUCCESS,2026-08-05 15:51:00,CARD
4317,864,864,2499.00,FAILED,2026-02-14 09:34:00,NET_BANKING
4318,864,864,2499.00,SUCCESS,2026-03-11 20:20:00,CARD
4319,864,864,2499.00,SUCCESS,2026-04-21 12:32:00,UPI
4320,864,864,2499.00,SUCCESS,2026-05-20 20:09:00,WALLET
4321,864,864,2499.00,SUCCESS,2026-06-05 10:14:00,UPI
4322,864,864,2499.00,SUCCESS,2026-07-06 11:40:00,CARD
4323,864,864,2499.00,SUCCESS,2026-08-08 18:14:00,NET_BANKING
4324,865,865,9999.00,SUCCESS,2026-01-08 20:31:00,NET_BANKING
4325,865,865,9999.00,SUCCESS,2026-02-17 17:11:00,CARD
4326,865,865,9999.00,SUCCESS,2026-03-18 19:25:00,UPI
4327,865,865,9999.00,SUCCESS,2026-04-15 17:40:00,CARD
4328,865,865,9999.00,SUCCESS,2026-05-20 16:45:00,NET_BANKING
4329,865,865,9999.00,SUCCESS,2026-06-16 18:10:00,CARD
4330,865,865,9999.00,SUCCESS,2026-07-14 17:20:00,WALLET
4331,865,865,9999.00,FAILED,2026-08-05 10:52:00,WALLET
4332,866,866,999.00,SUCCESS,2026-01-07 13:35:00,CARD
4333,866,866,999.00,SUCCESS,2026-02-23 16:09:00,UPI
4334,866,866,999.00,SUCCESS,2026-03-04 15:54:00,WALLET
4335,866,866,999.00,FAILED,2026-04-01 14:00:00,WALLET
4336,866,866,999.00,SUCCESS,2026-05-10 15:42:00,NET_BANKING
4337,866,866,999.00,SUCCESS,2026-06-08 11:31:00,UPI
4338,866,866,999.00,SUCCESS,2026-07-19 15:08:00,WALLET
4339,866,866,999.00,PENDING,2026-08-20 11:37:00,NET_BANKING
4340,867,867,2499.00,SUCCESS,2026-01-21 20:54:00,CARD
4341,867,867,2499.00,SUCCESS,2026-02-12 09:29:00,CARD
4342,867,867,2499.00,SUCCESS,2026-03-25 20:22:00,WALLET
4343,867,867,2499.00,SUCCESS,2026-04-01 09:36:00,UPI
4344,867,867,2499.00,SUCCESS,2026-05-01 09:47:00,WALLET
4345,867,867,2499.00,SUCCESS,2026-06-12 09:57:00,CARD
4346,867,867,2499.00,SUCCESS,2026-07-01 14:52:00,WALLET
4347,867,867,2499.00,SUCCESS,2026-08-07 14:21:00,UPI
4348,868,868,999.00,SUCCESS,2026-03-18 18:09:00,NET_BANKING
4349,868,868,999.00,SUCCESS,2026-04-25 12:30:00,WALLET
4350,868,868,999.00,SUCCESS,2026-05-05 09:48:00,UPI
4351,868,868,999.00,SUCCESS,2026-06-07 19:18:00,NET_BANKING
4352,868,868,999.00,SUCCESS,2026-07-06 11:46:00,WALLET
4353,868,868,999.00,SUCCESS,2026-08-07 14:24:00,WALLET
4354,869,869,9999.00,SUCCESS,2026-01-16 14:44:00,UPI
4355,869,869,9999.00,SUCCESS,2026-02-13 19:18:00,CARD
4356,869,869,9999.00,SUCCESS,2026-03-07 10:05:00,NET_BANKING
4357,869,869,9999.00,SUCCESS,2026-04-04 18:42:00,CARD
4358,869,869,9999.00,SUCCESS,2026-05-24 13:51:00,NET_BANKING
4359,869,869,9999.00,SUCCESS,2026-06-22 16:31:00,NET_BANKING
4360,869,869,9999.00,SUCCESS,2026-07-11 09:36:00,UPI
4361,869,869,9999.00,FAILED,2026-08-15 12:36:00,CARD
4362,871,871,2499.00,SUCCESS,2026-08-23 19:39:00,NET_BANKING
4363,872,872,2499.00,SUCCESS,2026-01-11 20:30:00,WALLET
4364,872,872,2499.00,SUCCESS,2026-02-21 11:15:00,WALLET
4365,872,872,2499.00,SUCCESS,2026-03-22 12:14:00,NET_BANKING
4366,872,872,2499.00,SUCCESS,2026-04-05 17:05:00,NET_BANKING
4367,872,872,2499.00,SUCCESS,2026-05-10 16:28:00,WALLET
4368,872,872,2499.00,SUCCESS,2026-06-17 18:38:00,CARD
4369,872,872,2499.00,SUCCESS,2026-07-06 16:01:00,CARD
4370,872,872,2499.00,PENDING,2026-08-01 14:50:00,CARD
4371,873,873,2499.00,SUCCESS,2026-01-20 20:16:00,NET_BANKING
4372,873,873,2499.00,SUCCESS,2026-02-15 14:11:00,WALLET
4373,873,873,2499.00,SUCCESS,2026-03-04 08:13:00,UPI
4374,873,873,2499.00,SUCCESS,2026-04-21 19:41:00,UPI
4375,873,873,2499.00,SUCCESS,2026-05-21 18:13:00,WALLET
4376,873,873,2499.00,SUCCESS,2026-06-02 19:00:00,NET_BANKING
4377,873,873,2499.00,SUCCESS,2026-07-07 20:54:00,WALLET
4378,873,873,2499.00,SUCCESS,2026-08-02 12:54:00,NET_BANKING
4379,874,874,999.00,SUCCESS,2026-05-03 20:22:00,UPI
4380,874,874,999.00,SUCCESS,2026-06-11 09:54:00,WALLET
4381,874,874,999.00,SUCCESS,2026-07-23 19:34:00,CARD
4382,874,874,999.00,SUCCESS,2026-08-21 11:42:00,WALLET
4383,875,875,999.00,SUCCESS,2026-03-17 10:36:00,CARD
4384,875,875,999.00,SUCCESS,2026-04-13 20:02:00,UPI
4385,875,875,999.00,SUCCESS,2026-05-22 11:54:00,WALLET
4386,875,875,999.00,SUCCESS,2026-06-24 08:20:00,CARD
4387,875,875,999.00,SUCCESS,2026-07-13 20:10:00,UPI
4388,875,875,999.00,SUCCESS,2026-08-25 20:46:00,NET_BANKING
4389,876,876,999.00,SUCCESS,2026-07-11 15:10:00,CARD
4390,876,876,999.00,SUCCESS,2026-08-18 16:27:00,UPI
4391,877,877,999.00,SUCCESS,2026-06-06 10:19:00,UPI
4392,877,877,999.00,SUCCESS,2026-07-15 12:49:00,CARD
4393,877,877,999.00,SUCCESS,2026-08-23 18:28:00,WALLET
4394,878,878,2499.00,SUCCESS,2026-06-01 16:51:00,NET_BANKING
4395,878,878,2499.00,SUCCESS,2026-07-20 08:40:00,NET_BANKING
4396,878,878,2499.00,SUCCESS,2026-08-12 13:30:00,NET_BANKING
4397,879,879,999.00,SUCCESS,2026-03-16 15:50:00,CARD
4398,879,879,999.00,SUCCESS,2026-04-06 20:27:00,NET_BANKING
4399,879,879,999.00,SUCCESS,2026-05-19 19:12:00,UPI
4400,879,879,999.00,SUCCESS,2026-06-17 18:31:00,CARD
4401,879,879,999.00,SUCCESS,2026-07-02 17:42:00,NET_BANKING
4402,879,879,999.00,SUCCESS,2026-08-06 11:04:00,NET_BANKING
4403,880,880,999.00,SUCCESS,2026-05-20 08:01:00,UPI
4404,880,880,999.00,SUCCESS,2026-06-14 11:23:00,CARD
4405,880,880,999.00,SUCCESS,2026-07-12 16:29:00,WALLET
4406,880,880,999.00,SUCCESS,2026-08-14 09:16:00,CARD
4407,881,881,9999.00,SUCCESS,2026-01-11 14:55:00,WALLET
4408,881,881,9999.00,SUCCESS,2026-02-06 11:19:00,WALLET
4409,881,881,9999.00,SUCCESS,2026-03-03 16:43:00,NET_BANKING
4410,881,881,9999.00,SUCCESS,2026-04-23 17:48:00,NET_BANKING
4411,881,881,9999.00,SUCCESS,2026-05-22 16:42:00,NET_BANKING
4412,881,881,9999.00,SUCCESS,2026-06-14 10:25:00,CARD
4413,881,881,9999.00,SUCCESS,2026-07-14 17:48:00,CARD
4414,881,881,9999.00,SUCCESS,2026-08-15 14:30:00,UPI
4415,882,882,2499.00,PENDING,2026-01-08 08:32:00,CARD
4416,882,882,2499.00,SUCCESS,2026-02-25 20:29:00,NET_BANKING
4417,882,882,2499.00,SUCCESS,2026-03-11 14:17:00,WALLET
4418,882,882,2499.00,SUCCESS,2026-04-16 12:03:00,UPI
4419,882,882,2499.00,SUCCESS,2026-05-21 16:12:00,CARD
4420,882,882,2499.00,SUCCESS,2026-06-13 19:12:00,CARD
4421,882,882,2499.00,SUCCESS,2026-07-14 10:29:00,NET_BANKING
4422,882,882,2499.00,FAILED,2026-08-22 17:34:00,NET_BANKING
4423,884,884,2499.00,SUCCESS,2026-06-24 15:31:00,WALLET
4424,884,884,2499.00,SUCCESS,2026-07-04 09:47:00,CARD
4425,884,884,2499.00,SUCCESS,2026-08-21 09:38:00,UPI
4426,885,885,2499.00,SUCCESS,2026-07-19 12:10:00,UPI
4427,885,885,2499.00,SUCCESS,2026-08-25 16:02:00,NET_BANKING
4428,886,886,999.00,SUCCESS,2026-07-01 09:14:00,NET_BANKING
4429,886,886,999.00,SUCCESS,2026-08-24 13:07:00,NET_BANKING
4430,887,887,2499.00,FAILED,2026-02-01 14:40:00,NET_BANKING
4431,887,887,2499.00,SUCCESS,2026-03-16 08:36:00,WALLET
4432,888,888,2499.00,SUCCESS,2026-01-12 16:42:00,NET_BANKING
4433,888,888,2499.00,SUCCESS,2026-02-20 18:37:00,UPI
4434,888,888,2499.00,SUCCESS,2026-03-02 16:01:00,WALLET
4435,888,888,2499.00,SUCCESS,2026-04-19 10:12:00,UPI
4436,888,888,2499.00,SUCCESS,2026-05-08 17:04:00,UPI
4437,888,888,2499.00,SUCCESS,2026-06-23 14:33:00,WALLET
4438,888,888,2499.00,SUCCESS,2026-07-17 13:10:00,NET_BANKING
4439,888,888,2499.00,SUCCESS,2026-08-03 20:33:00,UPI
4440,889,889,9999.00,SUCCESS,2026-04-04 20:30:00,UPI
4441,889,889,9999.00,SUCCESS,2026-05-18 08:47:00,NET_BANKING
4442,889,889,9999.00,SUCCESS,2026-06-07 14:33:00,CARD
4443,889,889,9999.00,SUCCESS,2026-07-15 18:54:00,WALLET
4444,889,889,9999.00,SUCCESS,2026-08-15 10:53:00,WALLET
4445,890,890,2499.00,SUCCESS,2026-07-13 19:49:00,WALLET
4446,890,890,2499.00,FAILED,2026-08-13 16:19:00,WALLET
4447,891,891,999.00,SUCCESS,2026-01-10 20:31:00,WALLET
4448,891,891,999.00,FAILED,2026-02-19 18:38:00,UPI
4449,891,891,999.00,SUCCESS,2026-03-17 10:59:00,CARD
4450,891,891,999.00,SUCCESS,2026-04-06 18:48:00,WALLET
4451,891,891,999.00,SUCCESS,2026-05-10 12:05:00,WALLET
4452,891,891,999.00,SUCCESS,2026-06-13 11:33:00,CARD
4453,891,891,999.00,SUCCESS,2026-07-11 20:10:00,CARD
4454,891,891,999.00,SUCCESS,2026-08-20 08:56:00,UPI
4455,893,893,999.00,SUCCESS,2026-04-12 10:44:00,CARD
4456,893,893,999.00,SUCCESS,2026-05-07 13:09:00,UPI
4457,893,893,999.00,SUCCESS,2026-06-18 20:00:00,NET_BANKING
4458,893,893,999.00,SUCCESS,2026-07-07 15:43:00,UPI
4459,893,893,999.00,SUCCESS,2026-08-11 11:56:00,NET_BANKING
4460,894,894,2499.00,FAILED,2026-06-12 20:30:00,UPI
4461,894,894,2499.00,SUCCESS,2026-07-12 20:21:00,CARD
4462,894,894,2499.00,FAILED,2026-08-03 19:13:00,UPI
4463,895,895,999.00,SUCCESS,2026-08-13 10:52:00,CARD
4464,896,896,999.00,SUCCESS,2026-04-16 19:36:00,WALLET
4465,896,896,999.00,FAILED,2026-05-25 17:54:00,NET_BANKING
4466,896,896,999.00,SUCCESS,2026-06-19 15:30:00,WALLET
4467,896,896,999.00,SUCCESS,2026-07-07 13:04:00,CARD
4468,896,896,999.00,SUCCESS,2026-08-07 15:34:00,NET_BANKING
4469,897,897,2499.00,SUCCESS,2026-01-04 10:21:00,WALLET
4470,897,897,2499.00,SUCCESS,2026-02-23 13:21:00,NET_BANKING
4471,897,897,2499.00,SUCCESS,2026-03-15 18:51:00,WALLET
4472,897,897,2499.00,SUCCESS,2026-04-23 20:57:00,NET_BANKING
4473,897,897,2499.00,SUCCESS,2026-05-10 19:46:00,NET_BANKING
4474,897,897,2499.00,SUCCESS,2026-06-15 13:10:00,NET_BANKING
4475,897,897,2499.00,FAILED,2026-07-20 08:01:00,WALLET
4476,897,897,2499.00,SUCCESS,2026-08-08 09:51:00,NET_BANKING
4477,898,898,9999.00,SUCCESS,2026-02-25 17:48:00,NET_BANKING
4478,898,898,9999.00,SUCCESS,2026-03-16 13:45:00,CARD
4479,898,898,9999.00,SUCCESS,2026-04-24 12:29:00,WALLET
4480,898,898,9999.00,SUCCESS,2026-05-25 18:17:00,UPI
4481,898,898,9999.00,SUCCESS,2026-06-02 10:30:00,UPI
4482,898,898,9999.00,SUCCESS,2026-07-23 20:05:00,WALLET
4483,898,898,9999.00,SUCCESS,2026-08-10 12:55:00,NET_BANKING
4484,899,899,2499.00,SUCCESS,2026-01-13 17:02:00,NET_BANKING
4485,899,899,2499.00,SUCCESS,2026-02-10 18:03:00,CARD
4486,899,899,2499.00,SUCCESS,2026-03-25 09:09:00,CARD
4487,899,899,2499.00,SUCCESS,2026-04-15 09:23:00,UPI
4488,899,899,2499.00,SUCCESS,2026-05-20 09:24:00,NET_BANKING
4489,899,899,2499.00,SUCCESS,2026-06-10 13:30:00,CARD
4490,899,899,2499.00,SUCCESS,2026-07-18 16:35:00,UPI
4491,899,899,2499.00,SUCCESS,2026-08-20 11:24:00,WALLET
4492,900,900,2499.00,SUCCESS,2026-06-22 11:26:00,CARD
4493,900,900,2499.00,SUCCESS,2026-07-17 19:51:00,UPI
4494,900,900,2499.00,SUCCESS,2026-08-20 13:45:00,CARD
4495,901,901,2499.00,SUCCESS,2026-01-15 20:54:00,NET_BANKING
4496,901,901,2499.00,SUCCESS,2026-02-09 19:55:00,WALLET
4497,901,901,2499.00,SUCCESS,2026-03-07 09:36:00,UPI
4498,901,901,2499.00,SUCCESS,2026-04-07 09:53:00,NET_BANKING
4499,901,901,2499.00,SUCCESS,2026-05-21 09:09:00,NET_BANKING
4500,901,901,2499.00,SUCCESS,2026-06-21 14:12:00,NET_BANKING
4501,901,901,2499.00,SUCCESS,2026-07-17 20:34:00,WALLET
4502,902,902,2499.00,SUCCESS,2026-06-25 12:13:00,CARD
4503,902,902,2499.00,SUCCESS,2026-07-09 17:57:00,CARD
4504,902,902,2499.00,SUCCESS,2026-08-17 18:20:00,UPI
4505,903,903,999.00,SUCCESS,2026-04-10 19:43:00,UPI
4506,903,903,999.00,SUCCESS,2026-05-20 16:14:00,NET_BANKING
4507,903,903,999.00,SUCCESS,2026-06-18 11:20:00,UPI
4508,903,903,999.00,SUCCESS,2026-07-04 20:40:00,NET_BANKING
4509,903,903,999.00,SUCCESS,2026-08-18 08:30:00,NET_BANKING
4510,904,904,2499.00,SUCCESS,2026-01-03 20:49:00,WALLET
4511,904,904,2499.00,SUCCESS,2026-02-01 12:18:00,WALLET
4512,904,904,2499.00,FAILED,2026-03-18 17:26:00,WALLET
4513,904,904,2499.00,SUCCESS,2026-04-19 19:47:00,CARD
4514,904,904,2499.00,SUCCESS,2026-05-15 18:24:00,WALLET
4515,904,904,2499.00,SUCCESS,2026-06-01 10:57:00,CARD
4516,904,904,2499.00,SUCCESS,2026-07-09 10:48:00,NET_BANKING
4517,904,904,2499.00,FAILED,2026-08-14 14:04:00,WALLET
4518,906,906,999.00,SUCCESS,2026-01-25 12:33:00,NET_BANKING
4519,906,906,999.00,SUCCESS,2026-02-17 17:33:00,UPI
4520,906,906,999.00,SUCCESS,2026-03-03 12:46:00,UPI
4521,906,906,999.00,SUCCESS,2026-04-20 11:37:00,WALLET
4522,906,906,999.00,SUCCESS,2026-05-06 20:33:00,CARD
4523,906,906,999.00,FAILED,2026-06-12 12:28:00,WALLET
4524,906,906,999.00,SUCCESS,2026-07-16 12:34:00,WALLET
4525,906,906,999.00,SUCCESS,2026-08-21 09:28:00,NET_BANKING
4526,907,907,2499.00,SUCCESS,2026-05-18 16:01:00,WALLET
4527,907,907,2499.00,SUCCESS,2026-06-11 17:58:00,WALLET
4528,907,907,2499.00,SUCCESS,2026-07-05 18:19:00,UPI
4529,907,907,2499.00,SUCCESS,2026-08-12 15:51:00,NET_BANKING
4530,908,908,2499.00,SUCCESS,2026-01-09 11:31:00,WALLET
4531,908,908,2499.00,SUCCESS,2026-02-19 16:14:00,WALLET
4532,908,908,2499.00,SUCCESS,2026-03-19 15:53:00,CARD
4533,908,908,2499.00,SUCCESS,2026-04-06 08:56:00,WALLET
4534,908,908,2499.00,SUCCESS,2026-05-21 19:29:00,CARD
4535,908,908,2499.00,SUCCESS,2026-06-25 10:17:00,UPI
4536,908,908,2499.00,SUCCESS,2026-07-22 12:58:00,CARD
4537,908,908,2499.00,SUCCESS,2026-08-07 18:33:00,WALLET
4538,909,909,2499.00,SUCCESS,2026-01-18 20:33:00,CARD
4539,909,909,2499.00,SUCCESS,2026-02-04 18:15:00,NET_BANKING
4540,909,909,2499.00,SUCCESS,2026-03-17 19:21:00,UPI
4541,909,909,2499.00,SUCCESS,2026-04-14 15:10:00,WALLET
4542,909,909,2499.00,SUCCESS,2026-05-01 11:04:00,CARD
4543,909,909,2499.00,SUCCESS,2026-06-13 20:40:00,UPI
4544,909,909,2499.00,SUCCESS,2026-07-15 10:16:00,NET_BANKING
4545,909,909,2499.00,FAILED,2026-08-23 14:46:00,CARD
4546,910,910,2499.00,SUCCESS,2026-04-01 16:53:00,NET_BANKING
4547,910,910,2499.00,SUCCESS,2026-05-23 18:04:00,WALLET
4548,910,910,2499.00,SUCCESS,2026-06-09 17:00:00,CARD
4549,910,910,2499.00,SUCCESS,2026-07-17 12:47:00,WALLET
4550,910,910,2499.00,SUCCESS,2026-08-09 14:59:00,UPI
4551,911,911,2499.00,SUCCESS,2026-04-22 19:27:00,WALLET
4552,911,911,2499.00,SUCCESS,2026-05-06 19:01:00,CARD
4553,911,911,2499.00,SUCCESS,2026-06-10 08:21:00,WALLET
4554,912,912,2499.00,SUCCESS,2026-01-10 16:42:00,WALLET
4555,912,912,2499.00,SUCCESS,2026-02-03 16:26:00,WALLET
4556,912,912,2499.00,SUCCESS,2026-03-12 14:02:00,UPI
4557,912,912,2499.00,SUCCESS,2026-04-20 19:39:00,CARD
4558,912,912,2499.00,SUCCESS,2026-05-23 15:03:00,UPI
4559,912,912,2499.00,SUCCESS,2026-06-12 13:53:00,NET_BANKING
4560,912,912,2499.00,SUCCESS,2026-07-14 17:43:00,WALLET
4561,912,912,2499.00,SUCCESS,2026-08-12 17:31:00,NET_BANKING
4562,913,913,2499.00,SUCCESS,2026-01-21 08:21:00,WALLET
4563,913,913,2499.00,SUCCESS,2026-02-01 09:43:00,UPI
4564,913,913,2499.00,SUCCESS,2026-03-04 17:25:00,CARD
4565,913,913,2499.00,SUCCESS,2026-04-05 10:52:00,WALLET
4566,913,913,2499.00,SUCCESS,2026-05-22 14:28:00,UPI
4567,913,913,2499.00,SUCCESS,2026-06-14 15:18:00,CARD
4568,913,913,2499.00,SUCCESS,2026-07-17 09:17:00,CARD
4569,913,913,2499.00,SUCCESS,2026-08-23 17:40:00,WALLET
4570,914,914,999.00,SUCCESS,2026-02-13 16:39:00,UPI
4571,914,914,999.00,SUCCESS,2026-03-08 18:26:00,NET_BANKING
4572,915,915,9999.00,SUCCESS,2026-01-22 12:36:00,UPI
4573,915,915,9999.00,SUCCESS,2026-02-19 13:35:00,UPI
4574,915,915,9999.00,SUCCESS,2026-03-20 18:15:00,CARD
4575,915,915,9999.00,SUCCESS,2026-04-02 16:10:00,UPI
4576,915,915,9999.00,SUCCESS,2026-05-02 08:58:00,CARD
4577,915,915,9999.00,SUCCESS,2026-06-13 14:43:00,UPI
4578,915,915,9999.00,SUCCESS,2026-07-10 09:27:00,CARD
4579,915,915,9999.00,SUCCESS,2026-08-24 16:06:00,WALLET
4580,916,916,999.00,SUCCESS,2026-01-04 08:53:00,CARD
4581,916,916,999.00,SUCCESS,2026-02-25 10:11:00,WALLET
4582,916,916,999.00,SUCCESS,2026-03-04 20:51:00,CARD
4583,916,916,999.00,SUCCESS,2026-04-12 10:09:00,CARD
4584,916,916,999.00,SUCCESS,2026-05-24 13:08:00,NET_BANKING
4585,916,916,999.00,SUCCESS,2026-06-22 19:45:00,UPI
4586,916,916,999.00,SUCCESS,2026-07-15 13:42:00,WALLET
4587,916,916,999.00,PENDING,2026-08-11 08:44:00,NET_BANKING
4588,917,917,999.00,SUCCESS,2026-01-23 19:25:00,UPI
4589,917,917,999.00,SUCCESS,2026-02-22 18:32:00,NET_BANKING
4590,917,917,999.00,SUCCESS,2026-03-14 14:13:00,NET_BANKING
4591,917,917,999.00,SUCCESS,2026-04-22 13:36:00,UPI
4592,917,917,999.00,SUCCESS,2026-05-01 08:24:00,UPI
4593,917,917,999.00,SUCCESS,2026-06-03 10:59:00,CARD
4594,917,917,999.00,SUCCESS,2026-07-21 14:19:00,WALLET
4595,917,917,999.00,SUCCESS,2026-08-08 14:26:00,UPI
4596,918,918,2499.00,SUCCESS,2026-02-13 12:50:00,WALLET
4597,918,918,2499.00,SUCCESS,2026-03-04 14:21:00,CARD
4598,918,918,2499.00,SUCCESS,2026-04-20 17:54:00,CARD
4599,918,918,2499.00,SUCCESS,2026-05-25 14:00:00,CARD
4600,918,918,2499.00,FAILED,2026-06-10 17:44:00,NET_BANKING
4601,918,918,2499.00,SUCCESS,2026-07-19 17:20:00,CARD
4602,918,918,2499.00,SUCCESS,2026-08-20 09:55:00,NET_BANKING
4603,919,919,999.00,SUCCESS,2026-01-14 08:36:00,UPI
4604,919,919,999.00,SUCCESS,2026-02-25 16:35:00,NET_BANKING
4605,919,919,999.00,SUCCESS,2026-03-08 11:17:00,UPI
4606,919,919,999.00,SUCCESS,2026-04-04 10:36:00,CARD
4607,919,919,999.00,SUCCESS,2026-05-18 18:25:00,NET_BANKING
4608,919,919,999.00,SUCCESS,2026-06-16 15:25:00,CARD
4609,919,919,999.00,SUCCESS,2026-07-23 11:58:00,CARD
4610,919,919,999.00,SUCCESS,2026-08-18 20:31:00,NET_BANKING
4611,920,920,999.00,SUCCESS,2026-02-18 17:31:00,UPI
4612,920,920,999.00,SUCCESS,2026-03-03 16:02:00,WALLET
4613,920,920,999.00,SUCCESS,2026-04-24 10:39:00,CARD
4614,920,920,999.00,FAILED,2026-05-16 13:06:00,NET_BANKING
4615,920,920,999.00,SUCCESS,2026-06-20 13:27:00,UPI
4616,920,920,999.00,SUCCESS,2026-07-15 09:45:00,NET_BANKING
4617,920,920,999.00,SUCCESS,2026-08-14 14:32:00,NET_BANKING
4618,921,921,2499.00,SUCCESS,2026-01-08 16:19:00,NET_BANKING
4619,921,921,2499.00,SUCCESS,2026-02-17 14:23:00,WALLET
4620,921,921,2499.00,SUCCESS,2026-03-16 19:17:00,UPI
4621,921,921,2499.00,SUCCESS,2026-04-02 18:54:00,NET_BANKING
4622,921,921,2499.00,SUCCESS,2026-05-11 09:28:00,CARD
4623,921,921,2499.00,SUCCESS,2026-06-04 19:49:00,WALLET
4624,921,921,2499.00,SUCCESS,2026-07-09 13:40:00,CARD
4625,921,921,2499.00,SUCCESS,2026-08-25 13:25:00,WALLET
4626,922,922,999.00,SUCCESS,2026-01-09 15:45:00,NET_BANKING
4627,922,922,999.00,SUCCESS,2026-02-13 11:25:00,NET_BANKING
4628,922,922,999.00,SUCCESS,2026-03-15 12:36:00,CARD
4629,922,922,999.00,SUCCESS,2026-04-02 09:28:00,CARD
4630,922,922,999.00,SUCCESS,2026-05-22 12:10:00,NET_BANKING
4631,922,922,999.00,SUCCESS,2026-06-10 09:42:00,UPI
4632,922,922,999.00,SUCCESS,2026-07-17 11:20:00,NET_BANKING
4633,922,922,999.00,SUCCESS,2026-08-06 17:57:00,NET_BANKING
4634,923,923,999.00,SUCCESS,2026-04-10 08:57:00,NET_BANKING
4635,923,923,999.00,SUCCESS,2026-05-24 20:22:00,WALLET
4636,923,923,999.00,SUCCESS,2026-06-08 14:01:00,WALLET
4637,923,923,999.00,SUCCESS,2026-07-15 10:31:00,WALLET
4638,923,923,999.00,SUCCESS,2026-08-13 10:01:00,UPI
4639,924,924,999.00,SUCCESS,2026-02-22 16:45:00,WALLET
4640,924,924,999.00,SUCCESS,2026-03-24 15:50:00,UPI
4641,924,924,999.00,SUCCESS,2026-04-06 11:18:00,NET_BANKING
4642,924,924,999.00,SUCCESS,2026-05-17 10:09:00,CARD
4643,924,924,999.00,SUCCESS,2026-06-10 19:35:00,CARD
4644,924,924,999.00,SUCCESS,2026-07-10 10:35:00,CARD
4645,924,924,999.00,SUCCESS,2026-08-14 09:39:00,WALLET
4646,926,926,2499.00,FAILED,2026-01-23 19:34:00,NET_BANKING
4647,926,926,2499.00,SUCCESS,2026-02-08 18:37:00,UPI
4648,926,926,2499.00,SUCCESS,2026-03-07 19:48:00,CARD
4649,926,926,2499.00,SUCCESS,2026-04-03 15:51:00,WALLET
4650,927,927,999.00,SUCCESS,2026-01-09 15:47:00,UPI
4651,927,927,999.00,SUCCESS,2026-02-16 10:29:00,WALLET
4652,927,927,999.00,SUCCESS,2026-03-10 10:44:00,CARD
4653,927,927,999.00,SUCCESS,2026-04-09 08:28:00,NET_BANKING
4654,927,927,999.00,SUCCESS,2026-05-07 19:52:00,CARD
4655,927,927,999.00,SUCCESS,2026-06-03 14:45:00,WALLET
4656,927,927,999.00,SUCCESS,2026-07-21 14:17:00,CARD
4657,927,927,999.00,SUCCESS,2026-08-22 11:25:00,NET_BANKING
4658,928,928,999.00,PENDING,2026-05-15 16:33:00,UPI
4659,928,928,999.00,FAILED,2026-06-16 20:19:00,NET_BANKING
4660,928,928,999.00,SUCCESS,2026-07-02 17:21:00,CARD
4661,928,928,999.00,SUCCESS,2026-08-21 13:37:00,WALLET
4662,931,931,2499.00,FAILED,2026-04-15 08:37:00,CARD
4663,931,931,2499.00,SUCCESS,2026-05-21 11:59:00,CARD
4664,931,931,2499.00,SUCCESS,2026-06-09 19:06:00,UPI
4665,931,931,2499.00,SUCCESS,2026-07-08 19:56:00,UPI
4666,931,931,2499.00,SUCCESS,2026-08-08 10:56:00,UPI
4667,932,932,999.00,SUCCESS,2026-04-02 20:57:00,CARD
4668,932,932,999.00,SUCCESS,2026-05-24 18:06:00,WALLET
4669,932,932,999.00,SUCCESS,2026-06-25 12:47:00,CARD
4670,932,932,999.00,SUCCESS,2026-07-22 16:05:00,UPI
4671,932,932,999.00,SUCCESS,2026-08-25 19:33:00,CARD
4672,933,933,2499.00,SUCCESS,2026-03-22 17:15:00,CARD
4673,933,933,2499.00,SUCCESS,2026-04-04 20:27:00,UPI
4674,933,933,2499.00,SUCCESS,2026-05-01 12:18:00,WALLET
4675,933,933,2499.00,SUCCESS,2026-06-16 14:36:00,WALLET
4676,933,933,2499.00,SUCCESS,2026-07-16 13:36:00,UPI
4677,933,933,2499.00,SUCCESS,2026-08-18 20:17:00,WALLET
4678,934,934,2499.00,SUCCESS,2026-02-17 15:40:00,CARD
4679,934,934,2499.00,SUCCESS,2026-03-09 14:29:00,WALLET
4680,934,934,2499.00,SUCCESS,2026-04-16 13:24:00,UPI
4681,934,934,2499.00,SUCCESS,2026-05-01 12:19:00,WALLET
4682,934,934,2499.00,SUCCESS,2026-06-13 14:17:00,UPI
4683,934,934,2499.00,SUCCESS,2026-07-18 20:55:00,WALLET
4684,934,934,2499.00,SUCCESS,2026-08-21 14:55:00,NET_BANKING
4685,935,935,2499.00,SUCCESS,2026-01-17 14:08:00,UPI
4686,935,935,2499.00,SUCCESS,2026-02-25 11:21:00,WALLET
4687,935,935,2499.00,SUCCESS,2026-03-21 19:30:00,NET_BANKING
4688,935,935,2499.00,SUCCESS,2026-04-16 18:01:00,UPI
4689,935,935,2499.00,SUCCESS,2026-05-11 10:40:00,CARD
4690,935,935,2499.00,SUCCESS,2026-06-03 19:09:00,WALLET
4691,935,935,2499.00,SUCCESS,2026-07-21 12:46:00,CARD
4692,935,935,2499.00,FAILED,2026-08-25 18:05:00,CARD
4693,936,936,9999.00,SUCCESS,2026-02-06 20:06:00,NET_BANKING
4694,936,936,9999.00,SUCCESS,2026-03-03 10:06:00,NET_BANKING
4695,936,936,9999.00,SUCCESS,2026-04-10 13:26:00,UPI
4696,936,936,9999.00,SUCCESS,2026-05-04 17:16:00,WALLET
4697,936,936,9999.00,SUCCESS,2026-06-22 10:31:00,WALLET
4698,936,936,9999.00,SUCCESS,2026-07-06 15:48:00,WALLET
4699,936,936,9999.00,SUCCESS,2026-08-17 19:31:00,NET_BANKING
4700,937,937,2499.00,SUCCESS,2026-01-04 11:12:00,UPI
4701,937,937,2499.00,SUCCESS,2026-02-04 19:28:00,CARD
4702,937,937,2499.00,SUCCESS,2026-03-04 09:10:00,UPI
4703,937,937,2499.00,SUCCESS,2026-04-15 16:11:00,WALLET
4704,937,937,2499.00,SUCCESS,2026-05-19 08:53:00,WALLET
4705,937,937,2499.00,SUCCESS,2026-06-22 15:18:00,WALLET
4706,937,937,2499.00,SUCCESS,2026-07-08 08:37:00,NET_BANKING
4707,937,937,2499.00,SUCCESS,2026-08-21 17:34:00,CARD
4708,938,938,999.00,SUCCESS,2026-08-03 18:37:00,WALLET
4709,939,939,2499.00,SUCCESS,2026-01-12 20:10:00,UPI
4710,939,939,2499.00,SUCCESS,2026-02-10 17:34:00,CARD
4711,939,939,2499.00,SUCCESS,2026-03-20 16:59:00,UPI
4712,939,939,2499.00,SUCCESS,2026-04-23 10:37:00,CARD
4713,939,939,2499.00,SUCCESS,2026-05-25 18:18:00,CARD
4714,939,939,2499.00,SUCCESS,2026-06-15 08:57:00,UPI
4715,939,939,2499.00,SUCCESS,2026-07-04 19:09:00,CARD
4716,939,939,2499.00,SUCCESS,2026-08-16 19:16:00,CARD
4717,940,940,2499.00,SUCCESS,2026-05-14 10:53:00,CARD
4718,940,940,2499.00,SUCCESS,2026-06-01 16:06:00,WALLET
4719,940,940,2499.00,SUCCESS,2026-07-18 10:32:00,WALLET
4720,940,940,2499.00,SUCCESS,2026-08-16 16:11:00,UPI
4721,942,942,999.00,SUCCESS,2026-01-06 14:10:00,UPI
4722,942,942,999.00,SUCCESS,2026-02-01 19:28:00,UPI
4723,942,942,999.00,SUCCESS,2026-03-14 20:32:00,UPI
4724,942,942,999.00,SUCCESS,2026-04-01 14:27:00,CARD
4725,942,942,999.00,SUCCESS,2026-05-19 16:09:00,NET_BANKING
4726,942,942,999.00,SUCCESS,2026-06-09 11:16:00,NET_BANKING
4727,942,942,999.00,SUCCESS,2026-07-14 11:23:00,UPI
4728,942,942,999.00,SUCCESS,2026-08-02 14:44:00,NET_BANKING
4729,943,943,2499.00,SUCCESS,2026-06-19 13:12:00,NET_BANKING
4730,943,943,2499.00,FAILED,2026-07-21 20:43:00,CARD
4731,943,943,2499.00,SUCCESS,2026-08-20 10:45:00,WALLET
4732,944,944,999.00,SUCCESS,2026-07-03 17:51:00,CARD
4733,944,944,999.00,FAILED,2026-08-07 16:02:00,NET_BANKING
4734,945,945,9999.00,SUCCESS,2026-07-15 18:18:00,UPI
4735,946,946,999.00,FAILED,2026-01-17 16:53:00,WALLET
4736,946,946,999.00,SUCCESS,2026-02-19 19:47:00,WALLET
4737,946,946,999.00,SUCCESS,2026-03-09 12:01:00,CARD
4738,946,946,999.00,SUCCESS,2026-04-21 14:43:00,CARD
4739,946,946,999.00,SUCCESS,2026-05-03 10:44:00,WALLET
4740,946,946,999.00,SUCCESS,2026-06-16 10:58:00,CARD
4741,946,946,999.00,SUCCESS,2026-07-18 09:21:00,UPI
4742,946,946,999.00,SUCCESS,2026-08-02 12:19:00,NET_BANKING
4743,947,947,999.00,SUCCESS,2026-05-11 19:18:00,UPI
4744,947,947,999.00,SUCCESS,2026-06-05 19:06:00,WALLET
4745,947,947,999.00,SUCCESS,2026-07-19 13:34:00,CARD
4746,947,947,999.00,SUCCESS,2026-08-25 13:11:00,UPI
4747,948,948,999.00,SUCCESS,2026-05-17 15:05:00,NET_BANKING
4748,948,948,999.00,SUCCESS,2026-06-20 14:39:00,NET_BANKING
4749,948,948,999.00,SUCCESS,2026-07-19 15:34:00,CARD
4750,948,948,999.00,SUCCESS,2026-08-02 16:07:00,CARD
4751,949,949,999.00,SUCCESS,2026-04-16 12:29:00,CARD
4752,949,949,999.00,SUCCESS,2026-05-07 12:06:00,UPI
4753,949,949,999.00,SUCCESS,2026-06-06 16:35:00,WALLET
4754,949,949,999.00,SUCCESS,2026-07-04 15:31:00,WALLET
4755,949,949,999.00,SUCCESS,2026-08-11 15:56:00,CARD
4756,950,950,2499.00,SUCCESS,2026-01-25 14:27:00,NET_BANKING
4757,950,950,2499.00,SUCCESS,2026-02-16 14:48:00,NET_BANKING
4758,950,950,2499.00,SUCCESS,2026-03-05 08:42:00,WALLET
4759,950,950,2499.00,SUCCESS,2026-04-12 18:46:00,NET_BANKING
4760,950,950,2499.00,SUCCESS,2026-05-13 12:23:00,CARD
4761,950,950,2499.00,SUCCESS,2026-06-02 11:46:00,UPI
4762,950,950,2499.00,SUCCESS,2026-07-08 14:29:00,UPI
4763,950,950,2499.00,SUCCESS,2026-08-02 18:19:00,CARD
4764,951,951,999.00,SUCCESS,2026-01-24 10:29:00,NET_BANKING
4765,951,951,999.00,SUCCESS,2026-02-06 08:54:00,WALLET
4766,951,951,999.00,SUCCESS,2026-03-22 10:17:00,CARD
4767,951,951,999.00,SUCCESS,2026-04-17 15:14:00,NET_BANKING
4768,951,951,999.00,SUCCESS,2026-05-25 11:47:00,CARD
4769,951,951,999.00,SUCCESS,2026-06-19 16:34:00,UPI
4770,951,951,999.00,SUCCESS,2026-07-10 10:30:00,UPI
4771,951,951,999.00,SUCCESS,2026-08-02 08:25:00,NET_BANKING
4772,953,953,2499.00,SUCCESS,2026-01-06 20:52:00,WALLET
4773,953,953,2499.00,SUCCESS,2026-02-09 16:53:00,NET_BANKING
4774,953,953,2499.00,SUCCESS,2026-03-07 08:31:00,WALLET
4775,953,953,2499.00,SUCCESS,2026-04-24 09:15:00,CARD
4776,953,953,2499.00,SUCCESS,2026-05-04 09:10:00,UPI
4777,953,953,2499.00,SUCCESS,2026-06-16 17:58:00,CARD
4778,953,953,2499.00,SUCCESS,2026-07-05 16:49:00,UPI
4779,954,954,999.00,SUCCESS,2026-01-18 20:10:00,UPI
4780,954,954,999.00,SUCCESS,2026-02-20 10:32:00,WALLET
4781,954,954,999.00,SUCCESS,2026-03-06 18:09:00,NET_BANKING
4782,954,954,999.00,SUCCESS,2026-04-02 17:17:00,NET_BANKING
4783,954,954,999.00,SUCCESS,2026-05-10 20:46:00,WALLET
4784,954,954,999.00,SUCCESS,2026-06-05 16:16:00,NET_BANKING
4785,954,954,999.00,FAILED,2026-07-22 20:52:00,NET_BANKING
4786,954,954,999.00,FAILED,2026-08-17 16:44:00,UPI
4787,955,955,999.00,SUCCESS,2026-05-19 10:22:00,CARD
4788,955,955,999.00,SUCCESS,2026-06-14 17:36:00,WALLET
4789,955,955,999.00,SUCCESS,2026-07-23 12:19:00,WALLET
4790,955,955,999.00,SUCCESS,2026-08-06 13:07:00,UPI
4791,956,956,999.00,SUCCESS,2026-04-05 14:30:00,UPI
4792,956,956,999.00,SUCCESS,2026-05-01 14:42:00,NET_BANKING
4793,956,956,999.00,SUCCESS,2026-06-02 17:09:00,CARD
4794,956,956,999.00,SUCCESS,2026-07-08 11:18:00,CARD
4795,956,956,999.00,SUCCESS,2026-08-20 19:22:00,NET_BANKING
4796,957,957,999.00,SUCCESS,2026-04-23 20:27:00,WALLET
4797,957,957,999.00,SUCCESS,2026-05-18 12:50:00,UPI
4798,957,957,999.00,SUCCESS,2026-06-22 13:45:00,UPI
4799,957,957,999.00,SUCCESS,2026-07-01 13:25:00,NET_BANKING
4800,957,957,999.00,SUCCESS,2026-08-19 14:05:00,CARD
4801,958,958,999.00,SUCCESS,2026-04-11 09:06:00,NET_BANKING
4802,958,958,999.00,SUCCESS,2026-05-05 11:15:00,WALLET
4803,958,958,999.00,SUCCESS,2026-06-03 12:54:00,UPI
4804,958,958,999.00,SUCCESS,2026-07-02 12:39:00,WALLET
4805,958,958,999.00,SUCCESS,2026-08-07 16:25:00,WALLET
4806,959,959,999.00,SUCCESS,2026-01-17 10:58:00,UPI
4807,959,959,999.00,SUCCESS,2026-02-19 14:00:00,WALLET
4808,959,959,999.00,SUCCESS,2026-03-16 14:57:00,CARD
4809,959,959,999.00,SUCCESS,2026-04-16 14:36:00,UPI
4810,959,959,999.00,FAILED,2026-05-24 14:03:00,WALLET
4811,959,959,999.00,SUCCESS,2026-06-03 08:06:00,CARD
4812,959,959,999.00,SUCCESS,2026-07-24 14:02:00,NET_BANKING
4813,959,959,999.00,SUCCESS,2026-08-25 18:31:00,NET_BANKING
4814,960,960,999.00,FAILED,2026-03-21 09:25:00,CARD
4815,960,960,999.00,SUCCESS,2026-04-23 18:53:00,WALLET
4816,960,960,999.00,SUCCESS,2026-05-25 19:06:00,WALLET
4817,960,960,999.00,SUCCESS,2026-06-22 14:50:00,WALLET
4818,960,960,999.00,SUCCESS,2026-07-23 15:14:00,UPI
4819,960,960,999.00,SUCCESS,2026-08-25 12:10:00,CARD
4820,961,961,999.00,PENDING,2026-04-22 19:59:00,UPI
4821,961,961,999.00,SUCCESS,2026-05-03 19:47:00,NET_BANKING
4822,961,961,999.00,SUCCESS,2026-06-04 09:30:00,WALLET
4823,961,961,999.00,SUCCESS,2026-07-10 16:14:00,WALLET
4824,961,961,999.00,SUCCESS,2026-08-08 19:51:00,WALLET
4825,962,962,999.00,FAILED,2026-03-21 12:58:00,WALLET
4826,962,962,999.00,FAILED,2026-04-21 12:36:00,NET_BANKING
4827,962,962,999.00,SUCCESS,2026-05-15 20:42:00,CARD
4828,962,962,999.00,SUCCESS,2026-06-03 19:47:00,CARD
4829,962,962,999.00,SUCCESS,2026-07-09 08:54:00,UPI
4830,962,962,999.00,SUCCESS,2026-08-22 18:47:00,WALLET
4831,963,963,999.00,SUCCESS,2026-01-25 13:14:00,UPI
4832,963,963,999.00,SUCCESS,2026-02-05 11:31:00,NET_BANKING
4833,963,963,999.00,SUCCESS,2026-03-16 08:41:00,UPI
4834,963,963,999.00,SUCCESS,2026-04-24 19:19:00,UPI
4835,963,963,999.00,SUCCESS,2026-05-10 10:16:00,CARD
4836,963,963,999.00,SUCCESS,2026-06-10 19:19:00,NET_BANKING
4837,963,963,999.00,SUCCESS,2026-07-22 13:41:00,UPI
4838,963,963,999.00,SUCCESS,2026-08-05 14:36:00,WALLET
4839,964,964,999.00,SUCCESS,2026-04-08 09:01:00,CARD
4840,964,964,999.00,SUCCESS,2026-05-13 18:24:00,UPI
4841,964,964,999.00,SUCCESS,2026-06-12 12:32:00,WALLET
4842,964,964,999.00,SUCCESS,2026-07-17 16:25:00,WALLET
4843,964,964,999.00,SUCCESS,2026-08-11 12:41:00,UPI
4844,965,965,9999.00,SUCCESS,2026-01-07 13:07:00,WALLET
4845,965,965,9999.00,SUCCESS,2026-02-04 15:09:00,NET_BANKING
4846,965,965,9999.00,SUCCESS,2026-03-02 11:56:00,CARD
4847,966,966,2499.00,SUCCESS,2026-01-01 09:57:00,UPI
4848,966,966,2499.00,SUCCESS,2026-02-03 09:24:00,CARD
4849,966,966,2499.00,SUCCESS,2026-03-01 11:26:00,CARD
4850,966,966,2499.00,SUCCESS,2026-04-09 18:20:00,CARD
4851,966,966,2499.00,SUCCESS,2026-05-23 16:32:00,CARD
4852,966,966,2499.00,SUCCESS,2026-06-17 11:45:00,CARD
4853,966,966,2499.00,SUCCESS,2026-07-19 13:15:00,CARD
4854,966,966,2499.00,FAILED,2026-08-25 20:59:00,UPI
4855,968,968,2499.00,SUCCESS,2026-03-14 20:47:00,WALLET
4856,968,968,2499.00,SUCCESS,2026-04-21 20:04:00,NET_BANKING
4857,968,968,2499.00,SUCCESS,2026-05-22 12:30:00,CARD
4858,968,968,2499.00,SUCCESS,2026-06-14 09:22:00,UPI
4859,968,968,2499.00,SUCCESS,2026-07-25 14:52:00,UPI
4860,968,968,2499.00,SUCCESS,2026-08-06 19:36:00,UPI
4861,969,969,999.00,SUCCESS,2026-01-11 11:50:00,UPI
4862,969,969,999.00,SUCCESS,2026-02-05 09:58:00,UPI
4863,969,969,999.00,SUCCESS,2026-03-19 16:40:00,NET_BANKING
4864,969,969,999.00,SUCCESS,2026-04-15 12:12:00,CARD
4865,969,969,999.00,SUCCESS,2026-05-19 14:42:00,UPI
4866,969,969,999.00,SUCCESS,2026-06-25 09:27:00,CARD
4867,969,969,999.00,SUCCESS,2026-07-08 10:36:00,WALLET
4868,969,969,999.00,SUCCESS,2026-08-11 13:15:00,NET_BANKING
4869,970,970,999.00,SUCCESS,2026-06-19 17:51:00,WALLET
4870,970,970,999.00,SUCCESS,2026-07-25 09:33:00,NET_BANKING
4871,970,970,999.00,SUCCESS,2026-08-19 17:51:00,CARD
4872,971,971,2499.00,SUCCESS,2026-05-16 12:55:00,WALLET
4873,971,971,2499.00,SUCCESS,2026-06-16 09:44:00,UPI
4874,971,971,2499.00,SUCCESS,2026-07-22 18:16:00,CARD
4875,971,971,2499.00,SUCCESS,2026-08-23 08:48:00,UPI
4876,973,973,2499.00,SUCCESS,2026-03-23 17:18:00,WALLET
4877,973,973,2499.00,SUCCESS,2026-04-16 15:30:00,NET_BANKING
4878,973,973,2499.00,FAILED,2026-05-13 14:01:00,NET_BANKING
4879,973,973,2499.00,SUCCESS,2026-06-09 09:54:00,CARD
4880,973,973,2499.00,SUCCESS,2026-07-21 18:47:00,UPI
4881,973,973,2499.00,SUCCESS,2026-08-07 11:34:00,NET_BANKING
4882,974,974,999.00,SUCCESS,2026-01-08 08:03:00,CARD
4883,974,974,999.00,SUCCESS,2026-02-08 19:26:00,CARD
4884,974,974,999.00,SUCCESS,2026-03-20 11:29:00,UPI
4885,974,974,999.00,FAILED,2026-04-17 12:38:00,WALLET
4886,974,974,999.00,SUCCESS,2026-05-23 16:06:00,WALLET
4887,974,974,999.00,SUCCESS,2026-06-05 12:43:00,CARD
4888,974,974,999.00,SUCCESS,2026-07-14 12:26:00,UPI
4889,974,974,999.00,SUCCESS,2026-08-05 20:56:00,WALLET
4890,975,975,999.00,SUCCESS,2026-07-14 08:39:00,WALLET
4891,976,976,999.00,SUCCESS,2026-07-03 09:31:00,WALLET
4892,976,976,999.00,SUCCESS,2026-08-14 14:55:00,NET_BANKING
4893,977,977,999.00,SUCCESS,2026-07-11 15:46:00,NET_BANKING
4894,977,977,999.00,SUCCESS,2026-08-12 08:51:00,NET_BANKING
4895,979,979,999.00,SUCCESS,2026-01-10 08:51:00,NET_BANKING
4896,979,979,999.00,SUCCESS,2026-02-14 09:53:00,UPI
4897,979,979,999.00,SUCCESS,2026-03-17 20:53:00,WALLET
4898,979,979,999.00,SUCCESS,2026-04-09 10:37:00,WALLET
4899,979,979,999.00,SUCCESS,2026-05-24 11:26:00,UPI
4900,979,979,999.00,SUCCESS,2026-06-21 15:01:00,UPI
4901,979,979,999.00,SUCCESS,2026-07-13 17:21:00,WALLET
4902,979,979,999.00,FAILED,2026-08-01 12:09:00,UPI
4903,980,980,999.00,SUCCESS,2026-05-01 12:24:00,UPI
4904,980,980,999.00,SUCCESS,2026-06-20 17:58:00,NET_BANKING
4905,980,980,999.00,SUCCESS,2026-07-22 08:47:00,UPI
4906,980,980,999.00,SUCCESS,2026-08-07 15:17:00,NET_BANKING
4907,981,981,2499.00,SUCCESS,2026-08-04 15:12:00,WALLET
4908,982,982,999.00,SUCCESS,2026-01-03 17:07:00,WALLET
4909,982,982,999.00,SUCCESS,2026-02-20 14:07:00,CARD
4910,982,982,999.00,SUCCESS,2026-03-24 16:02:00,WALLET
4911,982,982,999.00,SUCCESS,2026-04-25 11:35:00,NET_BANKING
4912,982,982,999.00,SUCCESS,2026-05-01 19:19:00,NET_BANKING
4913,982,982,999.00,SUCCESS,2026-06-08 18:20:00,WALLET
4914,982,982,999.00,SUCCESS,2026-07-01 16:53:00,CARD
4915,982,982,999.00,SUCCESS,2026-08-24 11:07:00,WALLET
4916,983,983,2499.00,SUCCESS,2026-06-21 12:49:00,NET_BANKING
4917,983,983,2499.00,SUCCESS,2026-07-23 18:01:00,NET_BANKING
4918,984,984,2499.00,SUCCESS,2026-01-05 14:28:00,UPI
4919,984,984,2499.00,SUCCESS,2026-02-21 20:33:00,NET_BANKING
4920,984,984,2499.00,SUCCESS,2026-03-13 16:53:00,NET_BANKING
4921,984,984,2499.00,SUCCESS,2026-04-21 16:53:00,CARD
4922,984,984,2499.00,SUCCESS,2026-05-11 13:16:00,CARD
4923,984,984,2499.00,SUCCESS,2026-06-12 14:18:00,WALLET
4924,984,984,2499.00,SUCCESS,2026-07-21 12:36:00,WALLET
4925,984,984,2499.00,SUCCESS,2026-08-11 16:34:00,NET_BANKING
4926,985,985,2499.00,SUCCESS,2026-03-20 08:05:00,UPI
4927,985,985,2499.00,SUCCESS,2026-04-19 09:41:00,UPI
4928,985,985,2499.00,SUCCESS,2026-05-05 16:43:00,UPI
4929,985,985,2499.00,SUCCESS,2026-06-19 08:53:00,UPI
4930,985,985,2499.00,FAILED,2026-07-22 12:01:00,NET_BANKING
4931,985,985,2499.00,SUCCESS,2026-08-08 18:50:00,UPI
4932,986,986,2499.00,SUCCESS,2026-05-05 08:16:00,WALLET
4933,986,986,2499.00,SUCCESS,2026-06-23 11:23:00,WALLET
4934,986,986,2499.00,SUCCESS,2026-07-03 19:37:00,WALLET
4935,987,987,999.00,SUCCESS,2026-01-19 19:58:00,WALLET
4936,987,987,999.00,SUCCESS,2026-02-19 19:10:00,WALLET
4937,987,987,999.00,SUCCESS,2026-03-21 11:52:00,NET_BANKING
4938,987,987,999.00,SUCCESS,2026-04-22 20:07:00,UPI
4939,987,987,999.00,SUCCESS,2026-05-22 09:01:00,WALLET
4940,987,987,999.00,SUCCESS,2026-06-23 17:45:00,NET_BANKING
4941,987,987,999.00,SUCCESS,2026-07-16 13:28:00,WALLET
4942,987,987,999.00,PENDING,2026-08-22 13:49:00,UPI
4943,988,988,999.00,SUCCESS,2026-06-17 14:55:00,NET_BANKING
4944,988,988,999.00,SUCCESS,2026-07-02 13:33:00,UPI
4945,988,988,999.00,SUCCESS,2026-08-11 11:35:00,WALLET
4946,989,989,9999.00,SUCCESS,2026-01-04 12:53:00,CARD
4947,989,989,9999.00,SUCCESS,2026-02-18 13:11:00,UPI
4948,989,989,9999.00,SUCCESS,2026-03-23 19:08:00,CARD
4949,989,989,9999.00,SUCCESS,2026-04-21 18:50:00,UPI
4950,989,989,9999.00,SUCCESS,2026-05-12 11:00:00,WALLET
4951,989,989,9999.00,SUCCESS,2026-06-16 12:20:00,UPI
4952,989,989,9999.00,SUCCESS,2026-07-25 14:19:00,CARD
4953,989,989,9999.00,SUCCESS,2026-08-05 11:07:00,CARD
4954,990,990,2499.00,SUCCESS,2026-01-14 08:33:00,CARD
4955,990,990,2499.00,SUCCESS,2026-02-04 16:46:00,WALLET
4956,990,990,2499.00,SUCCESS,2026-03-23 18:27:00,UPI
4957,990,990,2499.00,SUCCESS,2026-04-04 15:05:00,NET_BANKING
4958,990,990,2499.00,SUCCESS,2026-05-15 18:25:00,CARD
4959,990,990,2499.00,SUCCESS,2026-06-04 16:38:00,UPI
4960,990,990,2499.00,SUCCESS,2026-07-15 19:12:00,WALLET
4961,990,990,2499.00,SUCCESS,2026-08-13 20:42:00,CARD
4962,991,991,2499.00,SUCCESS,2026-07-17 19:53:00,NET_BANKING
4963,992,992,2499.00,SUCCESS,2026-01-05 18:36:00,WALLET
4964,992,992,2499.00,SUCCESS,2026-02-17 19:24:00,CARD
4965,992,992,2499.00,SUCCESS,2026-03-21 19:49:00,WALLET
4966,992,992,2499.00,SUCCESS,2026-04-18 10:48:00,CARD
4967,992,992,2499.00,SUCCESS,2026-05-19 11:02:00,WALLET
4968,992,992,2499.00,SUCCESS,2026-06-13 16:22:00,UPI
4969,992,992,2499.00,SUCCESS,2026-07-02 13:09:00,UPI
4970,992,992,2499.00,SUCCESS,2026-08-09 12:04:00,CARD
4971,993,993,9999.00,FAILED,2026-01-21 13:30:00,CARD
4972,993,993,9999.00,SUCCESS,2026-02-11 09:47:00,CARD
4973,993,993,9999.00,SUCCESS,2026-03-11 19:45:00,WALLET
4974,993,993,9999.00,SUCCESS,2026-04-15 12:42:00,UPI
4975,993,993,9999.00,SUCCESS,2026-05-01 14:33:00,UPI
4976,993,993,9999.00,SUCCESS,2026-06-09 20:02:00,CARD
4977,993,993,9999.00,SUCCESS,2026-07-19 19:36:00,UPI
4978,993,993,9999.00,FAILED,2026-08-25 19:14:00,UPI
4979,994,994,2499.00,SUCCESS,2026-06-11 16:42:00,NET_BANKING
4980,995,995,2499.00,SUCCESS,2026-05-16 18:03:00,NET_BANKING
4981,995,995,2499.00,SUCCESS,2026-06-19 16:27:00,NET_BANKING
4982,995,995,2499.00,SUCCESS,2026-07-17 14:28:00,WALLET
4983,995,995,2499.00,FAILED,2026-08-04 15:46:00,CARD
4984,996,996,999.00,SUCCESS,2026-08-04 09:24:00,CARD
4985,997,997,2499.00,SUCCESS,2026-01-06 17:53:00,UPI
4986,997,997,2499.00,SUCCESS,2026-02-23 11:09:00,WALLET
4987,997,997,2499.00,SUCCESS,2026-03-14 11:27:00,WALLET
4988,997,997,2499.00,SUCCESS,2026-04-12 15:03:00,NET_BANKING
4989,997,997,2499.00,SUCCESS,2026-05-22 13:53:00,NET_BANKING
4990,997,997,2499.00,SUCCESS,2026-06-03 09:55:00,NET_BANKING
4991,997,997,2499.00,SUCCESS,2026-07-10 15:19:00,NET_BANKING
4992,997,997,2499.00,PENDING,2026-08-13 15:58:00,CARD
4993,998,998,2499.00,SUCCESS,2026-01-25 14:41:00,WALLET
4994,998,998,2499.00,SUCCESS,2026-02-12 15:33:00,CARD
4995,998,998,2499.00,SUCCESS,2026-03-02 14:44:00,NET_BANKING
4996,998,998,2499.00,SUCCESS,2026-04-15 11:54:00,WALLET
4997,998,998,2499.00,SUCCESS,2026-05-17 09:45:00,CARD
4998,998,998,2499.00,SUCCESS,2026-06-19 20:28:00,UPI
4999,998,998,2499.00,SUCCESS,2026-07-24 16:24:00,NET_BANKING
5000,998,998,2499.00,SUCCESS,2026-08-24 15:04:00,UPI
5001,999,999,999.00,SUCCESS,2026-05-21 10:05:00,CARD
5002,999,999,999.00,SUCCESS,2026-06-03 19:58:00,UPI
5003,999,999,999.00,SUCCESS,2026-07-01 17:23:00,WALLET
5004,999,999,999.00,SUCCESS,2026-08-15 16:53:00,UPI
5005,1000,1000,2499.00,SUCCESS,2026-08-25 17:07:00,UPI
